# Blender 5.2.0 LTS
# www.blender.org
mtllib livingroom.mtl
o group10026296
v -0.840000 0.184999 -1.555000
v -0.840000 0.244999 -1.555000
v -0.840000 0.244999 -1.565000
v -0.840000 0.184999 -1.565000
v -0.860000 0.184999 -1.555000
v -0.860000 0.184999 -1.565000
v -0.860000 0.244999 -1.565000
v -0.860000 0.244999 -1.555000
vn 1.0000 -0.0000 -0.0000
vn -1.0000 -0.0000 -0.0000
vn -0.0000 -0.0000 1.0000
vn -0.0000 -0.0000 -1.0000
vn -0.0000 -1.0000 -0.0000
vn -0.0000 1.0000 -0.0000
vt -0.185648 0.012787
vt -0.182160 0.017670
vt -0.181346 0.017088
vt -0.184834 0.012206
vt 0.181346 0.017089
vt 0.182160 0.017670
vt 0.185648 0.012787
vt 0.184834 0.012206
vt -0.085865 -0.032870
vt -0.084971 -0.034659
vt -0.090337 -0.037342
vt -0.091232 -0.035553
vt 0.090337 -0.037342
vt 0.084971 -0.034659
vt 0.085865 -0.032870
vt 0.091232 -0.035553
vt -0.145970 0.059565
vt -0.146912 0.059902
vt -0.146239 0.061785
vt -0.145297 0.061449
vt 0.146239 0.061785
vt 0.146911 0.059902
vt 0.145970 0.059565
vt 0.145297 0.061449
s 1
usemtl mat20
f 4/1/1 3/2/1 2/3/1 1/4/1
f 8/5/2 7/6/2 6/7/2 5/8/2
f 2/9/3 8/10/3 5/11/3 1/12/3
f 6/13/4 7/14/4 3/15/4 4/16/4
f 5/17/5 6/18/5 4/19/5 1/20/5
f 3/21/6 7/22/6 8/23/6 2/24/6
o group1075457678
v -0.645000 0.119999 0.410000
v -0.695000 0.119999 0.410000
v -0.695000 0.379999 0.410000
v -0.645000 0.379999 0.410000
v -0.645000 0.119999 0.360000
v -0.645000 0.379999 0.360000
v -0.695000 0.379999 0.360000
v -0.695000 0.119999 0.360000
v -0.645000 0.119999 -0.339998
v -0.695000 0.119999 -0.339998
v -0.695000 0.379999 -0.339998
v -0.645000 0.379999 -0.339999
v -0.645001 0.119999 -0.389998
v -0.645001 0.379999 -0.389998
v -0.695001 0.379999 -0.389998
v -0.695001 0.119999 -0.389998
v -0.985000 0.119999 0.410000
v -1.035000 0.119999 0.410000
v -1.035000 0.379999 0.410000
v -0.985000 0.379999 0.410000
v -0.985000 0.119999 0.360000
v -0.985000 0.379999 0.360000
v -1.035000 0.379999 0.360000
v -1.035000 0.119999 0.360000
v -0.985000 0.119999 -0.340000
v -1.035000 0.119999 -0.340000
v -1.035000 0.379999 -0.340001
v -0.985000 0.379999 -0.340001
v -0.985001 0.119999 -0.390000
v -0.985001 0.379999 -0.390000
v -1.035001 0.379999 -0.390000
v -1.035001 0.119999 -0.390000
v -0.685000 0.409999 0.390000
v -0.685000 0.499999 0.390000
v -0.625000 0.499999 0.390000
v -0.625000 0.409999 0.390000
v -0.685000 0.409999 0.040000
v -0.625000 0.409999 0.040000
v -0.625000 0.499999 0.040000
v -0.685000 0.499999 0.040000
v -0.645000 0.290001 0.410000
v -1.035000 0.290001 0.410001
v -1.035000 0.520001 0.410000
v -0.645000 0.520001 0.410000
v -0.645001 0.289999 -0.390001
v -0.645001 0.519999 -0.390001
v -1.035001 0.519999 -0.390000
v -1.035001 0.289999 -0.390000
v -0.615000 0.479999 0.260000
v -0.635000 0.479999 0.260000
v -0.635000 0.499999 0.260000
v -0.615000 0.499999 0.260000
v -0.615000 0.479999 0.170000
v -0.615000 0.499999 0.170000
v -0.635000 0.499999 0.170000
v -0.635000 0.479999 0.170000
v -0.685000 0.319999 -0.000000
v -0.685000 0.499999 -0.000000
v -0.625000 0.499999 -0.000000
v -0.625000 0.319999 -0.000000
v -0.685000 0.319999 -0.350000
v -0.625000 0.319999 -0.350000
v -0.625000 0.499999 -0.350000
v -0.685000 0.499999 -0.350000
v -0.615000 0.479999 -0.130000
v -0.635000 0.479999 -0.130000
v -0.635000 0.499999 -0.130000
v -0.615000 0.499999 -0.130000
v -0.615000 0.479999 -0.220000
v -0.615000 0.499999 -0.220000
v -0.635000 0.499999 -0.220000
v -0.635000 0.479999 -0.220000
vn -0.0000 -0.0000 1.0000
vn -0.0000 -0.0000 -1.0000
vn -0.0000 -1.0000 -0.0000
vn -0.0000 1.0000 -0.0000
vn 1.0000 -0.0000 -0.0000
vn -1.0000 -0.0000 -0.0000
vt -0.082511 -0.009391
vt -0.080275 -0.013864
vt -0.103530 -0.025491
vt -0.105766 -0.021019
vt 0.103530 -0.025491
vt 0.080275 -0.013864
vt 0.082511 -0.009391
vt 0.105766 -0.021019
vt 0.044632 0.009014
vt 0.039923 0.010696
vt 0.041605 0.015404
vt 0.046314 0.013723
vt -0.041605 0.015404
vt -0.039923 0.010695
vt -0.044632 0.009014
vt -0.046313 0.013722
vt -0.032782 -0.104390
vt -0.017670 -0.083233
vt -0.013601 -0.086139
vt -0.028713 -0.107297
vt 0.013601 -0.086140
vt 0.017670 -0.083233
vt 0.032782 -0.104390
vt 0.028713 -0.107297
vt -0.025999 0.034239
vt -0.030707 0.035921
vt -0.029026 0.040629
vt -0.024317 0.038948
vt 0.029026 0.040629
vt 0.030707 0.035921
vt 0.025999 0.034239
vt 0.024317 0.038948
vt -0.093810 -0.060800
vt -0.078698 -0.039643
vt -0.074630 -0.042549
vt -0.089741 -0.063706
vt 0.074630 -0.042549
vt 0.078698 -0.039643
vt 0.093810 -0.060800
vt 0.089741 -0.063706
vt -0.067306 -0.039802
vt -0.065070 -0.044274
vt -0.088325 -0.055902
vt -0.090561 -0.051430
vt 0.088325 -0.055902
vt 0.065070 -0.044274
vt 0.067306 -0.039802
vt 0.090561 -0.051430
vt 0.033196 -0.023005
vt 0.028488 -0.021324
vt 0.030169 -0.016615
vt 0.034878 -0.018297
vt -0.030169 -0.016615
vt -0.028488 -0.021324
vt -0.033196 -0.023006
vt -0.034878 -0.018297
vt 0.013601 -0.086139
vt 0.028713 -0.107296
vt -0.037434 0.002220
vt -0.042143 0.003901
vt -0.040461 0.008610
vt -0.035753 0.006929
vt 0.040461 0.008610
vt 0.042143 0.003901
vt 0.037434 0.002220
vt 0.035753 0.006928
vt -0.093811 -0.060800
vt -0.078699 -0.039642
vt -0.074630 -0.042548
vt -0.089742 -0.063706
vt 0.074630 -0.042548
vt 0.078699 -0.039642
vt 0.093811 -0.060799
vt 0.089742 -0.063706
vt -0.069989 -0.003130
vt -0.052548 -0.038013
vt -0.073119 -0.048299
vt -0.090561 -0.013416
vt 0.073119 -0.048299
vt 0.052548 -0.038013
vt 0.069989 -0.003130
vt 0.090561 -0.013416
vt 0.046313 0.013723
vt -0.033196 -0.023005
vt -0.046313 0.013723
vt -0.083931 -0.046964
vt -0.070562 -0.028248
vt -0.005463 -0.074747
vt -0.018832 -0.093463
vt 0.005463 -0.074747
vt 0.070562 -0.028248
vt 0.083931 -0.046964
vt 0.018832 -0.093463
vt -0.080722 -0.006261
vt -0.072672 -0.002236
vt -0.069989 -0.007603
vt -0.078039 -0.011628
vt 0.069989 -0.007603
vt 0.072672 -0.002236
vt 0.080722 -0.006261
vt 0.078039 -0.011628
vt 0.008254 -0.075212
vt 0.036734 -0.054869
vt 0.041965 -0.062192
vt 0.013485 -0.082536
vt -0.041965 -0.062192
vt -0.036734 -0.054869
vt -0.008254 -0.075212
vt -0.013485 -0.082536
vt 0.010124 0.022400
vt 0.012142 0.028051
vt 0.045103 0.016279
vt 0.043085 0.010628
vt -0.045103 0.016279
vt -0.012142 0.028050
vt -0.010124 0.022400
vt -0.043085 0.010628
vt -0.088772 -0.010286
vt -0.086089 -0.015652
vt 0.088772 -0.010286
vt 0.086089 -0.015652
vt 0.039989 -0.052544
vt 0.068470 -0.032201
vt 0.078932 -0.046848
vt 0.050452 -0.067191
vt -0.078932 -0.046848
vt -0.068470 -0.032201
vt -0.039989 -0.052544
vt -0.050452 -0.067191
vt -0.026604 0.035517
vt -0.024586 0.041168
vt 0.008375 0.029396
vt 0.006357 0.023745
vt -0.008375 0.029396
vt 0.024586 0.041168
vt 0.026604 0.035517
vt -0.006357 0.023745
vt -0.073119 -0.001342
vt -0.072225 -0.003130
vt -0.074014 -0.004025
vt -0.074908 -0.002236
vt 0.074014 -0.004025
vt 0.072225 -0.003130
vt 0.073119 -0.001342
vt 0.074908 -0.002236
vt 0.032524 0.019709
vt 0.024048 0.022736
vt 0.024721 0.024620
vt 0.033196 0.021593
vt -0.024721 0.024620
vt -0.024048 0.022736
vt -0.032524 0.019709
vt -0.033196 0.021593
vt -0.027318 -0.064052
vt -0.026156 -0.062425
vt -0.018832 -0.067656
vt -0.019995 -0.069284
vt 0.018832 -0.067656
vt 0.026156 -0.062425
vt 0.027318 -0.064052
vt 0.019995 -0.069284
vt -0.004204 0.032826
vt -0.012680 0.035853
vt -0.012007 0.037737
vt -0.003532 0.034710
vt 0.012007 0.037737
vt 0.012680 0.035853
vt 0.004204 0.032826
vt 0.003532 0.034710
vt -0.059054 -0.041384
vt -0.057891 -0.039757
vt -0.050568 -0.044988
vt -0.051730 -0.046615
vt 0.050568 -0.044988
vt 0.057891 -0.039757
vt 0.059054 -0.041384
vt 0.051730 -0.046615
s 1
usemtl mat20
f 12/25/7 11/26/7 10/27/7 9/28/7
f 16/29/8 15/30/8 14/31/8 13/32/8
f 10/33/9 16/34/9 13/35/9 9/36/9
f 14/37/10 15/38/10 11/39/10 12/40/10
f 13/41/11 14/42/11 12/43/11 9/44/11
f 11/45/12 15/46/12 16/47/12 10/48/12
f 20/25/7 19/26/7 18/27/7 17/28/7
f 24/29/8 23/30/8 22/31/8 21/32/8
f 18/49/9 24/50/9 21/51/9 17/52/9
f 22/53/10 23/54/10 19/55/10 20/56/10
f 21/57/11 22/58/11 20/59/11 17/60/11
f 19/61/12 23/62/12 24/63/12 18/64/12
f 28/65/7 27/66/7 26/67/7 25/68/7
f 32/69/8 31/70/8 30/71/8 29/72/8
f 26/73/9 32/74/9 29/75/9 25/76/9
f 30/77/10 31/78/10 27/79/10 28/80/10
f 29/41/11 30/42/11 28/43/11 25/44/11
f 27/81/12 31/46/12 32/47/12 26/82/12
f 36/65/7 35/66/7 34/67/7 33/68/7
f 40/69/8 39/70/8 38/71/8 37/72/8
f 34/83/9 40/84/9 37/85/9 33/86/9
f 38/87/10 39/88/10 35/89/10 36/90/10
f 37/91/11 38/92/11 36/93/11 33/94/11
f 35/95/12 39/96/12 40/97/12 34/98/12
f 52/99/7 51/100/7 50/101/7 49/102/7
f 56/103/8 55/104/8 54/105/8 53/106/8
f 50/73/9 56/84/9 53/51/9 49/107/9
f 54/53/10 55/88/10 51/108/10 52/109/10
f 53/110/11 54/111/11 52/112/11 49/113/11
f 51/114/12 55/115/12 56/116/12 50/117/12
usemtl mat19
f 44/118/7 43/119/7 42/120/7 41/121/7
f 48/122/8 47/123/8 46/124/8 45/125/8
f 42/126/12 48/127/12 45/128/12 41/129/12
f 46/130/11 47/131/11 43/132/11 44/133/11
f 45/134/9 46/135/9 44/136/9 41/137/9
f 43/138/10 47/139/10 48/140/10 42/141/10
f 68/142/7 67/119/7 66/120/7 65/143/7
f 72/122/8 71/123/8 70/144/8 69/145/8
f 66/146/12 72/147/12 69/148/12 65/149/12
f 70/150/11 71/151/11 67/152/11 68/153/11
f 69/154/9 70/155/9 68/156/9 65/157/9
f 67/158/10 71/159/10 72/160/10 66/161/10
usemtl mat16
f 60/162/7 59/163/7 58/164/7 57/165/7
f 64/166/8 63/167/8 62/168/8 61/169/8
f 58/170/9 64/171/9 61/172/9 57/173/9
f 62/174/10 63/175/10 59/176/10 60/177/10
f 61/178/11 62/179/11 60/180/11 57/181/11
f 59/182/12 63/183/12 64/184/12 58/185/12
f 76/162/7 75/163/7 74/164/7 73/165/7
f 80/166/8 79/167/8 78/168/8 77/169/8
f 74/186/9 80/187/9 77/188/9 73/189/9
f 78/190/10 79/191/10 75/192/10 76/193/10
f 77/194/11 78/195/11 76/196/11 73/197/11
f 75/198/12 79/199/12 80/200/12 74/201/12
o group1087830502
v -1.220001 0.120000 2.050000
v -1.340001 0.120000 2.050000
v -1.340001 1.570000 2.050000
v -1.220001 1.570000 2.050000
v -1.220001 0.120000 -2.050000
v -1.220001 1.570000 -2.050000
v -1.340001 1.570000 -2.050000
v -1.340000 0.120000 -2.050000
v -1.220000 1.429999 2.050000
v -1.220000 1.569999 2.050000
v -1.200000 1.569999 2.050000
v -1.200000 1.429999 2.050000
v -1.220001 1.429999 -1.930000
v -1.200001 1.429999 -1.930000
v -1.200001 1.569999 -1.930000
v -1.220001 1.569999 -1.930000
vn -0.0000 -0.0000 1.0000
vn -0.0000 -0.0000 -1.0000
vn -0.0000 -1.0000 -0.0000
vn -0.0000 1.0000 -0.0000
vn 1.0000 -0.0000 -0.0000
vn -1.0000 -0.0000 -0.0000
vt 0.049641 -0.007603
vt 0.055007 -0.018336
vt -0.074685 -0.083182
vt -0.080051 -0.072449
vt 0.074685 -0.083182
vt -0.055007 -0.018336
vt -0.049641 -0.007603
vt 0.080051 -0.072449
vt 0.177384 -0.106888
vt -0.208730 0.031010
vt -0.204694 0.042311
vt 0.181420 -0.095587
vt 0.204694 0.042311
vt 0.208730 0.031010
vt -0.177384 -0.106888
vt -0.181420 -0.095587
vt -0.228892 0.035688
vt -0.144612 0.153680
vt 0.189019 -0.084628
vt 0.104739 -0.202620
vt -0.189019 -0.084628
vt 0.144612 0.153680
vt 0.228892 0.035688
vt -0.104739 -0.202620
vt 0.036225 -0.012076
vt 0.048747 -0.005815
vt 0.049641 -0.007604
vt 0.037119 -0.013865
vt -0.049640 -0.007602
vt -0.048746 -0.005813
vt -0.036224 -0.012074
vt -0.037119 -0.013863
vt 0.134847 0.146704
vt 0.142985 0.135312
vt -0.180881 -0.096021
vt -0.142985 0.135312
vt -0.134847 0.146704
vt 0.180881 -0.096021
vt -0.193393 0.038275
vt -0.192721 0.040159
vt 0.182093 -0.093703
vt -0.182093 -0.093703
vt 0.192721 0.040159
vt 0.193393 0.038275
s 1
usemtl mat9
f 84/202/13 83/203/13 82/204/13 81/205/13
f 88/206/14 87/207/14 86/208/14 85/209/14
f 82/210/15 88/211/15 85/212/15 81/213/15
f 86/214/16 87/215/16 83/216/16 84/217/16
f 85/218/17 86/219/17 84/220/17 81/221/17
f 83/222/18 87/223/18 88/224/18 82/225/18
usemtl mat18
f 92/226/13 91/227/13 90/228/13 89/229/13
f 96/230/14 95/231/14 94/232/14 93/233/14
f 90/222/18 96/234/18 93/235/18 89/236/18
f 94/237/17 95/238/17 91/220/17 92/239/17
f 93/240/15 94/241/15 92/242/15 89/213/15
f 91/243/16 95/244/16 96/245/16 90/217/16
o group1138091316
v -0.864999 0.534999 -1.560000
v -0.865000 0.674999 -1.560000
v -0.845000 0.674999 -1.560000
v -0.844999 0.534999 -1.560000
v -0.864999 0.535000 -1.800000
v -0.844999 0.534999 -1.800000
v -0.845000 0.674999 -1.800000
v -0.865000 0.674999 -1.800000
v -0.860000 0.549999 -1.700000
v -0.860000 0.549999 -1.650000
v -0.840000 0.549999 -1.650000
v -0.840000 0.549999 -1.700000
v -0.860000 0.569999 -1.700000
v -0.840000 0.569999 -1.700000
v -0.840000 0.569999 -1.650000
v -0.860000 0.569999 -1.650000
vn -0.0000 -0.0000 1.0000
vn -0.0000 -0.0000 -1.0000
vn -1.0000 -0.0000 -0.0000
vn 1.0000 -0.0000 -0.0000
vn -0.0000 -1.0000 -0.0000
vn -0.0000 1.0000 -0.0000
vt -0.059703 -0.020348
vt -0.047181 -0.014087
vt -0.046287 -0.015876
vt -0.058809 -0.022137
vt 0.046287 -0.015876
vt 0.047181 -0.014087
vt 0.059703 -0.020348
vt 0.058809 -0.022137
vt 0.156760 0.052370
vt 0.176289 0.066320
vt 0.184427 0.054928
vt 0.164897 0.040978
vt -0.184427 0.054928
vt -0.176289 0.066320
vt -0.156760 0.052370
vt -0.164897 0.040978
vt -0.169210 0.067336
vt -0.168537 0.069220
vt -0.145936 0.061148
vt -0.146608 0.059264
vt 0.145936 0.061147
vt 0.168538 0.069219
vt 0.169210 0.067336
vt 0.146609 0.059264
vt -0.158953 0.066326
vt -0.154244 0.064644
vt -0.154916 0.062760
vt -0.159625 0.064442
vt 0.154916 0.062760
vt 0.154244 0.064644
vt 0.158953 0.066326
vt 0.159625 0.064442
vt 0.171349 0.047429
vt 0.170187 0.049056
vt 0.174255 0.051963
vt 0.175418 0.050335
vt -0.174255 0.051963
vt -0.170187 0.049056
vt -0.171349 0.047429
vt -0.175418 0.050335
vt 0.055902 -0.020125
vt 0.056796 -0.018336
vt 0.058585 -0.019230
vt 0.057691 -0.021019
vt -0.058585 -0.019230
vt -0.056796 -0.018336
vt -0.055902 -0.020125
vt -0.057691 -0.021019
s 1
usemtl mat18
f 100/246/19 99/247/19 98/248/19 97/249/19
f 104/250/20 103/251/20 102/252/20 101/253/20
f 98/254/21 104/255/21 101/256/21 97/257/21
f 102/258/22 103/259/22 99/260/22 100/261/22
f 101/262/23 102/263/23 100/264/23 97/265/23
f 99/266/24 103/267/24 104/268/24 98/269/24
usemtl mat23
f 108/270/23 107/271/23 106/272/23 105/273/23
f 112/274/24 111/275/24 110/276/24 109/277/24
f 106/278/21 112/279/21 109/280/21 105/281/21
f 110/282/22 111/283/22 107/284/22 108/285/22
f 109/286/20 110/287/20 108/288/20 105/289/20
f 107/290/19 111/291/19 112/292/19 106/293/19
o group1158721303
v 0.548767 1.059999 0.878478
v 0.533234 1.059999 0.899640
v 0.533236 0.159255 0.899643
v 0.548769 0.159255 0.878482
v 0.543794 1.059999 0.923672
v 0.543796 0.159255 0.923676
v 0.569887 1.059999 0.926543
v 0.569889 0.159255 0.926546
v 0.585420 1.059999 0.905382
v 0.585421 0.159255 0.905385
v 0.574860 1.059999 0.881349
v 0.574861 0.159255 0.881353
v 0.477439 0.141755 0.893505
v 0.526187 0.141755 0.827091
v 0.510581 0.141755 0.968928
v 0.592470 0.141755 0.977938
v 0.641218 0.141755 0.911524
v 0.608076 0.141755 0.836101
v 0.420000 0.143930 0.900000
v 0.438756 0.143930 0.970000
v 0.438756 0.117680 0.970000
v 0.420000 0.117680 0.900000
v 0.490000 0.143930 1.021243
v 0.490000 0.117680 1.021243
v 0.560000 0.143930 1.040000
v 0.560000 0.117680 1.040000
v 0.630000 0.143930 1.021243
v 0.630000 0.117680 1.021244
v 0.681243 0.143930 0.970000
v 0.681243 0.117680 0.970000
v 0.700000 0.143930 0.900000
v 0.700000 0.117680 0.900000
v 0.681243 0.143930 0.830000
v 0.681243 0.117680 0.830000
v 0.630000 0.143930 0.778757
v 0.630000 0.117680 0.778757
v 0.560000 0.143930 0.760000
v 0.560000 0.117680 0.760000
v 0.490000 0.143930 0.778757
v 0.490000 0.117680 0.778757
v 0.438756 0.143930 0.830000
v 0.438756 0.117680 0.830000
v 0.568124 1.150642 0.887597
v 0.553147 1.150509 0.888415
v 0.543240 1.132488 0.873426
v 0.578205 1.132804 0.871881
v 0.546370 1.150180 0.901793
v 0.527096 1.132352 0.904480
v 0.554569 1.149984 0.914352
v 0.545917 1.132532 0.933989
v 0.569546 1.150118 0.913533
v 0.580881 1.132848 0.932444
v 0.576324 1.150447 0.900156
v 0.597025 1.132984 0.901390
v 0.543450 1.109290 0.873434
v 0.578415 1.109606 0.871889
v 0.527306 1.109154 0.904488
v 0.546127 1.109334 0.933996
v 0.581091 1.109650 0.932451
v 0.597235 1.109786 0.901397
v 0.568826 1.087437 0.886862
v 0.542534 1.086016 0.903061
v 0.550733 1.087921 0.918138
v 0.569964 1.087498 0.917300
v 0.578305 1.086194 0.902014
v 0.552153 1.087347 0.886996
v 0.550547 1.055657 0.888203
v 0.568592 1.056165 0.887182
v 0.541201 1.056838 0.904378
v 0.549842 1.056430 0.919087
v 0.569522 1.056450 0.918705
v 0.578177 1.057170 0.901635
v 0.524251 1.062482 0.901962
v 0.539393 1.051073 0.932981
v 0.524602 1.049664 0.901291
v 0.539255 1.062112 0.933581
v 0.574251 1.050467 0.936066
v 0.574134 1.061378 0.936393
v 0.594009 1.061014 0.907586
v 0.594319 1.048452 0.907462
v 0.579529 1.047044 0.875772
v 0.579005 1.061383 0.875967
v 0.544670 1.047649 0.872686
v 0.544126 1.062117 0.873155
v 0.637200 1.222067 0.764918
v 0.565386 1.219523 0.753363
v 0.560821 1.222791 0.727181
v 0.655254 1.223252 0.748770
v 0.559289 0.938657 0.671532
v 0.681410 0.941113 0.701655
v 0.560041 0.939119 0.701007
v 0.664344 0.941944 0.726792
v 0.484296 1.221859 0.778371
v 0.473310 1.225828 0.754775
v 0.441375 0.938551 0.701244
v 0.451108 0.940802 0.722551
v 0.425682 1.218328 0.827595
v 0.398119 1.221933 0.820183
v 0.352434 0.939629 0.788677
v 0.379252 0.940654 0.804180
v 0.410945 1.220181 0.909508
v 0.380596 1.220843 0.903392
v 0.324227 0.939752 0.910310
v 0.356004 0.939624 0.912257
v 0.432949 1.222417 0.986531
v 0.409386 1.223603 1.005365
v 0.354494 0.940671 1.031112
v 0.385911 0.939620 1.013162
v 0.488554 1.224133 1.039596
v 0.473063 1.225207 1.063504
v 0.440604 0.940092 1.118601
v 0.457033 0.940694 1.089968
v 0.566393 1.224154 1.057527
v 0.564668 1.225197 1.086631
v 0.560796 0.941540 1.152047
v 0.564116 0.940686 1.116056
v 0.644630 1.225508 1.033899
v 0.653251 1.226725 1.058021
v 0.681539 0.939615 1.116155
v 0.665512 0.942536 1.083486
v 0.697391 1.225037 0.974290
v 0.719634 1.220844 0.982178
v 0.764384 0.939516 1.028421
v 0.735628 0.940457 1.012050
v 0.715545 1.225076 0.896282
v 0.745669 1.224137 0.897602
v 0.801614 0.940112 0.909465
v 0.773905 0.941274 0.903126
v 0.686517 1.221420 0.819091
v 0.708828 1.221432 0.805339
v 0.766628 0.940565 0.789342
v 0.742151 0.941664 0.804495
v 0.548562 1.071497 0.922784
v 0.544156 1.056013 0.915589
v 0.422981 1.168182 0.812742
v 0.421423 1.184695 0.818728
v 0.554573 1.053337 0.901615
v 0.436189 1.167843 0.801064
v 0.565417 1.067166 0.900174
v 0.442795 1.184146 0.799833
v 0.561703 1.078390 0.913258
v 0.433668 1.194561 0.810750
v 0.627224 1.192783 1.050012
v 0.608724 1.207090 1.052424
v 0.620672 1.171234 1.056760
v 0.598123 1.172225 1.063343
v 0.590738 1.194385 1.060663
v 0.549792 1.065254 0.891681
v 0.558073 1.050034 0.888403
v 0.621788 1.146297 0.746813
v 0.614704 1.162445 0.746821
v 0.572176 1.049123 0.898949
v 0.638364 1.147616 0.752683
v 0.572611 1.063779 0.908745
v 0.641524 1.164579 0.756318
v 0.558777 1.073748 0.904253
v 0.626901 1.173744 0.752695
v 0.441879 1.179164 1.015781
v 0.432234 1.192980 0.999383
v 0.433880 1.157302 1.012483
v 0.419292 1.157607 0.994047
v 0.418274 1.179657 0.985951
v 0.720878 1.201087 0.903605
v 0.722291 1.194570 0.919929
v 0.560696 1.072128 0.913613
v 0.560137 1.079099 0.897426
v 0.729954 1.178727 0.918827
v 0.569807 1.057055 0.912743
v 0.733277 1.175452 0.901822
v 0.574878 1.054711 0.896018
v 0.727667 1.189271 0.892414
v 0.568902 1.068335 0.886551
v 0.575556 1.075711 0.930682
v 0.573497 1.074599 0.913204
v 0.571864 1.098782 0.911344
v 0.573438 1.101151 0.928747
v 0.589495 1.074982 0.905797
v 0.587942 1.099993 0.904205
v 0.601441 1.076330 0.918697
v 0.599452 1.103110 0.917195
v 0.592827 1.076781 0.934076
v 0.590488 1.103825 0.932363
v 0.586570 0.852604 0.931210
v 0.591002 0.852464 0.927352
v 0.590102 1.082404 0.921050
v 0.585675 1.082255 0.924913
v 0.596043 0.852525 0.930374
v 0.595140 1.082642 0.924069
v 0.594726 0.852704 0.936100
v 0.593826 1.082639 0.929798
v 0.588871 0.852753 0.936616
v 0.587976 1.082400 0.930320
v 0.597788 0.856718 0.921060
v 0.583102 0.856663 0.921852
v 0.583242 0.827425 0.922449
v 0.597928 0.827479 0.921657
v 0.576444 0.856899 0.934963
v 0.576584 0.827661 0.935560
v 0.584471 0.857189 0.947283
v 0.584611 0.827950 0.947880
v 0.599157 0.857243 0.946492
v 0.599297 0.828005 0.947089
v 0.605815 0.857008 0.933380
v 0.605956 0.827769 0.933977
vn -0.8061 -0.0000 -0.5917
vn -0.9155 -0.0000 0.4023
vn -0.1094 -0.0000 0.9940
vn 0.8061 -0.0000 0.5917
vn 0.9155 -0.0000 -0.4023
vn 0.1094 -0.0000 -0.9940
vn -0.0000 1.0000 -0.0000
vn -0.2730 0.9409 -0.2004
vn -0.3101 0.9409 0.1363
vn -0.0370 0.9409 0.3367
vn 0.2730 0.9409 0.2004
vn 0.3101 0.9409 -0.1363
vn 0.0370 0.9409 -0.3367
vn -0.0000 -1.0000 -0.0000
vn -0.9659 -0.0000 0.2588
vn -0.7071 -0.0000 0.7071
vn -0.2588 -0.0000 0.9659
vn 0.2588 -0.0000 0.9659
vn 0.7071 -0.0000 0.7071
vn 0.9659 -0.0000 0.2588
vn 0.9659 -0.0000 -0.2588
vn 0.7071 -0.0000 -0.7071
vn 0.2588 -0.0000 -0.9659
vn -0.2588 -0.0000 -0.9659
vn -0.7071 -0.0000 -0.7071
vn -0.9659 -0.0000 -0.2588
vn -0.1998 -0.1637 0.9661
vn 0.2292 -0.1993 0.9528
vn 0.6970 -0.1971 0.6894
vn 0.9640 -0.1822 0.1935
vn 0.9440 -0.1851 -0.2731
vn 0.7046 -0.1907 -0.6835
vn 0.2271 -0.1968 -0.9538
vn -0.2902 -0.1886 -0.9382
vn -0.7195 -0.1782 -0.6712
vn -0.9411 -0.1823 -0.2849
vn -0.9265 -0.1919 0.3238
vn -0.7102 -0.1693 0.6834
vn -0.6568 -0.0232 -0.7537
vn 0.5144 -0.0215 -0.8573
vn 0.9746 0.0099 0.2237
vn 0.0878 0.0276 0.9958
vn -0.9202 0.0071 0.3914
vn -0.0057 -0.9995 0.0299
vn -0.0416 0.9991 -0.0091
vn -0.0418 0.6497 -0.7590
vn -0.6695 0.6612 -0.3385
vn -0.5925 0.7099 0.3808
vn 0.0249 0.7436 0.6681
vn 0.5987 0.7358 0.3166
vn 0.6085 0.6908 -0.3906
vn -0.0078 0.9998 0.0206
vn 0.0091 -1.0000 0.0003
vn -0.0441 -0.0007 -0.9990
vn -0.8872 -0.0082 -0.4613
vn -0.8431 -0.0075 0.5378
vn 0.0441 0.0007 0.9990
vn 0.8872 0.0082 0.4613
vn 0.8431 0.0075 -0.5377
vn -0.0319 -0.5499 -0.8346
vn -0.7750 -0.4851 -0.4050
vn -0.7276 -0.5024 0.4671
vn 0.0412 -0.5781 0.8149
vn 0.7075 -0.6051 0.3651
vn 0.6949 -0.5691 -0.4397
vn -0.1414 -0.9899 0.0073
vn -0.0328 -0.0233 -0.9992
vn -0.8618 0.0206 -0.5068
vn -0.8705 0.0502 0.4896
vn 0.0317 0.0369 0.9988
vn 0.8920 -0.0098 0.4519
vn 0.8473 -0.0118 -0.5310
vn 0.0950 -0.9955 0.0062
vn -0.0040 -0.5269 -0.8499
vn 0.0047 -0.9968 -0.0798
vn -0.0861 -0.9960 0.0230
vn 0.7082 -0.5569 0.4340
vn -0.0160 -0.9909 0.1339
vn 0.0540 -0.9985 -0.0000
vn 0.0221 -0.5919 0.8057
vn 0.0015 -0.9997 0.0251
vn 0.6581 -0.5957 -0.4605
vn -0.6907 -0.5581 -0.4598
vn 0.0286 -0.9996 0.0082
vn -0.7283 -0.5077 0.4602
vn 0.8781 0.0091 0.4784
vn 0.8333 0.0035 -0.5529
vn -0.9044 -0.0470 0.4242
vn -0.9041 -0.0444 0.4250
vn -0.9034 -0.0373 0.4273
vn -0.0890 -0.0552 0.9945
vn 0.8209 0.0040 0.5710
vn 0.9054 0.0265 -0.4237
vn 0.9049 0.0290 -0.4246
vn 0.9034 0.0364 -0.4272
vn 0.0885 0.0168 -0.9959
vn -0.8209 -0.0031 -0.5710
vn 0.0209 0.9998 0.0018
vn -0.0222 -0.9983 0.0547
vn 0.0811 0.0353 -0.9961
vn 0.9029 0.0388 -0.4280
vn -0.0810 -0.0307 0.9962
vn -0.9031 -0.0346 0.4281
vn -0.0365 0.9950 0.0930
vn 0.0163 -0.9995 0.0285
vn 0.0697 0.9901 0.1222
vn 0.0049 -0.9986 0.0523
vn 0.0734 0.9860 0.1496
vn 0.0429 -0.9980 0.0463
vn 0.0713 0.9974 0.0093
vn 0.0155 -0.9999 -0.0005
vn 0.0259 0.9990 -0.0352
vn -0.0165 -0.9998 0.0086
vn -0.0099 -0.9999 0.0074
vn 0.0116 0.9990 -0.0422
vn 0.0090 0.9993 -0.0372
vn 0.0115 0.9990 -0.0421
vn 0.0008 -1.0000 0.0058
vn 0.0089 0.9993 -0.0370
vn 0.0049 -1.0000 0.0054
vn -0.0293 0.9988 -0.0386
vn -0.0091 -0.9996 -0.0284
vn 0.0756 0.9969 0.0198
vn -0.0492 -0.9982 -0.0337
vn 0.0896 0.9950 0.0448
vn -0.0306 -0.9994 -0.0164
vn 0.0080 0.9991 -0.0406
vn -0.0418 -0.9991 0.0089
vn -0.0078 0.9995 0.0295
vn -0.0262 -0.9994 0.0208
vn -0.9917 -0.0666 0.1099
vn -0.4076 -0.0902 -0.9087
vn 0.7401 0.0105 -0.6724
vn 0.8641 0.0990 0.4935
vn -0.2051 0.0505 0.9774
vn 0.0505 -0.9971 0.0575
vn -0.1284 0.9841 -0.1223
vn -0.0538 -0.0206 -0.9983
vn -0.8916 -0.0135 -0.4525
vn -0.8379 0.0071 0.5458
vn 0.0537 0.0206 0.9983
vn 0.8916 0.0135 0.4525
vn 0.8379 -0.0071 -0.5458
vn -0.0048 0.9998 -0.0204
vn 0.0048 -0.9998 0.0204
vn 0.2260 0.1834 -0.9567
vn -0.6698 0.1981 -0.7156
vn -0.9476 0.2013 0.2479
vn -0.2533 0.2160 0.9430
vn 0.7256 0.2134 0.6542
vn 0.9295 0.1895 -0.3164
vn -0.2609 0.1959 -0.9453
vn -0.9597 0.1831 -0.2134
vn -0.6830 0.2048 0.7011
vn 0.2880 0.2144 0.9333
vn 0.9352 0.1968 0.2944
vn 0.7101 0.1821 -0.6802
vn -0.7293 -0.2041 0.6530
vn -0.4756 -0.8102 -0.3428
vn 0.4114 -0.3141 -0.8556
vn 0.7444 0.6427 -0.1812
vn 0.0394 0.6926 0.7203
vn 0.6665 -0.4617 0.5853
vn -0.6452 0.2058 -0.7358
vn 0.2820 0.6651 -0.6915
vn 0.8953 -0.4449 -0.0202
vn 0.2413 -0.8118 0.5318
vn -0.9060 -0.1204 0.4057
vn -0.6400 0.6600 -0.3933
vn 0.2825 0.2074 0.9366
vn -0.7666 -0.3170 -0.5584
vn 0.2571 -0.8503 -0.4593
vn 0.9354 -0.2229 0.2744
vn 0.3101 0.7230 0.6174
vn -0.7312 0.6718 0.1187
vn -0.5528 -0.4516 0.7003
vn 0.3205 0.1410 -0.9367
vn 0.6916 0.7209 0.0435
vn 0.3697 -0.3881 0.8442
vn -0.3884 -0.8530 0.3487
vn -0.7033 -0.2610 -0.6612
vn 0.1237 0.7038 -0.6996
vn -0.7685 0.1890 0.6113
vn -0.5760 0.7421 0.3428
vn 0.0070 -0.0599 0.9982
vn 0.5763 -0.7707 0.2718
vn 0.3538 -0.4240 -0.8337
vn -0.3606 0.5129 -0.7790
vn 0.8988 0.4283 0.0931
vn -0.8456 -0.5003 -0.1863
vt 0.096042 -0.033549
vt 0.094745 -0.035831
vt 0.016438 0.008681
vt 0.017735 0.010963
vt -0.152748 -0.078194
vt -0.155344 -0.077803
vt -0.141926 0.011267
vt -0.139331 0.010876
vt -0.161195 0.092117
vt -0.162412 0.094443
vt -0.082614 0.136224
vt -0.081396 0.133898
vt -0.094745 -0.035831
vt -0.096042 -0.033549
vt -0.017735 0.010963
vt -0.016438 0.008681
vt 0.155344 -0.077803
vt 0.152748 -0.078194
vt 0.139331 0.010876
vt 0.141926 0.011267
vt 0.162412 0.094443
vt 0.161195 0.092117
vt 0.081396 0.133899
vt 0.082614 0.136224
vt -0.130583 0.110388
vt -0.132053 0.108213
vt -0.134672 0.108400
vt -0.135820 0.110760
vt -0.134349 0.112935
vt -0.131731 0.112749
vt -0.079618 0.093392
vt -0.084875 0.087049
vt -0.087063 0.092507
vt -0.085387 0.094528
vt -0.132845 0.062379
vt -0.141066 0.062910
vt -0.137932 0.067885
vt -0.135313 0.067716
vt -0.173837 0.071542
vt -0.178253 0.078497
vt -0.172387 0.078897
vt -0.170980 0.076681
vt -0.180610 0.094213
vt -0.177269 0.101743
vt -0.173685 0.097083
vt -0.174749 0.094683
vt -0.131892 0.148660
vt -0.123688 0.147913
vt -0.126951 0.143022
vt -0.129565 0.143260
vt -0.068702 0.148793
vt -0.066479 0.140860
vt -0.072211 0.142168
vt -0.072919 0.144696
vt 0.128587 0.117399
vt 0.136804 0.117983
vt 0.141419 0.111158
vt 0.137817 0.103750
vt 0.129599 0.103165
vt 0.124984 0.109990
vt -0.100501 -0.123085
vt -0.107643 -0.124315
vt -0.108089 -0.121728
vt -0.100947 -0.120498
vt -0.191434 0.033171
vt -0.196797 0.038046
vt -0.195031 0.039988
vt -0.189669 0.035113
vt -0.171474 0.089748
vt -0.175074 0.096037
vt -0.172796 0.097341
vt -0.169196 0.091052
vt -0.144446 0.061738
vt -0.147541 0.068291
vt -0.145168 0.069412
vt -0.142072 0.062859
vt -0.110694 -0.013123
vt -0.114043 -0.006696
vt -0.111715 -0.005483
vt -0.108366 -0.011910
vt -0.048351 -0.105036
vt -0.052973 -0.099455
vt -0.050951 -0.097780
vt -0.046329 -0.103362
vt 0.107643 -0.124316
vt 0.100501 -0.123085
vt 0.100947 -0.120498
vt 0.108089 -0.121729
vt 0.196797 0.038047
vt 0.191434 0.033172
vt 0.189669 0.035114
vt 0.195031 0.039989
vt 0.175074 0.096038
vt 0.171474 0.089748
vt 0.169195 0.091052
vt 0.172796 0.097342
vt 0.147541 0.068291
vt 0.144445 0.061738
vt 0.142072 0.062860
vt 0.145167 0.069412
vt 0.114042 -0.006696
vt 0.110693 -0.013123
vt 0.108365 -0.011910
vt 0.111714 -0.005483
vt 0.052972 -0.099455
vt 0.048350 -0.105036
vt 0.046328 -0.103362
vt 0.050950 -0.097780
vt -0.128279 0.097538
vt -0.135502 0.096950
vt -0.142051 0.100052
vt -0.146172 0.106013
vt -0.146760 0.113236
vt -0.143658 0.119786
vt -0.137696 0.123906
vt -0.130473 0.124494
vt -0.123924 0.121392
vt -0.119803 0.115431
vt -0.119215 0.108208
vt -0.122317 0.101658
vt 0.122317 0.101658
vt 0.119215 0.108208
vt 0.119803 0.115431
vt 0.123924 0.121392
vt 0.130473 0.124494
vt 0.137696 0.123906
vt 0.143658 0.119786
vt 0.146760 0.113236
vt 0.146172 0.106013
vt 0.142051 0.100052
vt 0.135502 0.096950
vt 0.128279 0.097538
vt -0.056664 0.159271
vt -0.053895 0.152550
vt -0.079283 0.139540
vt -0.083325 0.149493
vt -0.027208 0.128198
vt -0.023473 0.120589
vt -0.049011 0.107183
vt -0.053570 0.117299
vt 0.007488 0.057813
vt 0.011027 0.051045
vt -0.012249 0.035049
vt -0.017975 0.044273
vt 0.061367 -0.008319
vt 0.067900 -0.013477
vt 0.050675 -0.036295
vt 0.042260 -0.029126
vt 0.124541 0.013493
vt 0.132536 0.012951
vt 0.131067 -0.015803
vt 0.120589 -0.014822
vt 0.131111 0.099691
vt 0.137423 0.104072
vt 0.154404 0.080614
vt 0.145668 0.074852
vt 0.096357 0.129920
vt 0.100832 0.136536
vt 0.125400 0.121231
vt 0.119201 0.112119
vt 0.066608 0.092766
vt 0.069980 0.100211
vt 0.096259 0.088420
vt 0.091906 0.078699
vt 0.037392 0.020152
vt 0.040540 0.027461
vt 0.067090 0.015893
vt 0.062912 0.006797
vt 0.003123 -0.051701
vt 0.006789 -0.044599
vt 0.032842 -0.057285
vt 0.027414 -0.067463
vt -0.136529 -0.021285
vt -0.128279 -0.021401
vt -0.128024 -0.049959
vt -0.138379 -0.050207
vt -0.105579 0.132885
vt -0.101146 0.127056
vt -0.123290 0.109274
vt -0.129961 0.118013
vt 0.034832 0.043908
vt 0.035080 0.044441
vt 0.055526 0.033902
vt 0.055252 0.033382
vt 0.113785 0.135417
vt 0.114124 0.135897
vt 0.132622 0.122194
vt 0.132269 0.121724
vt 0.028037 -0.047098
vt 0.028419 -0.047544
vt 0.011362 -0.062976
vt 0.010966 -0.062542
vt -0.073161 0.124246
vt -0.072923 0.123708
vt -0.093538 0.113570
vt -0.093803 0.114095
vt -0.142973 0.010644
vt -0.142391 0.010558
vt -0.145825 -0.012158
vt -0.146406 -0.012071
vt 0.134557 0.114372
vt 0.134335 0.114917
vt 0.134785 0.115296
vt 0.135284 0.114985
vt 0.135143 0.114415
vt -0.135397 0.113292
vt -0.135539 0.113862
vt -0.135041 0.114174
vt -0.134591 0.113796
vt -0.134811 0.113251
vt -0.031683 0.154007
vt -0.032258 0.150555
vt -0.034436 0.151870
vt -0.034179 0.153348
vt -0.080864 0.075662
vt -0.083446 0.073299
vt -0.084218 0.075822
vt -0.083119 0.076842
vt -0.138536 0.082990
vt -0.141953 0.083750
vt -0.140257 0.085935
vt -0.138791 0.085617
vt -0.135161 0.089133
vt -0.136848 0.092199
vt -0.134069 0.092549
vt -0.133356 0.091229
vt -0.130182 0.021094
vt -0.129335 0.024490
vt -0.127037 0.023052
vt -0.127429 0.021604
vt -0.097154 0.135825
vt -0.094246 0.133877
vt -0.096273 0.132276
vt -0.097502 0.133136
vt -0.132967 0.110867
vt -0.132530 0.109432
vt -0.133553 0.108336
vt -0.135015 0.108674
vt -0.135452 0.110109
vt -0.134429 0.111205
vt 0.134174 0.114343
vt 0.136560 0.111782
vt 0.135534 0.108435
vt 0.132123 0.107650
vt 0.129738 0.110211
vt 0.130763 0.113557
vt 0.069545 0.129534
vt 0.068026 0.126381
vt 0.065936 0.127388
vt 0.067455 0.130541
vt 0.001302 -0.010009
vt -0.000563 -0.012971
vt -0.002526 -0.011735
vt -0.000662 -0.008773
vt -0.140284 0.061178
vt -0.143431 0.062711
vt -0.142415 0.064797
vt -0.139268 0.063264
vt -0.068026 0.126381
vt -0.069545 0.129534
vt -0.067455 0.130541
vt -0.065936 0.127388
vt 0.000563 -0.012971
vt -0.001302 -0.010009
vt 0.000661 -0.008773
vt 0.002526 -0.011735
vt 0.143431 0.062710
vt 0.140284 0.061178
vt 0.139268 0.063263
vt 0.142415 0.064796
vt 0.123042 0.097688
vt 0.119529 0.096865
vt 0.121264 0.099905
vt 0.087935 -0.019997
vt 0.085213 -0.020528
vt 0.085588 -0.017048
vt 0.011555 0.161390
vt 0.014254 0.161562
vt 0.013035 0.158281
vt 0.016840 0.152797
vt 0.019259 0.154408
vt 0.019996 0.150986
vt 0.075880 0.065722
vt 0.075831 0.069586
vt 0.078385 0.067193
vt 0.142162 0.073772
vt 0.139043 0.075969
vt 0.142447 0.076784
vt 0.136285 0.108771
vt 0.137410 0.107435
vt 0.134528 0.108421
vt 0.077081 0.125712
vt 0.076317 0.124073
vt 0.073557 0.125642
vt 0.074297 0.127136
vt 0.005951 -0.003492
vt 0.004854 -0.005009
vt 0.002483 -0.003299
vt 0.003369 -0.001644
vt -0.143795 0.040276
vt -0.145429 0.040765
vt -0.144420 0.043750
vt -0.142846 0.043041
vt -0.077861 0.123170
vt -0.078748 0.124926
vt -0.075998 0.126373
vt -0.075091 0.124674
vt -0.000390 -0.015114
vt -0.001382 -0.013476
vt 0.001058 -0.011903
vt 0.143631 0.053736
vt 0.142343 0.056586
vt 0.144026 0.057200
vt 0.131343 0.112885
vt 0.132680 0.111513
vt 0.129664 0.112438
vt 0.122388 0.100447
vt 0.121529 0.099018
vt 0.118875 0.099625
vt 0.136513 0.104400
vt 0.135367 0.105887
vt 0.135966 0.107443
vt 0.134913 0.109034
vt 0.133236 0.108720
vt 0.132033 0.110154
vt 0.064894 0.064264
vt 0.063582 0.065416
vt 0.064922 0.068128
vt 0.126280 0.119893
vt 0.125830 0.118020
vt 0.124142 0.117655
vt 0.133872 0.111563
vt 0.131624 0.109438
vt 0.130960 0.112457
vt 0.022058 0.152639
vt 0.019354 0.152597
vt 0.018915 0.154472
vt 0.133508 0.112609
vt 0.132903 0.110736
vt 0.130005 0.111808
vt 0.142919 0.078647
vt 0.141158 0.078319
vt 0.139767 0.080797
vt 0.099562 0.003531
vt 0.102154 0.002698
vt 0.102181 0.000821
vt 0.133972 0.111735
vt 0.130467 0.110945
vt 0.130964 0.112684
vt 0.018206 0.157495
vt 0.015984 0.159156
vt 0.016839 0.160656
vt -0.004824 -0.009238
vt -0.003793 -0.010647
vt -0.006352 -0.012412
vt 0.143015 0.064945
vt 0.144308 0.062346
vt 0.142812 0.061464
vt -0.141493 0.016029
vt -0.144874 0.016935
vt -0.141256 0.017291
vt -0.074140 0.135699
vt -0.075740 0.138812
vt -0.073145 0.136180
vt -0.015432 0.003449
vt -0.017350 0.006377
vt -0.016247 0.006979
vt -0.014470 0.003964
vt 0.144692 0.016675
vt 0.141301 0.015809
vt 0.144429 0.017904
vt 0.080804 0.136070
vt 0.079158 0.132980
vt 0.079503 0.136677
vt 0.017281 0.006439
vt 0.015361 0.003512
vt 0.014213 0.004087
vt 0.015992 0.007101
vt -0.132493 0.106887
vt -0.135977 0.107222
vt -0.137429 0.110407
vt -0.135396 0.113256
vt -0.131912 0.112921
vt -0.130461 0.109736
vt 0.126902 0.113491
vt 0.128293 0.116703
vt 0.131770 0.117104
vt 0.133856 0.114294
vt 0.132465 0.111082
vt 0.128988 0.110681
vt 0.076600 0.133758
vt 0.075283 0.134361
vt 0.076914 0.137458
vt 0.141768 0.017094
vt 0.141441 0.018492
vt 0.144860 0.019241
vt -0.078268 0.136770
vt -0.077289 0.137252
vt -0.075652 0.134158
vt -0.144940 0.018577
vt -0.144742 0.019665
vt -0.141322 0.018923
vt -0.125387 0.121271
vt -0.119916 0.113276
vt -0.122535 0.112728
vt -0.126228 0.118998
vt 0.117487 0.128024
vt 0.111681 0.118979
vt 0.108866 0.119857
vt 0.115655 0.130449
vt -0.122137 0.108218
vt -0.121151 0.099091
vt -0.123782 0.099159
vt -0.124741 0.107594
vt 0.110100 0.120463
vt 0.108741 0.109442
vt 0.106405 0.109187
vt 0.107279 0.121315
vt -0.121735 0.097691
vt -0.124641 0.088150
vt -0.126483 0.090360
vt -0.124368 0.097725
vt 0.108258 0.108660
vt 0.113774 0.099288
vt 0.111465 0.097222
vt 0.105922 0.108395
vt -0.121297 0.095385
vt -0.128472 0.090822
vt -0.130112 0.093444
vt -0.122971 0.097720
vt 0.117565 0.096842
vt 0.126973 0.091037
vt 0.125728 0.088108
vt 0.115207 0.094832
vt -0.126277 0.095032
vt -0.136860 0.094437
vt -0.135843 0.097280
vt -0.127840 0.097705
vt 0.127113 0.091649
vt 0.137622 0.091085
vt 0.138260 0.087523
vt 0.125864 0.088721
vt -0.136373 0.095277
vt -0.143921 0.099450
vt -0.142149 0.101683
vt -0.135340 0.098114
vt 0.137481 0.090946
vt 0.147097 0.095082
vt 0.149246 0.092577
vt 0.138123 0.087384
vt -0.144108 0.099172
vt -0.149244 0.107102
vt -0.146543 0.108202
vt -0.142340 0.101409
vt 0.146963 0.095037
vt 0.152992 0.104263
vt 0.156275 0.102750
vt 0.149115 0.092533
vt -0.148557 0.108104
vt -0.148648 0.117414
vt -0.146084 0.117358
vt -0.145849 0.109187
vt 0.155501 0.101653
vt 0.155987 0.112292
vt 0.159616 0.112651
vt 0.158753 0.100084
vt -0.152958 0.109830
vt -0.148270 0.118768
vt -0.146722 0.116953
vt -0.150405 0.109899
vt 0.157303 0.111309
vt 0.153159 0.120422
vt 0.155718 0.122519
vt 0.160937 0.111640
vt -0.149475 0.116330
vt -0.142572 0.121874
vt -0.141333 0.119129
vt -0.147893 0.114538
vt 0.151468 0.122037
vt 0.142588 0.129415
vt 0.144148 0.131794
vt 0.154004 0.124163
vt -0.136957 0.130564
vt -0.127034 0.130028
vt -0.127621 0.127475
vt -0.135871 0.127750
vt 0.140957 0.131152
vt 0.130601 0.131508
vt 0.130006 0.134326
vt 0.142493 0.133546
vt -0.130379 0.126540
vt -0.123212 0.123483
vt -0.124101 0.121227
vt -0.130894 0.123971
vt 0.129192 0.132429
vt 0.119283 0.127662
vt 0.117477 0.130106
vt 0.128573 0.135243
vt -0.085401 -0.066038
vt -0.083764 -0.065381
vt -0.082743 -0.067587
vt -0.084326 -0.068362
vt 0.059481 0.083257
vt 0.060112 0.084904
vt 0.062421 0.083918
vt 0.061717 0.082302
vt 0.132889 0.102201
vt 0.134022 0.103551
vt 0.135925 0.101650
vt 0.134661 0.100421
vt -0.019516 -0.012728
vt -0.018623 -0.014248
vt -0.021008 -0.015555
vt -0.021875 -0.014019
vt -0.091719 0.140473
vt -0.091073 0.138833
vt -0.093399 0.137764
vt -0.094191 0.139339
vt 0.131724 0.115018
vt 0.129993 0.115355
vt 0.129779 0.117105
vt 0.131377 0.117850
vt 0.132580 0.116560
vt -0.126139 0.119380
vt -0.124920 0.120654
vt -0.123331 0.119888
vt -0.123569 0.118141
vt -0.125304 0.117827
vt 0.097364 0.116566
vt 0.096714 0.115247
vt 0.094090 0.116539
vt 0.094740 0.117858
vt 0.023642 -0.029224
vt 0.022834 -0.030453
vt 0.020391 -0.028845
vt 0.021200 -0.027616
vt -0.157247 0.040066
vt -0.158557 0.040735
vt -0.157228 0.043340
vt -0.155918 0.042671
vt -0.096714 0.115247
vt -0.097364 0.116566
vt -0.094741 0.117858
vt -0.094091 0.116539
vt -0.022834 -0.030453
vt -0.023643 -0.029225
vt -0.021200 -0.027616
vt -0.020392 -0.028845
vt 0.158557 0.040735
vt 0.157247 0.040066
vt 0.155918 0.042671
vt 0.157228 0.043340
vt -0.134458 0.114976
vt -0.134052 0.113562
vt -0.135074 0.112504
vt -0.136501 0.112860
vt -0.136906 0.114273
vt -0.135885 0.115331
vt 0.135885 0.115331
vt 0.136907 0.114273
vt 0.136501 0.112860
vt 0.135074 0.112504
vt 0.134052 0.113562
vt 0.134458 0.114976
vt 0.083316 0.151900
vt 0.078564 0.140252
vt 0.052591 0.153047
vt 0.056408 0.161950
vt 0.021404 0.049567
vt 0.014933 0.038908
vt -0.009234 0.054516
vt -0.004570 0.063328
vt -0.116647 -0.017045
vt -0.129002 -0.018605
vt -0.131681 0.010206
vt -0.121137 0.011278
vt -0.122964 0.110031
vt -0.130082 0.120277
vt -0.105588 0.136013
vt -0.100151 0.128288
vt -0.068088 0.000857
vt -0.072705 0.012002
vt -0.046150 0.023299
vt -0.041844 0.014171
vt 0.137200 -0.054817
vt 0.124717 -0.054194
vt 0.125942 -0.025505
vt 0.135857 -0.025881
vt 0.053155 0.114501
vt 0.048238 0.103382
vt 0.022137 0.116902
vt 0.026221 0.125121
vt -0.038569 -0.027550
vt -0.048020 -0.035709
vt -0.065266 -0.012798
vt -0.058884 -0.007178
vt -0.144406 0.076782
vt -0.154606 0.083608
vt -0.136908 0.106857
vt -0.129909 0.101823
vt -0.095203 0.075786
vt -0.100754 0.087095
vt -0.073711 0.098705
vt -0.069912 0.090206
vt -0.032600 -0.067204
vt -0.038162 -0.056049
vt -0.012056 -0.043484
vt -0.008366 -0.051534
vt 0.129292 0.119812
vt 0.122050 0.109960
vt 0.099781 0.128103
vt 0.104498 0.134307
vt -0.093353 0.117192
vt -0.094550 0.115908
vt -0.113021 0.122008
vt -0.112251 0.123585
vt 0.119756 0.041861
vt 0.119709 0.043612
vt 0.138772 0.046597
vt 0.138976 0.044857
vt 0.110344 0.111679
vt 0.109508 0.113226
vt 0.129020 0.115896
vt 0.129475 0.114197
vt -0.126603 0.029557
vt -0.126857 0.027824
vt -0.144394 0.037642
vt -0.143737 0.039265
vt -0.114437 0.087034
vt -0.114881 0.085335
vt -0.134628 0.088178
vt -0.134329 0.089909
vt 0.039587 0.065952
vt 0.038032 0.065120
vt 0.036760 0.066342
vt 0.037529 0.067928
vt 0.039276 0.067687
vt -0.004371 0.060705
vt -0.002746 0.061391
vt -0.001592 0.060058
vt -0.002503 0.058548
vt -0.004221 0.058948
vt -0.050481 0.176612
vt -0.049011 0.178428
vt -0.030688 0.169223
vt -0.032431 0.169159
vt 0.124655 0.029443
vt 0.124495 0.027125
vt 0.105158 0.020100
vt 0.105648 0.021755
vt 0.090352 0.135037
vt 0.090907 0.132769
vt 0.072059 0.127555
vt 0.070769 0.128726
vt -0.156139 0.024309
vt -0.155110 0.026403
vt -0.143865 0.011159
vt -0.143382 0.009489
vt -0.094777 0.080562
vt -0.094822 0.082912
vt -0.076029 0.077601
vt -0.076419 0.075881
vt -0.073172 0.093238
vt -0.075489 0.092841
vt -0.076583 0.094922
vt -0.074941 0.096606
vt -0.072833 0.095564
vt 0.060272 0.014293
vt 0.062030 0.014162
vt 0.066986 -0.003421
vt 0.065237 -0.003645
vt 0.131555 0.109542
vt 0.132756 0.110832
vt 0.145031 0.096546
vt 0.143482 0.095704
vt 0.044261 0.009484
vt 0.045632 0.010592
vt 0.050827 -0.008235
vt 0.049129 -0.008711
vt -0.120506 0.081627
vt -0.118935 0.080826
vt -0.130035 0.064923
vt -0.131664 0.065598
vt -0.112763 0.077685
vt -0.111720 0.076264
vt -0.122465 0.061065
vt -0.124020 0.061893
vt -0.030858 0.168409
vt -0.032591 0.168736
vt -0.032816 0.170484
vt -0.031223 0.171239
vt -0.030012 0.169957
vt 0.070838 0.155717
vt 0.072325 0.156665
vt 0.073686 0.155544
vt 0.073040 0.153903
vt 0.071280 0.154010
vt -0.134085 -0.002995
vt -0.136420 -0.003077
vt -0.141847 0.016649
vt -0.140313 0.015818
vt 0.017162 0.102369
vt 0.015365 0.100877
vt -0.002620 0.111539
vt -0.000923 0.111934
vt 0.118102 0.119059
vt 0.116115 0.117807
vt 0.105583 0.135385
vt 0.106804 0.136653
vt 0.048080 0.004798
vt 0.046118 0.006093
vt 0.062816 0.016765
vt 0.064568 0.016966
vt -0.054213 0.148735
vt -0.055944 0.150316
vt -0.039506 0.161386
vt -0.038124 0.160304
vt -0.137745 0.081150
vt -0.139378 0.079458
vt -0.141492 0.080488
vt -0.141165 0.082817
vt -0.138850 0.083226
vt -0.138876 0.082878
vt -0.140462 0.082107
vt -0.145807 0.101674
vt -0.144181 0.102357
vt -0.066933 0.132538
vt -0.068688 0.132711
vt -0.064579 0.152408
vt -0.062815 0.152399
vt 0.094458 0.087020
vt 0.092909 0.087862
vt 0.100250 0.106386
vt 0.101884 0.105721
vt 0.133795 0.110884
vt 0.132075 0.111272
vt 0.132829 0.131224
vt 0.134539 0.130796
vt -0.017936 0.117461
vt -0.019583 0.116832
vt -0.026636 0.135748
vt -0.024923 0.136165
vt -0.063814 -0.076956
vt -0.064387 -0.078624
vt -0.066150 -0.078595
vt -0.066667 -0.076909
vt -0.065223 -0.075896
vt 0.092059 -0.049588
vt 0.093656 -0.050336
vt 0.093439 -0.052086
vt 0.091707 -0.052420
vt 0.090854 -0.050876
s 1
usemtl mat15
f 116/294/25 115/295/25 114/296/25 113/297/25
f 115/298/26 118/299/26 117/300/26 114/301/26
f 118/302/27 120/303/27 119/304/27 117/305/27
f 120/306/28 122/307/28 121/308/28 119/309/28
f 122/310/29 124/311/29 123/312/29 121/313/29
f 124/314/30 116/315/30 113/316/30 123/317/30
f 113/318/31 114/319/31 117/320/31 119/321/31 121/322/31 123/323/31
f 126/324/32 125/325/32 115/326/32 116/327/32
f 125/328/33 127/329/33 118/330/33 115/331/33
f 127/332/34 128/333/34 120/334/34 118/335/34
f 128/336/35 129/337/35 122/338/35 120/339/35
f 129/340/36 130/341/36 124/342/36 122/343/36
f 130/344/37 126/345/37 116/346/37 124/347/37
f 130/348/38 129/349/38 128/350/38 127/351/38 125/352/38 126/353/38
usemtl mat16
f 134/354/39 133/355/39 132/356/39 131/357/39
f 133/358/40 136/359/40 135/360/40 132/361/40
f 136/362/41 138/363/41 137/364/41 135/365/41
f 138/366/42 140/367/42 139/368/42 137/369/42
f 140/370/43 142/371/43 141/372/43 139/373/43
f 142/374/44 144/375/44 143/376/44 141/377/44
f 144/378/45 146/379/45 145/380/45 143/381/45
f 146/382/46 148/383/46 147/384/46 145/385/46
f 148/386/47 150/387/47 149/388/47 147/389/47
f 150/390/48 152/391/48 151/392/48 149/393/48
f 152/394/49 154/395/49 153/396/49 151/397/49
f 154/398/50 134/399/50 131/400/50 153/401/50
f 131/402/31 132/403/31 135/404/31 137/405/31 139/406/31 141/407/31 143/408/31 145/409/31 147/410/31 149/411/31 151/412/31 153/413/31
f 154/414/38 152/415/38 150/416/38 148/417/38 146/418/38 144/419/38 142/420/38 140/421/38 138/422/38 136/423/38 133/424/38 134/425/38
usemtl light16
f 197/426/51 198/427/51 203/428/51 204/429/51
f 198/430/52 205/431/52 208/432/52 203/433/52
f 205/434/53 209/435/53 212/436/53 208/437/53
f 209/438/54 213/439/54 216/440/54 212/441/54
f 213/442/55 217/443/55 220/444/55 216/445/55
f 217/446/56 221/447/56 224/448/56 220/449/56
f 221/450/57 225/451/57 228/452/57 224/453/57
f 225/454/58 229/455/58 232/456/58 228/457/58
f 229/458/59 233/459/59 236/460/59 232/461/59
f 233/462/60 237/463/60 240/464/60 236/465/60
f 237/466/61 241/467/61 244/468/61 240/469/61
f 241/470/62 197/471/62 204/472/62 244/473/62
f 298/474/63 297/475/63 296/476/63 295/477/63
f 297/478/64 300/479/64 299/480/64 296/481/64
f 300/482/65 302/483/65 301/484/65 299/485/65
f 302/486/66 304/487/66 303/488/66 301/489/66
f 304/490/67 298/491/67 295/492/67 303/493/67
f 295/494/68 296/495/68 299/496/68 301/497/68 303/498/68
f 304/499/69 302/500/69 300/501/69 297/502/69 298/503/69
usemtl light12
f 158/504/70 157/505/70 156/506/70 155/507/70
f 157/508/71 160/509/71 159/510/71 156/511/71
f 160/512/72 162/513/72 161/514/72 159/515/72
f 162/516/73 164/517/73 163/518/73 161/519/73
f 164/520/74 166/521/74 165/522/74 163/523/74
f 166/524/75 158/525/75 155/526/75 165/527/75
f 155/528/76 156/529/76 159/530/76 161/531/76 163/532/76 165/533/76
f 166/534/77 164/535/77 162/536/77 160/537/77 157/538/77 158/539/77
f 168/540/78 167/541/78 157/542/78 158/543/78
f 167/544/79 169/545/79 160/546/79 157/547/79
f 169/548/80 170/549/80 162/550/80 160/551/80
f 170/552/81 171/553/81 164/554/81 162/555/81
f 171/556/82 172/557/82 166/558/82 164/559/82
f 172/560/83 168/561/83 158/562/83 166/563/83
f 172/534/77 171/535/77 170/536/77 169/537/77 167/538/77 168/539/77
f 173/564/84 167/565/84 168/566/84
f 174/567/85 169/568/85 167/569/85
f 175/570/86 170/571/86 169/572/86
f 176/573/87 171/574/87 170/575/87
f 176/576/88 172/577/88 171/578/88
f 177/579/89 168/580/89 172/581/89
f 177/582/90 176/583/90 173/584/90
f 180/585/91 179/586/91 178/587/91 173/588/91
f 179/589/92 181/590/92 174/591/92 178/592/92
f 181/593/93 182/594/93 175/595/93 174/596/93
f 182/597/94 183/598/94 176/599/94 175/600/94
f 183/601/95 184/602/95 177/603/95
f 180/604/96 173/605/96 177/606/96
f 184/607/97 183/608/97 180/609/97
f 173/610/98 178/611/98 167/612/98
f 174/613/99 178/614/99 173/615/99
f 182/616/100 181/617/100 179/618/100
f 176/619/101 177/620/101 172/621/101
f 176/622/102 175/623/102 174/624/102
f 176/625/103 174/626/103 173/627/103
f 170/628/104 175/629/104 176/630/104
f 183/631/105 182/632/105 179/633/105
f 177/634/106 173/635/106 168/636/106
f 167/637/107 178/638/107 174/639/107
f 183/640/108 179/641/108 180/642/108
f 169/643/109 174/644/109 175/645/109
f 177/646/110 176/647/110 183/648/110
f 177/649/111 184/650/111 180/651/111
usemtl mat17
f 187/652/112 186/653/113 185/654/114
f 186/655/115 189/656/115 188/657/115
f 189/658/116 192/659/116 191/660/116 190/661/116
f 192/662/117 193/663/118 191/664/119
f 193/665/120 195/666/120 194/667/120
f 195/668/121 187/669/121 185/670/121 196/671/121
f 185/672/122 188/673/122 190/674/122 191/675/122 194/676/122 196/677/122
f 195/678/123 193/679/123 192/680/123 189/681/123 186/682/123 187/683/123
f 195/684/124 196/685/124 194/686/124
f 193/687/118 194/688/125 191/689/119
f 189/690/126 190/691/126 188/692/126
f 186/693/113 188/694/127 185/695/114
f 200/696/128 199/697/128 198/698/128 197/699/128
f 204/700/129 203/701/129 201/702/129 202/703/129
f 199/704/130 206/705/130 205/706/130 198/707/130
f 203/708/131 208/709/131 207/710/131 201/711/131
f 206/712/132 210/713/132 209/714/132 205/715/132
f 208/716/133 212/717/133 211/718/133 207/719/133
f 210/720/134 214/721/134 213/722/134 209/723/134
f 212/724/135 216/725/135 215/726/135 211/727/135
f 214/728/136 218/729/136 217/730/136 213/731/136
f 216/732/137 220/733/138 219/734/138 215/735/137
f 218/736/139 222/737/140 221/738/141 217/739/139
f 220/740/138 224/741/142 223/742/142 219/743/138
f 222/744/140 226/745/143 225/746/143 221/747/141
f 224/748/142 228/749/144 227/750/144 223/751/142
f 226/752/145 230/753/145 229/754/145 225/755/145
f 228/756/146 232/757/146 231/758/146 227/759/146
f 230/760/147 234/761/147 233/762/147 229/763/147
f 232/764/148 236/765/148 235/766/148 231/767/148
f 234/768/149 238/769/149 237/770/149 233/771/149
f 236/772/150 240/773/150 239/774/150 235/775/150
f 238/776/151 242/777/151 241/778/151 237/779/151
f 240/780/152 244/781/152 243/782/152 239/783/152
f 242/784/153 200/785/153 197/786/153 241/787/153
f 244/788/154 204/789/154 202/790/154 243/791/154
f 288/792/155 287/793/155 286/794/155 285/795/155
f 287/796/156 290/797/156 289/798/156 286/799/156
f 290/800/157 292/801/157 291/802/157 289/803/157
f 292/804/158 294/805/158 293/806/158 291/807/158
f 294/808/159 288/809/159 285/810/159 293/811/159
f 285/812/160 286/813/160 289/814/160 291/815/160 293/816/160
f 294/817/161 292/818/161 290/819/161 287/820/161 288/821/161
f 308/822/162 307/823/162 306/824/162 305/825/162
f 307/826/163 310/827/163 309/828/163 306/829/163
f 310/830/164 312/831/164 311/832/164 309/833/164
f 312/834/165 314/835/165 313/836/165 311/837/165
f 314/838/166 316/839/166 315/840/166 313/841/166
f 316/842/167 308/843/167 305/844/167 315/845/167
f 305/846/168 306/847/168 309/848/168 311/849/168 313/850/168 315/851/168
f 316/852/169 314/853/169 312/854/169 310/855/169 307/856/169 308/857/169
usemtl light4
f 202/858/170 201/859/170 199/860/170 200/861/170
f 207/862/171 211/863/171 210/864/171 206/865/171
f 215/866/172 219/867/172 218/868/172 214/869/172
f 223/870/173 227/871/173 226/872/173 222/873/173
f 231/874/174 235/875/174 234/876/174 230/877/174
f 239/878/175 243/879/175 242/880/175 238/881/175
usemtl light3
f 201/882/176 207/883/176 206/884/176 199/885/176
f 211/886/177 215/887/177 214/888/177 210/889/177
f 219/890/178 223/891/178 222/892/178 218/893/178
f 227/894/179 231/895/179 230/896/179 226/897/179
f 235/898/180 239/899/180 238/900/180 234/901/180
f 243/902/181 202/903/181 200/904/181 242/905/181
usemtl mat23
f 248/906/182 247/907/182 246/908/182 245/909/182
f 247/910/183 250/911/183 249/912/183 246/913/183
f 250/914/184 252/915/184 251/916/184 249/917/184
f 252/918/185 254/919/185 253/920/185 251/921/185
f 254/922/186 248/923/186 245/924/186 253/925/186
f 245/926/187 246/927/187 249/928/187 251/929/187 253/930/187
f 254/931/188 252/932/188 250/933/188 247/934/188 248/935/188
f 256/936/189 255/937/189 251/938/189 253/939/189
f 255/940/190 257/941/190 249/942/190 251/943/190
f 257/944/191 258/945/191 246/946/191 249/947/191
f 258/948/192 259/949/192 245/950/192 246/951/192
f 259/952/193 256/953/193 253/954/193 245/955/193
f 259/956/194 258/957/194 257/958/194 255/959/194 256/960/194
f 263/961/195 262/962/195 261/963/195 260/964/195
f 262/965/196 265/966/196 264/967/196 261/968/196
f 265/969/197 267/970/197 266/971/197 264/972/197
f 267/973/198 269/974/198 268/975/198 266/976/198
f 269/977/199 263/978/199 260/979/199 268/980/199
f 260/981/200 261/982/200 264/983/200 266/984/200 268/985/200
f 269/986/201 267/987/201 265/988/201 262/989/201 263/990/201
f 271/991/202 270/992/202 266/993/202 268/994/202
f 270/995/203 272/996/203 264/997/203 266/998/203
f 272/999/204 273/1000/204 261/1001/204 264/1002/204
f 273/1003/205 274/1004/205 260/1005/205 261/1006/205
f 274/1007/206 271/1008/206 268/1009/206 260/1010/206
f 274/1011/207 273/1012/207 272/1013/207 270/1014/207 271/1015/207
f 278/1016/208 277/1017/208 276/1018/208 275/1019/208
f 277/1020/209 280/1021/209 279/1022/209 276/1023/209
f 280/1024/210 282/1025/210 281/1026/210 279/1027/210
f 282/1028/211 284/1029/211 283/1030/211 281/1031/211
f 284/1032/212 278/1033/212 275/1034/212 283/1035/212
f 275/1036/213 276/1037/213 279/1038/213 281/1039/213 283/1040/213
f 284/1041/214 282/1042/214 280/1043/214 277/1044/214 278/1045/214
o group1329124018
v 0.210000 0.449999 -2.250000
v 0.210000 0.449999 -2.050000
v 0.210000 0.479999 -2.050000
v 0.210000 0.479999 -2.250000
v -0.440000 0.449999 -2.250000
v -0.440000 0.479999 -2.250000
v -0.440000 0.479999 -2.050000
v -0.440000 0.449999 -2.050000
v 0.172818 0.242792 -2.037592
v 0.172673 0.277784 -2.042647
v 0.177172 0.464207 -2.192181
v 0.179088 0.460011 -2.227234
v 0.137319 0.277672 -2.042414
v 0.141922 0.465910 -2.194313
v 0.137463 0.242680 -2.037359
v 0.143839 0.461714 -2.229366
v -0.382506 0.240129 -2.039883
v -0.383367 0.275158 -2.044599
v -0.380858 0.463130 -2.192230
v -0.378324 0.459330 -2.227289
v -0.418709 0.274249 -2.044903
v -0.416102 0.464061 -2.194879
v -0.417849 0.239220 -2.040187
v -0.413567 0.460262 -2.229938
vn 1.0000 -0.0000 -0.0000
vn -1.0000 -0.0000 -0.0000
vn -0.0000 -1.0000 -0.0000
vn -0.0000 1.0000 -0.0000
vn -0.0000 -0.0000 -1.0000
vn -0.0000 -0.0000 1.0000
vn 0.9987 0.0148 0.0493
vn -0.0068 0.6269 0.7790
vn -0.9987 -0.0147 -0.0493
vn 0.0054 -0.6585 -0.7525
vn 0.0061 0.1430 0.9897
vn 0.0549 0.9918 -0.1157
vn 0.9972 0.0367 0.0646
vn -0.0327 0.6188 0.7849
vn -0.9972 -0.0367 -0.0646
vn 0.0315 -0.6506 -0.7587
vn -0.0119 0.1331 0.9910
vn 0.0342 0.9939 -0.1052
vt -0.224242 0.076607
vt -0.207967 0.064983
vt -0.209711 0.062541
vt -0.225985 0.074166
vt 0.209711 0.062541
vt 0.207967 0.064982
vt 0.224242 0.076607
vt 0.225985 0.074166
vt -0.156598 0.176980
vt -0.178460 0.115767
vt -0.197295 0.122494
vt -0.175433 0.183707
vt 0.197295 0.122494
vt 0.178460 0.115767
vt 0.156598 0.176980
vt 0.175433 0.183707
vt 0.085418 0.012075
vt 0.082735 0.013416
vt 0.111803 0.071554
vt 0.114487 0.070212
vt -0.111803 0.071554
vt -0.082734 0.013416
vt -0.085418 0.012075
vt -0.114487 0.070212
vt -0.222212 0.092692
vt -0.219250 0.090762
vt -0.219739 0.066864
vt -0.221597 0.063856
vt 0.014909 0.137294
vt 0.016979 0.134428
vt -0.003400 0.121390
vt -0.005228 0.124416
vt 0.219137 0.090967
vt 0.222099 0.092897
vt 0.221419 0.063770
vt 0.219561 0.066778
vt -0.026148 0.140477
vt -0.024080 0.143344
vt 0.000195 0.127770
vt -0.001628 0.124741
vt -0.107277 0.068625
vt -0.104165 0.070304
vt -0.102486 0.067193
vt -0.105597 0.065514
vt 0.189263 0.172597
vt 0.185944 0.171380
vt 0.184726 0.174699
vt 0.188046 0.175917
vt -0.216757 0.100168
vt -0.213899 0.098087
vt -0.215620 0.074246
vt -0.217631 0.071339
vt 0.045091 0.083751
vt 0.047138 0.080869
vt 0.026654 0.067997
vt 0.024850 0.071038
vt 0.213775 0.098282
vt 0.216633 0.100362
vt 0.217458 0.071239
vt 0.215447 0.074147
vt -0.056275 0.086903
vt -0.054228 0.089786
vt -0.029841 0.074387
vt -0.031643 0.071345
vt -0.080930 0.015297
vt -0.077786 0.016913
vt -0.076170 0.013768
vt -0.079315 0.012152
vt 0.205182 0.118916
vt 0.201886 0.117634
vt 0.200605 0.120930
vt 0.203900 0.122211
s 1
usemtl mat19
f 320/1046/215 319/1047/215 318/1048/215 317/1049/215
f 324/1050/216 323/1051/216 322/1052/216 321/1053/216
f 318/1054/217 324/1055/217 321/1056/217 317/1057/217
f 322/1058/218 323/1059/218 319/1060/218 320/1061/218
f 321/1062/219 322/1063/219 320/1064/219 317/1065/219
f 319/1066/220 323/1067/220 324/1068/220 318/1069/220
f 328/1070/221 327/1071/221 326/1072/221 325/1073/221
f 327/1074/222 330/1075/222 329/1076/222 326/1077/222
f 330/1078/223 332/1079/223 331/1080/223 329/1081/223
f 332/1082/224 328/1083/224 325/1084/224 331/1085/224
f 325/1086/225 326/1087/225 329/1088/225 331/1089/225
f 332/1090/226 330/1091/226 327/1092/226 328/1093/226
f 336/1094/227 335/1095/227 334/1096/227 333/1097/227
f 335/1098/228 338/1099/228 337/1100/228 334/1101/228
f 338/1102/229 340/1103/229 339/1104/229 337/1105/229
f 340/1106/230 336/1107/230 333/1108/230 339/1109/230
f 333/1110/231 334/1111/231 337/1112/231 339/1113/231
f 340/1114/232 338/1115/232 335/1116/232 336/1117/232
o group1384295385
v -1.215000 1.009999 -0.455000
v -1.215000 1.299999 -0.455000
v -1.175000 1.299999 -0.455000
v -1.175000 1.009999 -0.455000
v -1.215000 1.009999 -1.045000
v -1.175000 1.009999 -1.045000
v -1.175000 1.299999 -1.045000
v -1.215000 1.299999 -1.045000
v -1.175000 1.248414 -0.511744
v -1.175000 1.061584 -0.511744
v -1.175000 1.248414 -0.988256
v -1.175000 1.061584 -0.988256
v -1.195000 1.248414 -0.511744
v -1.195000 1.061584 -0.511744
v -1.195000 1.248414 -0.988256
v -1.195000 1.061584 -0.988256
v -1.168752 1.282999 -0.483554
v -1.167066 1.275138 -0.474977
v -1.180631 1.274624 -0.479054
v -1.182408 1.282465 -0.487631
v -1.165052 1.264688 -0.479971
v -1.178284 1.264245 -0.484051
v -1.165494 1.266090 -0.491634
v -1.178610 1.265672 -0.495715
v -1.167780 1.277407 -0.493849
v -1.181158 1.276933 -0.497927
v -1.194260 1.269408 -0.475970
v -1.196297 1.277185 -0.484548
v -1.191398 1.259158 -0.480963
v -1.191666 1.260599 -0.492628
v -1.194693 1.271740 -0.494843
v -1.166065 1.051506 -0.485319
v -1.162518 1.043639 -0.477336
v -1.178675 1.038836 -0.475433
v -1.182288 1.046679 -0.483409
v -1.159800 1.033698 -0.482991
v -1.175399 1.029095 -0.481141
v -1.161667 1.035421 -0.494469
v -1.176987 1.030918 -0.492645
v -1.165539 1.046427 -0.495908
v -1.181245 1.041786 -0.494047
v -1.165470 1.045687 -1.016973
v -1.163896 1.037906 -1.008301
v -1.181659 1.035313 -1.007257
v -1.183411 1.043049 -1.015933
v -1.161627 1.027450 -1.013171
v -1.178597 1.025050 -1.012104
v -1.161797 1.028768 -1.024851
v -1.178457 1.026444 -1.023776
v -1.164172 1.040039 -1.027201
v -1.181432 1.037568 -1.026142
v -1.171093 1.281934 -1.016527
v -1.171067 1.274315 -1.007575
v -1.186674 1.271133 -1.011820
v -1.186968 1.278688 -1.020821
v -1.168229 1.263727 -1.011823
v -1.183055 1.260729 -1.015926
v -1.166501 1.264803 -1.023401
v -1.181113 1.261855 -1.027466
v -1.168270 1.276055 -1.026309
v -1.183531 1.272954 -1.030491
vn -0.0000 -0.0000 1.0000
vn -0.0000 -0.0000 -1.0000
vn -1.0000 -0.0000 -0.0000
vn 1.0000 -0.0000 -0.0000
vn -0.0000 -1.0000 -0.0000
vn -0.0000 1.0000 -0.0000
vn -0.2310 0.6940 0.6819
vn -0.2434 -0.4604 0.8537
vn 0.0703 -0.9900 -0.1224
vn 0.2959 -0.1224 -0.9474
vn 0.1071 0.8795 -0.4636
vn 0.9806 0.1955 -0.0136
vn -0.9753 -0.2207 0.0002
vn -0.1217 0.7203 0.6829
vn 0.3342 -0.3411 0.8786
vn 0.3337 -0.9346 -0.1234
vn -0.1371 -0.2248 -0.9647
vn -0.4052 0.7823 -0.4732
vn -0.9644 -0.2642 -0.0105
vn -0.1174 0.6809 0.7229
vn 0.2312 -0.4327 0.8714
vn 0.2573 -0.9484 -0.1850
vn -0.0715 -0.1546 -0.9854
vn -0.3032 0.8537 -0.4235
vn 0.9423 0.3177 -0.1056
vn -0.9318 -0.3557 0.0723
vn -0.0687 0.7370 0.6724
vn 0.1126 -0.3980 0.9104
vn 0.1310 -0.9847 -0.1145
vn -0.0313 -0.2131 -0.9765
vn -0.1537 0.8572 -0.4915
vn 0.9781 0.2080 0.0092
vn -0.9628 -0.2667 -0.0434
vn -0.3145 0.7222 0.6160
vn -0.1636 -0.4078 0.8983
vn 0.2134 -0.9752 -0.0590
vn 0.2972 -0.1926 -0.9352
vn -0.0324 0.8535 -0.5200
vn 0.9674 0.1941 0.1625
vn -0.9486 -0.2570 -0.1847
vt -0.047181 -0.050982
vt -0.021243 -0.038013
vt -0.019454 -0.041591
vt -0.045392 -0.054560
vt 0.019454 -0.041591
vt 0.021243 -0.038013
vt 0.047181 -0.050982
vt 0.045392 -0.054560
vt 0.059577 -0.001686
vt 0.107587 0.032608
vt 0.124443 0.009009
vt 0.076433 -0.025284
vt -0.078052 -0.017788
vt -0.067193 -0.002585
vt -0.059577 -0.001686
vt -0.076433 -0.025284
vt -0.109881 0.008980
vt -0.108536 0.012747
vt -0.052973 -0.007097
vt -0.054318 -0.010864
vt 0.052973 -0.007097
vt 0.108536 0.012747
vt 0.109881 0.008980
vt 0.054318 -0.010864
vt -0.105968 0.025112
vt -0.107587 0.032607
vt -0.116827 0.009909
vt -0.124443 0.009009
vt -0.107587 0.032608
vt 0.041673 -0.050464
vt 0.024962 -0.042109
vt 0.025857 -0.040320
vt 0.042567 -0.048675
vt -0.058989 -0.007072
vt -0.103865 0.008955
vt -0.103192 0.010839
vt -0.058317 -0.005188
vt -0.024962 -0.042109
vt -0.041673 -0.050464
vt -0.042567 -0.048675
vt -0.025857 -0.040320
vt 0.103865 0.008955
vt 0.058989 -0.007072
vt 0.058317 -0.005188
vt 0.103192 0.010839
vt 0.028562 -0.028283
vt 0.027475 -0.028730
vt 0.026534 -0.027670
vt 0.027618 -0.027215
vt -0.045398 -0.046807
vt -0.046567 -0.046933
vt -0.046766 -0.045562
vt -0.045601 -0.045405
vt -0.052355 -0.009009
vt -0.053457 -0.008600
vt -0.052593 -0.007530
vt -0.051488 -0.007929
vt 0.006234 -0.051455
vt 0.005121 -0.051074
vt 0.005865 -0.049889
vt 0.006969 -0.050294
vt 0.065552 -0.018183
vt 0.064399 -0.018411
vt 0.063893 -0.017078
vt 0.065051 -0.016876
vt -0.057608 0.017392
vt -0.057658 0.016218
vt -0.058790 0.015902
vt -0.059441 0.016881
vt -0.058710 0.017802
vt 0.056509 0.022416
vt 0.057301 0.021547
vt 0.056720 0.020526
vt 0.055568 0.020763
vt 0.055438 0.021931
vt 0.026311 -0.023917
vt 0.025213 -0.024335
vt 0.025007 -0.022858
vt 0.026096 -0.022415
vt -0.047931 -0.029305
vt -0.049106 -0.029346
vt -0.049162 -0.027907
vt -0.047990 -0.027815
vt -0.055838 -0.021503
vt -0.056946 -0.021108
vt -0.056797 -0.019682
vt -0.055687 -0.020071
vt 0.015177 -0.028825
vt 0.014036 -0.028540
vt 0.014196 -0.027067
vt 0.015324 -0.027398
vt 0.065176 -0.024261
vt 0.064021 -0.024481
vt 0.063951 -0.022965
vt 0.065112 -0.022780
vt 0.052229 0.028482
vt 0.053110 0.027704
vt 0.052642 0.026625
vt 0.051472 0.026737
vt 0.051217 0.027885
vt 0.009136 -0.034571
vt 0.007991 -0.034840
vt 0.007558 -0.033200
vt 0.008700 -0.032924
vt -0.069941 -0.039418
vt -0.071116 -0.039379
vt -0.071204 -0.037744
vt -0.070029 -0.037724
vt -0.050418 -0.024672
vt -0.051556 -0.024377
vt -0.051194 -0.022812
vt -0.050048 -0.023077
vt 0.038040 -0.043636
vt 0.036874 -0.043491
vt 0.037193 -0.041874
vt 0.038354 -0.042060
vt 0.076148 -0.027384
vt 0.074992 -0.027594
vt 0.074803 -0.025901
vt 0.075968 -0.025746
vt -0.071783 0.018633
vt -0.072067 0.017493
vt -0.073240 0.017411
vt -0.073680 0.018501
vt -0.072780 0.019256
vt 0.065575 0.032519
vt 0.066606 0.031955
vt 0.066389 0.030800
vt 0.065223 0.030650
vt 0.064720 0.031713
vt 0.047029 -0.010603
vt 0.045940 -0.011048
vt 0.045244 -0.009390
vt 0.046325 -0.008928
vt -0.089318 -0.044707
vt -0.090494 -0.044737
vt -0.090813 -0.043050
vt -0.089643 -0.042939
vt -0.101198 0.002687
vt -0.102287 0.003130
vt -0.101798 0.004743
vt -0.100697 0.004330
vt 0.024202 -0.037896
vt 0.023065 -0.037599
vt 0.023679 -0.035964
vt 0.024800 -0.036320
vt 0.122940 -0.018238
vt 0.121795 -0.018504
vt 0.121651 -0.016693
vt 0.122810 -0.016496
vt -0.106652 0.048529
vt -0.106755 0.047358
vt -0.107901 0.047094
vt -0.108506 0.048102
vt -0.107734 0.048989
vt 0.095244 0.065744
vt 0.096150 0.064994
vt 0.095717 0.063901
vt 0.094544 0.063975
vt 0.094251 0.065114
vt 0.074840 -0.019024
vt 0.073816 -0.019601
vt 0.072872 -0.018250
vt 0.073882 -0.017648
vt -0.061549 -0.061275
vt -0.062724 -0.061290
vt -0.062792 -0.059724
vt -0.061620 -0.059628
vt -0.106731 0.001542
vt -0.107755 0.002120
vt -0.106885 0.003397
vt -0.105851 0.002839
vt -0.015498 -0.057544
vt -0.016602 -0.057139
vt -0.015928 -0.055675
vt -0.014849 -0.056142
vt 0.110825 -0.019787
vt 0.109717 -0.020180
vt 0.109113 -0.018617
vt 0.110240 -0.018285
vt -0.075504 0.069260
vt -0.075717 0.068103
vt -0.076882 0.067948
vt -0.077390 0.069008
vt -0.076538 0.069819
vt 0.064459 0.078544
vt 0.065399 0.077837
vt 0.065017 0.076725
vt 0.063841 0.076745
vt 0.063497 0.077869
s 1
usemtl mat19
f 344/1118/233 343/1119/233 342/1120/233 341/1121/233
f 348/1122/234 347/1123/234 346/1124/234 345/1125/234
f 342/1126/235 348/1127/235 345/1128/235 341/1129/235
f 350/1130/236 349/1131/236 343/1132/236 344/1133/236
f 345/1134/237 346/1135/237 344/1136/237 341/1137/237
f 343/1138/238 347/1139/238 348/1140/238 342/1141/238
f 349/1131/236 351/1142/236 347/1143/236 343/1132/236
f 351/1142/236 352/1144/236 346/1145/236 347/1146/236
f 352/1144/236 350/1130/236 344/1133/236 346/1145/236
f 354/1147/234 353/1148/234 349/1149/234 350/1150/234
f 353/1151/237 355/1152/237 351/1153/237 349/1154/237
f 355/1155/233 356/1156/233 352/1157/233 351/1158/233
f 356/1159/238 354/1160/238 350/1161/238 352/1162/238
usemtl mat10
f 356/1144/236 355/1142/236 353/1131/236 354/1130/236
usemtl mat17
f 360/1163/239 359/1164/239 358/1165/239 357/1166/239
f 359/1167/240 362/1168/240 361/1169/240 358/1170/240
f 362/1171/241 364/1172/241 363/1173/241 361/1174/241
f 364/1175/242 366/1176/242 365/1177/242 363/1178/242
f 366/1179/243 360/1180/243 357/1181/243 365/1182/243
f 357/1183/244 358/1184/244 361/1185/244 363/1186/244 365/1187/244
f 366/1188/245 364/1189/245 362/1190/245 359/1191/245 360/1192/245
f 368/1193/246 367/1194/246 359/1195/246 360/1196/246
f 367/1197/247 369/1198/247 362/1199/247 359/1200/247
f 369/1201/248 370/1202/248 364/1203/248 362/1204/248
f 370/1205/249 371/1206/249 366/1207/249 364/1208/249
f 371/1209/250 368/1210/250 360/1211/250 366/1212/250
f 371/1213/251 370/1214/251 369/1215/251 367/1216/251 368/1217/251
f 375/1218/252 374/1219/252 373/1220/252 372/1221/252
f 374/1222/253 377/1223/253 376/1224/253 373/1225/253
f 377/1226/254 379/1227/254 378/1228/254 376/1229/254
f 379/1230/255 381/1231/255 380/1232/255 378/1233/255
f 381/1234/256 375/1235/256 372/1236/256 380/1237/256
f 372/1238/257 373/1239/257 376/1240/257 378/1241/257 380/1242/257
f 381/1243/258 379/1244/258 377/1245/258 374/1246/258 375/1247/258
f 385/1248/259 384/1249/259 383/1250/259 382/1251/259
f 384/1252/260 387/1253/260 386/1254/260 383/1255/260
f 387/1256/261 389/1257/261 388/1258/261 386/1259/261
f 389/1260/262 391/1261/262 390/1262/262 388/1263/262
f 391/1264/263 385/1265/263 382/1266/263 390/1267/263
f 382/1268/264 383/1269/264 386/1270/264 388/1271/264 390/1272/264
f 391/1273/265 389/1274/265 387/1275/265 384/1276/265 385/1277/265
f 395/1278/266 394/1279/266 393/1280/266 392/1281/266
f 394/1282/267 397/1283/267 396/1284/267 393/1285/267
f 397/1286/268 399/1287/268 398/1288/268 396/1289/268
f 399/1290/269 401/1291/269 400/1292/269 398/1293/269
f 401/1294/270 395/1295/270 392/1296/270 400/1297/270
f 392/1298/271 393/1299/271 396/1300/271 398/1301/271 400/1302/271
f 401/1303/272 399/1304/272 397/1305/272 394/1306/272 395/1307/272
o group145181358
v -0.747899 0.525593 0.281535
v -0.766555 0.525593 0.334272
v -0.766555 0.519999 0.334272
v -0.747899 0.519999 0.281535
v -0.730210 0.525593 0.376797
v -0.730210 0.519999 0.376797
v -0.675210 0.525593 0.366585
v -0.675210 0.519999 0.366585
v -0.656555 0.525593 0.313848
v -0.656555 0.519999 0.313848
v -0.692899 0.525593 0.271322
v -0.692899 0.519999 0.271322
vn -0.9427 -0.0000 -0.3335
vn -0.7602 -0.0000 0.6497
vn 0.1826 -0.0000 0.9832
vn 0.9428 -0.0000 0.3335
vn 0.7602 -0.0000 -0.6497
vn -0.1826 -0.0000 -0.9832
vn -0.0000 1.0000 -0.0000
vn -0.0000 -1.0000 -0.0000
vt 0.040185 -0.053165
vt 0.036840 -0.057649
vt 0.036391 -0.057314
vt 0.039736 -0.052830
vt -0.066132 -0.030224
vt -0.070593 -0.026850
vt -0.070256 -0.026404
vt -0.065794 -0.029778
vt -0.063419 -0.015699
vt -0.065827 -0.010650
vt -0.065322 -0.010409
vt -0.062914 -0.015458
vt -0.036840 -0.057649
vt -0.040185 -0.053165
vt -0.039736 -0.052830
vt -0.036391 -0.057314
vt 0.070593 -0.026850
vt 0.066132 -0.030224
vt 0.065794 -0.029778
vt 0.070256 -0.026404
vt 0.065827 -0.010650
vt 0.063419 -0.015699
vt 0.062914 -0.015458
vt 0.065322 -0.010409
vt -0.030755 0.008353
vt -0.035094 0.004822
vt -0.040321 0.006815
vt -0.041209 0.012338
vt -0.036870 0.015868
vt -0.031643 0.013876
vt 0.031643 0.013876
vt 0.036870 0.015868
vt 0.041209 0.012338
vt 0.040321 0.006815
vt 0.035094 0.004822
vt 0.030755 0.008353
s 1
usemtl mat17
f 405/1308/273 404/1309/273 403/1310/273 402/1311/273
f 404/1312/274 407/1313/274 406/1314/274 403/1315/274
f 407/1316/275 409/1317/275 408/1318/275 406/1319/275
f 409/1320/276 411/1321/276 410/1322/276 408/1323/276
f 411/1324/277 413/1325/277 412/1326/277 410/1327/277
f 413/1328/278 405/1329/278 402/1330/278 412/1331/278
f 402/1332/279 403/1333/279 406/1334/279 408/1335/279 410/1336/279 412/1337/279
f 413/1338/280 411/1339/280 409/1340/280 407/1341/280 404/1342/280 405/1343/280
o group150326201
v -0.870000 0.139999 -1.270000
v -0.870000 0.679999 -1.270000
v -0.850000 0.679999 -1.270000
v -0.850000 0.139999 -1.270000
v -0.870000 0.139999 -1.510000
v -0.850000 0.139999 -1.510000
v -0.850000 0.679999 -1.510000
v -0.870000 0.679999 -1.510000
v -0.850000 0.324999 -1.455000
v -0.850000 0.374999 -1.455000
v -0.830000 0.374999 -1.455000
v -0.830000 0.324999 -1.455000
v -0.850000 0.324999 -1.475000
v -0.830000 0.324999 -1.475000
v -0.830000 0.374999 -1.475000
v -0.850000 0.374999 -1.475000
vn -0.0000 -0.0000 1.0000
vn -0.0000 -0.0000 -1.0000
vn -1.0000 -0.0000 -0.0000
vn 1.0000 -0.0000 -0.0000
vn -0.0000 -1.0000 -0.0000
vn -0.0000 1.0000 -0.0000
vt -0.094809 -0.038460
vt -0.046510 -0.014311
vt -0.045616 -0.016100
vt -0.093915 -0.040249
vt 0.045616 -0.016100
vt 0.046510 -0.014311
vt 0.094809 -0.038460
vt 0.093915 -0.040249
vt 0.132871 0.035921
vt 0.152401 0.049870
vt 0.183787 0.005929
vt 0.164258 -0.008021
vt -0.183787 0.005929
vt -0.152401 0.049870
vt -0.132871 0.035921
vt -0.164258 -0.008021
vt -0.142068 0.057110
vt -0.141396 0.058994
vt -0.118794 0.050922
vt -0.119466 0.049038
vt 0.118794 0.050921
vt 0.141396 0.058993
vt 0.142069 0.057110
vt 0.119467 0.049038
vt -0.079157 -0.028398
vt -0.074685 -0.026162
vt -0.073790 -0.027951
vt -0.078262 -0.030187
vt 0.073790 -0.027951
vt 0.074685 -0.026162
vt 0.079157 -0.028398
vt 0.078262 -0.030187
vt 0.165653 0.021855
vt 0.167280 0.023017
vt 0.170187 0.018948
vt 0.168559 0.017786
vt -0.170187 0.018948
vt -0.167280 0.023017
vt -0.165653 0.021855
vt -0.168559 0.017786
vt -0.138100 0.057816
vt -0.137427 0.059700
vt -0.135544 0.059027
vt -0.136216 0.057144
vt 0.135544 0.059027
vt 0.137427 0.059700
vt 0.138100 0.057816
vt 0.136216 0.057144
s 1
usemtl mat18
f 417/1344/281 416/1345/281 415/1346/281 414/1347/281
f 421/1348/282 420/1349/282 419/1350/282 418/1351/282
f 415/1352/283 421/1353/283 418/1354/283 414/1355/283
f 419/1356/284 420/1357/284 416/1358/284 417/1359/284
f 418/1360/285 419/1361/285 417/1362/285 414/1363/285
f 416/1364/286 420/1365/286 421/1366/286 415/1367/286
usemtl mat23
f 425/1368/281 424/1369/281 423/1370/281 422/1371/281
f 429/1372/282 428/1373/282 427/1374/282 426/1375/282
f 423/1376/283 429/1377/283 426/1378/283 422/1379/283
f 427/1380/284 428/1381/284 424/1382/284 425/1383/284
f 426/1384/285 427/1385/285 425/1386/285 422/1387/285
f 424/1388/286 428/1389/286 429/1390/286 423/1391/286
o group161297073
v -1.225000 0.829999 1.735000
v -1.225000 1.229999 1.735000
v -1.185000 1.229999 1.735000
v -1.185000 0.829999 1.735000
v -1.225000 0.829999 1.405000
v -1.185000 0.829999 1.405000
v -1.185000 1.229999 1.405000
v -1.225000 1.229999 1.405000
v -1.185000 1.178414 1.678256
v -1.185000 0.881584 1.678256
v -1.185000 1.178414 1.461743
v -1.185000 0.881584 1.461744
v -1.205000 1.178414 1.678256
v -1.205000 1.107275 1.678257
v -1.205000 0.881584 1.678256
v -1.205000 1.178414 1.461743
v -1.205000 0.881584 1.461744
v -1.205000 1.077142 1.461743
v -1.179024 0.864943 1.706244
v -1.176334 0.857123 1.714599
v -1.192451 0.853642 1.716876
v -1.195248 0.861430 1.708526
v -1.173729 0.846938 1.709338
v -1.189362 0.843605 1.711594
v -1.174810 0.848463 1.697732
v -1.190250 0.845189 1.699980
v -1.178082 0.859591 1.695820
v -1.193887 0.856206 1.698084
v -1.206666 0.847625 1.714601
v -1.209676 0.855336 1.706254
v -1.202795 0.837868 1.709307
v -1.203413 0.839550 1.697689
v -1.207665 0.850346 1.695802
v -1.178699 0.866633 1.432611
v -1.178804 0.859691 1.442097
v -1.198827 0.855772 1.434154
v -1.198986 0.862636 1.424612
v -1.175430 0.848934 1.438766
v -1.194643 0.845251 1.430992
v -1.173240 0.849227 1.427220
v -1.192217 0.845613 1.419495
v -1.175260 0.860166 1.423415
v -1.194901 0.856357 1.415552
v -1.212484 0.847482 1.428876
v -1.212886 0.854258 1.419279
v -1.207690 0.837182 1.425853
v -1.205130 0.837593 1.414387
v -1.208341 0.848146 1.410324
v -1.175246 1.217653 1.434868
v -1.171921 1.210667 1.443718
v -1.190308 1.203822 1.444936
v -1.193665 1.210798 1.436089
v -1.169223 1.200144 1.439223
v -1.186910 1.193538 1.440364
v -1.170882 1.200628 1.427594
v -1.188167 1.194159 1.428692
v -1.174605 1.211449 1.424903
v -1.192342 1.204826 1.426050
v -1.202791 1.196078 1.444524
v -1.206324 1.202983 1.435690
v -1.198754 1.186050 1.439904
v -1.199792 1.186758 1.428216
v -1.204471 1.197223 1.425611
v -1.181420 1.212811 1.705814
v -1.179444 1.205546 1.714843
v -1.195958 1.199060 1.712736
v -1.198105 1.206279 1.703710
v -1.177144 1.194874 1.710483
v -1.192789 1.188618 1.708363
v -1.177699 1.195542 1.698760
v -1.192978 1.189384 1.696634
v -1.180341 1.206628 1.695874
v -1.196263 1.200299 1.693758
vn -0.0000 -0.0000 1.0000
vn -0.0000 -0.0000 -1.0000
vn -1.0000 -0.0000 -0.0000
vn 1.0000 -0.0000 -0.0000
vn -0.0000 -1.0000 -0.0000
vn -0.0000 1.0000 -0.0000
vn -0.0582 0.7199 0.6917
vn 0.2136 -0.4037 0.8896
vn 0.1855 -0.9718 -0.1458
vn -0.0985 -0.1984 -0.9752
vn -0.2488 0.8526 -0.4596
vn 0.9605 0.2733 -0.0535
vn -0.9507 -0.3086 0.0306
vn -0.3701 0.6132 0.6979
vn 0.0480 -0.4575 0.8879
vn 0.4108 -0.8988 -0.1530
vn 0.2057 -0.0945 -0.9740
vn -0.2833 0.8428 -0.4577
vn -0.9302 -0.3671 -0.0037
vn -0.3645 0.7532 0.5476
vn -0.2827 -0.3704 0.8848
vn 0.1842 -0.9829 0.0090
vn 0.4019 -0.2296 -0.8864
vn 0.0584 0.8297 -0.5552
vn 0.9524 0.2409 0.1868
vn -0.9290 -0.3076 -0.2057
vn -0.5818 0.6542 0.4833
vn -0.1527 -0.3413 0.9275
vn 0.5021 -0.8611 0.0800
vn 0.4610 -0.1976 -0.8651
vn -0.2167 0.7528 -0.6216
vn -0.9080 -0.3593 -0.2156
vn -0.2253 0.7217 0.6545
vn 0.1889 -0.3453 0.9193
vn 0.3439 -0.9349 -0.0874
vn 0.0245 -0.2323 -0.9723
vn -0.3289 0.7920 -0.5144
vn 0.9474 0.2954 -0.1229
vn -0.9348 -0.3455 0.0823
vn -0.4121 0.6317 0.6566
vn 0.1850 -0.3482 0.9190
vn 0.5359 -0.8383 -0.1003
vn 0.1502 -0.1785 -0.9724
vn -0.4443 0.7416 -0.5026
vn -0.9167 -0.3955 0.0575
vn -0.3508 0.6897 0.6334
vn 0.0273 -0.3760 0.9262
vn 0.3798 -0.9226 -0.0685
vn 0.2083 -0.1949 -0.9584
vn -0.2504 0.8092 -0.5315
vn 0.9741 0.2235 -0.0333
vn -0.9573 -0.2891 -0.0035
vt -0.018112 -0.037566
vt 0.017665 -0.019677
vt 0.019454 -0.023255
vt -0.016323 -0.041144
vt -0.019454 -0.023255
vt -0.017665 -0.019677
vt 0.018112 -0.037566
vt 0.016323 -0.041144
vt 0.059809 0.051323
vt 0.086663 0.070504
vt 0.109912 0.037955
vt 0.083059 0.018774
vt -0.084678 0.026270
vt -0.067425 0.050424
vt -0.059809 0.051323
vt -0.083059 0.018774
vt -0.114926 0.009720
vt -0.113581 0.013487
vt -0.082503 0.002388
vt -0.083849 -0.001379
vt 0.082503 0.002388
vt 0.113581 0.013487
vt 0.114926 0.009720
vt 0.083849 -0.001379
vt -0.085044 0.063008
vt -0.086663 0.070504
vt -0.085043 0.063008
vt -0.102296 0.038854
vt -0.109912 0.037955
vt 0.012604 -0.037048
vt -0.007582 -0.026955
vt -0.013945 -0.023773
vt -0.013051 -0.021984
vt 0.013498 -0.035259
vt -0.088520 0.002413
vt -0.108910 0.009695
vt -0.108237 0.011579
vt -0.087847 0.004296
vt 0.013946 -0.023773
vt 0.004887 -0.028302
vt -0.012604 -0.037048
vt -0.013498 -0.035259
vt 0.013051 -0.021984
vt 0.108910 0.009695
vt 0.088520 0.002413
vt 0.087847 0.004296
vt 0.108237 0.011579
vt -0.090930 0.054768
vt -0.071560 0.044635
vt 0.048390 -0.007086
vt 0.047267 -0.007434
vt 0.046783 -0.005841
vt 0.047902 -0.005483
vt -0.055333 -0.028830
vt -0.056509 -0.028833
vt -0.056741 -0.027236
vt -0.055567 -0.027182
vt -0.082317 -0.003066
vt -0.083439 -0.002713
vt -0.083105 -0.001154
vt -0.081977 -0.001488
vt 0.004331 -0.022203
vt 0.003176 -0.021984
vt 0.003611 -0.020411
vt 0.004758 -0.020667
vt 0.088106 -0.016495
vt 0.086951 -0.016715
vt 0.086870 -0.015042
vt 0.088032 -0.014864
vt -0.065102 0.055779
vt -0.065302 0.054621
vt -0.066465 0.054453
vt -0.066985 0.055507
vt -0.066142 0.056327
vt 0.056589 0.064433
vt 0.057533 0.063732
vt 0.057158 0.062618
vt 0.055983 0.062630
vt 0.055631 0.063751
vt 0.056222 -0.030501
vt 0.055096 -0.030840
vt 0.054523 -0.029389
vt 0.055642 -0.029028
vt -0.055784 -0.041087
vt -0.056957 -0.041006
vt -0.056720 -0.039547
vt -0.055544 -0.039545
vt -0.085344 -0.012709
vt -0.086459 -0.012336
vt -0.085801 -0.011044
vt -0.084677 -0.011390
vt -0.001519 -0.050271
vt -0.002682 -0.050097
vt -0.002460 -0.048599
vt -0.001309 -0.048836
vt 0.088552 -0.017361
vt 0.087412 -0.017647
vt 0.086823 -0.016178
vt 0.087978 -0.015959
vt 0.039516 0.074534
vt 0.040587 0.074048
vt 0.040455 0.072879
vt 0.039304 0.072643
vt 0.038723 0.073666
vt 0.090281 -0.013762
vt 0.089257 -0.014338
vt 0.087819 -0.012686
vt 0.088830 -0.012086
vt -0.046237 -0.073076
vt -0.047412 -0.073077
vt -0.047560 -0.070978
vt -0.046388 -0.070892
vt -0.113602 0.003957
vt -0.114618 0.004550
vt -0.113279 0.006142
vt -0.112252 0.005571
vt -0.037546 -0.059146
vt -0.038648 -0.058736
vt -0.037568 -0.056878
vt -0.036492 -0.057352
vt 0.109211 -0.026436
vt 0.108117 -0.026867
vt 0.107191 -0.024852
vt 0.108308 -0.024486
vt -0.060541 0.083848
vt -0.060774 0.082695
vt -0.061942 0.082561
vt -0.062431 0.083630
vt -0.061565 0.084425
vt 0.046770 0.091776
vt 0.047727 0.091092
vt 0.047372 0.089971
vt 0.046196 0.089963
vt 0.045825 0.091078
vt 0.099756 -0.026080
vt 0.098738 -0.026668
vt 0.097897 -0.025211
vt 0.098902 -0.024601
vt -0.047774 -0.062964
vt -0.048948 -0.062891
vt -0.048543 -0.061324
vt -0.047367 -0.061331
vt -0.117219 -0.004307
vt -0.118239 -0.003722
vt -0.117282 -0.002435
vt -0.116256 -0.003007
vt -0.040079 -0.066579
vt -0.041196 -0.066211
vt -0.040858 -0.064586
vt -0.039761 -0.065008
vt 0.104686 -0.021141
vt 0.103589 -0.021564
vt 0.102700 -0.020106
vt 0.103814 -0.019729
vt 0.034807 0.095924
vt 0.035824 0.095334
vt 0.035578 0.094185
vt 0.034409 0.094064
vt 0.033932 0.095138
vt 0.093004 0.007579
vt 0.091863 0.007298
vt 0.091366 0.009199
vt 0.092507 0.009484
vt -0.030221 -0.016169
vt -0.031396 -0.016179
vt -0.031390 -0.014288
vt -0.030218 -0.014203
vt -0.110324 0.012230
vt -0.111467 0.012505
vt -0.110993 0.014293
vt -0.109841 0.014059
vt -0.039001 -0.010382
vt -0.040162 -0.010198
vt -0.039863 -0.008325
vt -0.038710 -0.008556
vt 0.089369 -0.001821
vt 0.088205 -0.001988
vt 0.087888 -0.000045
vt 0.089060 0.000051
vt -0.060138 0.093413
vt -0.060164 0.092238
vt -0.061289 0.091900
vt -0.061959 0.092866
vt -0.061247 0.093801
vt 0.034514 0.106251
vt 0.035442 0.105529
vt 0.035042 0.104424
vt 0.033867 0.104462
vt 0.033541 0.105591
vt 0.096200 -0.005010
vt 0.095057 -0.005283
vt 0.094763 -0.003844
vt 0.095901 -0.003552
vt -0.030703 -0.018071
vt -0.031877 -0.018012
vt -0.031558 -0.016647
vt -0.030382 -0.016637
vt -0.110543 0.011926
vt -0.111680 0.012226
vt -0.111228 0.013528
vt -0.110085 0.013251
vt -0.040876 -0.025576
vt -0.042044 -0.025440
vt -0.042062 -0.024008
vt -0.040902 -0.024197
vt 0.088444 0.005202
vt 0.087290 0.004982
vt 0.086800 0.006387
vt 0.087964 0.006551
vt 0.009294 0.111153
vt 0.010360 0.110657
vt 0.010217 0.109490
vt 0.009064 0.109265
vt 0.008493 0.110293
vt 0.076548 -0.003843
vt 0.075445 -0.004251
vt 0.074765 -0.002598
vt 0.075861 -0.002174
vt -0.017878 -0.031568
vt -0.019053 -0.031616
vt -0.018909 -0.029924
vt -0.017741 -0.029786
vt -0.085007 0.003187
vt -0.086122 0.003561
vt -0.085411 0.005062
vt -0.084285 0.004724
vt -0.038472 -0.026272
vt -0.039609 -0.025975
vt -0.039260 -0.024284
vt -0.038141 -0.024644
vt 0.067120 -0.012146
vt 0.065964 -0.012361
vt 0.065393 -0.010649
vt 0.066561 -0.010513
vt -0.043856 0.070295
vt -0.043864 0.069120
vt -0.044984 0.068763
vt -0.045669 0.069719
vt -0.044972 0.070666
vt 0.028148 0.078447
vt 0.029024 0.077662
vt 0.028548 0.076587
vt 0.027378 0.076708
vt 0.027131 0.077857
s 1
usemtl mat19
f 433/1392/287 432/1393/287 431/1394/287 430/1395/287
f 437/1396/288 436/1397/288 435/1398/288 434/1399/288
f 431/1400/289 437/1401/289 434/1402/289 430/1403/289
f 439/1404/290 438/1405/290 432/1406/290 433/1407/290
f 434/1408/291 435/1409/291 433/1410/291 430/1411/291
f 432/1412/292 436/1413/292 437/1414/292 431/1415/292
f 438/1405/290 440/1416/290 436/1417/290 432/1406/290
f 440/1418/290 441/1419/290 435/1420/290 436/1417/290
f 441/1419/290 439/1404/290 433/1407/290 435/1420/290
f 444/1421/288 443/1422/288 442/1423/288 438/1424/288 439/1425/288
f 442/1426/291 445/1427/291 440/1428/291 438/1429/291
f 445/1430/287 447/1431/287 446/1432/287 441/1433/287 440/1434/287
f 446/1435/292 444/1436/292 439/1437/292 441/1438/292
usemtl mat1
f 446/1419/290 447/1439/290 443/1440/290 444/1404/290
usemtl mat8
f 447/1439/290 445/1416/290 442/1405/290 443/1440/290
usemtl mat17
f 451/1441/293 450/1442/293 449/1443/293 448/1444/293
f 450/1445/294 453/1446/294 452/1447/294 449/1448/294
f 453/1449/295 455/1450/295 454/1451/295 452/1452/295
f 455/1453/296 457/1454/296 456/1455/296 454/1456/296
f 457/1457/297 451/1458/297 448/1459/297 456/1460/297
f 448/1461/298 449/1462/298 452/1463/298 454/1464/298 456/1465/298
f 457/1466/299 455/1467/299 453/1468/299 450/1469/299 451/1470/299
f 459/1471/300 458/1472/300 450/1473/300 451/1474/300
f 458/1475/301 460/1476/301 453/1477/301 450/1478/301
f 460/1479/302 461/1480/302 455/1481/302 453/1482/302
f 461/1483/303 462/1484/303 457/1485/303 455/1486/303
f 462/1487/304 459/1488/304 451/1489/304 457/1490/304
f 462/1491/305 461/1492/305 460/1493/305 458/1494/305 459/1495/305
f 466/1496/306 465/1497/306 464/1498/306 463/1499/306
f 465/1500/307 468/1501/307 467/1502/307 464/1503/307
f 468/1504/308 470/1505/308 469/1506/308 467/1507/308
f 470/1508/309 472/1509/309 471/1510/309 469/1511/309
f 472/1512/310 466/1513/310 463/1514/310 471/1515/310
f 463/1516/311 464/1517/311 467/1518/311 469/1519/311 471/1520/311
f 472/1521/312 470/1522/312 468/1523/312 465/1524/312 466/1525/312
f 474/1526/313 473/1527/313 465/1528/313 466/1529/313
f 473/1530/314 475/1531/314 468/1532/314 465/1533/314
f 475/1534/315 476/1535/315 470/1536/315 468/1537/315
f 476/1538/316 477/1539/316 472/1540/316 470/1541/316
f 477/1542/317 474/1543/317 466/1544/317 472/1545/317
f 477/1546/318 476/1547/318 475/1548/318 473/1549/318 474/1550/318
f 481/1551/319 480/1552/319 479/1553/319 478/1554/319
f 480/1555/320 483/1556/320 482/1557/320 479/1558/320
f 483/1559/321 485/1560/321 484/1561/321 482/1562/321
f 485/1563/322 487/1564/322 486/1565/322 484/1566/322
f 487/1567/323 481/1568/323 478/1569/323 486/1570/323
f 478/1571/324 479/1572/324 482/1573/324 484/1574/324 486/1575/324
f 487/1576/325 485/1577/325 483/1578/325 480/1579/325 481/1580/325
f 489/1581/326 488/1582/326 480/1583/326 481/1584/326
f 488/1585/327 490/1586/327 483/1587/327 480/1588/327
f 490/1589/328 491/1590/328 485/1591/328 483/1592/328
f 491/1593/329 492/1594/329 487/1595/329 485/1596/329
f 492/1597/330 489/1598/330 481/1599/330 487/1600/330
f 492/1601/331 491/1602/331 490/1603/331 488/1604/331 489/1605/331
f 496/1606/332 495/1607/332 494/1608/332 493/1609/332
f 495/1610/333 498/1611/333 497/1612/333 494/1613/333
f 498/1614/334 500/1615/334 499/1616/334 497/1617/334
f 500/1618/335 502/1619/335 501/1620/335 499/1621/335
f 502/1622/336 496/1623/336 493/1624/336 501/1625/336
f 493/1626/337 494/1627/337 497/1628/337 499/1629/337 501/1630/337
f 502/1631/338 500/1632/338 498/1633/338 495/1634/338 496/1635/338
o group1623065853
v -0.930000 0.699999 -1.560000
v -0.990000 0.699999 -1.560000
v -0.990000 0.739999 -1.560000
v -0.930000 0.739999 -1.560000
v -0.930000 0.699999 -1.810000
v -0.930000 0.739999 -1.810000
v -0.990000 0.739999 -1.810000
v -0.990000 0.699999 -1.810000
vn -0.0000 -0.0000 1.0000
vn -0.0000 -0.0000 -1.0000
vn -0.0000 -1.0000 -0.0000
vn -0.0000 1.0000 -0.0000
vn 1.0000 -0.0000 -0.0000
vn -1.0000 -0.0000 -0.0000
vt -0.037566 -0.018783
vt -0.034883 -0.024150
vt -0.038460 -0.025938
vt -0.041144 -0.020572
vt 0.038460 -0.025938
vt 0.034883 -0.024150
vt 0.037566 -0.018783
vt 0.041144 -0.020572
vt -0.150813 0.047491
vt -0.174357 0.055899
vt -0.172339 0.061550
vt -0.148795 0.053141
vt 0.172339 0.061550
vt 0.174357 0.055899
vt 0.150813 0.047491
vt 0.148795 0.053141
vt -0.175650 0.068935
vt -0.173325 0.072190
vt -0.152982 0.057659
vt -0.155307 0.054404
vt 0.152982 0.057659
vt 0.173325 0.072190
vt 0.175650 0.068935
vt 0.155307 0.054404
s 1
usemtl mat20
f 506/1636/339 505/1637/339 504/1638/339 503/1639/339
f 510/1640/340 509/1641/340 508/1642/340 507/1643/340
f 504/1644/341 510/1645/341 507/1646/341 503/1647/341
f 508/1648/342 509/1649/342 505/1650/342 506/1651/342
f 507/1652/343 508/1653/343 506/1654/343 503/1655/343
f 505/1656/344 509/1657/344 510/1658/344 504/1659/344
o group1683396181
v -0.910000 0.699999 -1.560000
v -0.980000 0.699999 -1.560000
v -0.980000 0.719999 -1.560000
v -0.910000 0.719999 -1.560000
v -0.910000 0.699999 -1.820000
v -0.910000 0.719999 -1.820000
v -0.980000 0.719999 -1.820000
v -0.980000 0.699999 -1.820000
vn -0.0000 -0.0000 1.0000
vn -0.0000 -0.0000 -1.0000
vn -0.0000 -1.0000 -0.0000
vn -0.0000 1.0000 -0.0000
vn 1.0000 -0.0000 -0.0000
vn -1.0000 -0.0000 -0.0000
vt -0.040249 -0.017889
vt -0.037119 -0.024150
vt -0.038908 -0.025044
vt -0.042038 -0.018783
vt 0.038908 -0.025044
vt 0.037119 -0.024150
vt 0.040249 -0.017889
vt 0.042038 -0.018783
vt -0.150477 0.048432
vt -0.174962 0.057177
vt -0.172608 0.063769
vt -0.148123 0.055025
vt 0.172608 0.063769
vt 0.174962 0.057177
vt 0.150477 0.048432
vt 0.148123 0.055025
vt -0.176464 0.069516
vt -0.175301 0.071144
vt -0.154144 0.056031
vt -0.155307 0.054404
vt 0.154144 0.056031
vt 0.175301 0.071144
vt 0.176464 0.069516
vt 0.155307 0.054404
s 1
usemtl mat16
f 514/1660/345 513/1661/345 512/1662/345 511/1663/345
f 518/1664/346 517/1665/346 516/1666/346 515/1667/346
f 512/1668/347 518/1669/347 515/1670/347 511/1671/347
f 516/1672/348 517/1673/348 513/1674/348 514/1675/348
f 515/1676/349 516/1677/349 514/1678/349 511/1679/349
f 513/1680/350 517/1681/350 518/1682/350 512/1683/350
o group1702814703
v 0.836087 0.597219 -1.896961
v 0.821101 0.596569 -1.896958
v 0.811199 0.611675 -1.914885
v 0.846181 0.612829 -1.914885
v 0.814171 0.583268 -1.897230
v 0.794708 0.580804 -1.914885
v 0.822227 0.570618 -1.897505
v 0.813197 0.551086 -1.914885
v 0.837213 0.571268 -1.897507
v 0.848178 0.552240 -1.914885
v 0.844143 0.584569 -1.897235
v 0.864670 0.583111 -1.914885
v 0.811199 0.611675 -1.938084
v 0.846181 0.612829 -1.938084
v 0.794708 0.580804 -1.938084
v 0.813197 0.551086 -1.938084
v 0.848178 0.552240 -1.938084
v 0.864670 0.583111 -1.938084
v 0.836224 0.597973 -1.960169
v 0.809740 0.582070 -1.961357
v 0.817787 0.566902 -1.959532
v 0.837021 0.567524 -1.960129
v 0.845521 0.582716 -1.961504
v 0.819550 0.598026 -1.960109
v 0.817200 0.597442 -1.989050
v 0.835272 0.597961 -1.988886
v 0.807443 0.581473 -1.988638
v 0.815670 0.566597 -1.990125
v 0.835350 0.566467 -1.990523
v 0.844479 0.583231 -1.988970
v 0.870000 0.139999 -1.970000
v 0.360000 0.139999 -1.970000
v 0.437694 0.223986 -1.970000
v 0.792306 0.223986 -1.970000
v 0.870000 0.139999 -2.020000
v 0.870000 1.209999 -2.020000
v 0.797196 1.127253 -2.020000
v 0.797196 0.222745 -2.020000
v 0.360000 0.139999 -2.020000
v 0.870000 1.209999 -1.970000
v 0.359999 1.209999 -1.970000
v 0.359999 1.209999 -2.020000
v 0.437693 1.126012 -1.970000
v 0.792306 1.126012 -1.970000
v 0.437693 0.223986 -1.990000
v 0.792306 0.223986 -1.990000
v 0.437693 1.126012 -1.990000
v 0.792306 1.126012 -1.990000
v 0.432803 1.127253 -2.020000
v 0.432804 0.222745 -2.020000
v 0.797196 1.127253 -2.000000
v 0.797196 0.222745 -2.000000
v 0.432803 1.127253 -2.000000
v 0.432804 0.222745 -2.000000
v 0.823291 0.597219 -2.093039
v 0.838277 0.596569 -2.093041
v 0.848178 0.611675 -2.075115
v 0.813197 0.612829 -2.075115
v 0.845207 0.583268 -2.092769
v 0.864670 0.580804 -2.075115
v 0.837151 0.570618 -2.092495
v 0.846181 0.551086 -2.075115
v 0.822165 0.571268 -2.092493
v 0.811199 0.552240 -2.075115
v 0.815235 0.584569 -2.092765
v 0.794708 0.583111 -2.075115
v 0.848178 0.611675 -2.051916
v 0.813197 0.612829 -2.051916
v 0.864670 0.580804 -2.051916
v 0.846181 0.551086 -2.051916
v 0.811199 0.552240 -2.051916
v 0.794708 0.583111 -2.051916
v 0.823154 0.597973 -2.029830
v 0.849638 0.582070 -2.028642
v 0.841591 0.566902 -2.030467
v 0.822357 0.567524 -2.029870
v 0.813857 0.582716 -2.028496
v 0.839828 0.598026 -2.029891
v 0.842178 0.597442 -2.000949
v 0.824106 0.597961 -2.001114
v 0.851935 0.581473 -2.001362
v 0.843708 0.566597 -1.999875
v 0.824028 0.566467 -1.999477
v 0.814899 0.583231 -2.001030
vn -0.0274 0.7592 0.6503
vn -0.6597 0.3457 0.6673
vn -0.5902 -0.3745 0.7151
vn 0.0242 -0.6687 0.7432
vn 0.6017 -0.3236 0.7302
vn 0.6191 0.3834 0.6854
vn 0.0011 -0.0210 0.9998
vn -0.0000 -0.0000 -1.0000
vn -0.0330 0.9995 -0.0000
vn -0.8820 0.4712 -0.0000
vn -0.8491 -0.5283 -0.0000
vn 0.0330 -0.9995 -0.0000
vn 0.8820 -0.4712 -0.0000
vn 0.8491 0.5283 -0.0000
vn -0.0275 0.8351 -0.5494
vn -0.7748 0.4139 -0.4779
vn -0.7373 -0.4587 -0.4960
vn 0.0269 -0.8151 -0.5787
vn 0.6978 -0.3728 -0.6116
vn 0.6946 0.4321 -0.5752
vn -0.1505 -0.0052 -0.9886
vn -0.0134 0.9999 -0.0096
vn -0.8518 0.5205 0.0595
vn -0.8772 -0.4743 0.0743
vn 0.0132 -0.9997 0.0215
vn 0.8791 -0.4748 -0.0422
vn 0.8525 0.5220 -0.0285
vn 0.0740 0.0519 -0.9959
vn 0.0008 0.8502 -0.5265
vn -0.0033 0.0800 -0.9968
vn -0.1073 0.0399 -0.9934
vn 0.6982 -0.4416 -0.5634
vn -0.0264 -0.1332 -0.9907
vn 0.0449 -0.0001 -0.9990
vn 0.0077 -0.8056 -0.5924
vn -0.0200 0.0358 -0.9992
vn 0.6577 0.4534 -0.6015
vn -0.6906 0.4677 -0.5517
vn 0.0076 0.0519 -0.9986
vn -0.7380 -0.4518 -0.5012
vn 0.8711 -0.4902 -0.0308
vn 0.8477 0.5300 -0.0222
vn 0.0274 0.7592 -0.6503
vn 0.6597 0.3457 -0.6673
vn 0.5902 -0.3744 -0.7151
vn -0.0242 -0.6687 -0.7432
vn -0.6017 -0.3235 -0.7302
vn -0.6191 0.3834 -0.6854
vn -0.0010 -0.0210 -0.9998
vn -0.0000 -0.0000 1.0000
vn 0.0330 0.9995 -0.0000
vn 0.8820 0.4712 -0.0000
vn 0.8491 -0.5283 -0.0000
vn -0.0330 -0.9995 -0.0000
vn -0.8820 -0.4712 -0.0000
vn -0.8491 0.5283 -0.0000
vn 0.0276 0.8351 0.5493
vn 0.7748 0.4139 0.4779
vn 0.7373 -0.4587 0.4960
vn -0.0269 -0.8151 0.5787
vn -0.6978 -0.3728 0.6116
vn -0.6946 0.4321 0.5752
vn 0.1505 -0.0052 0.9886
vn 0.0134 0.9999 0.0096
vn 0.8518 0.5205 -0.0595
vn 0.8772 -0.4743 -0.0743
vn -0.0132 -0.9997 -0.0215
vn -0.8791 -0.4748 0.0423
vn -0.8525 0.5220 0.0285
vn -0.0740 0.0519 0.9959
vn -0.0008 0.8501 0.5266
vn 0.0034 0.0801 0.9968
vn 0.1074 0.0399 0.9934
vn -0.6982 -0.4416 0.5634
vn 0.0264 -0.1332 0.9907
vn -0.0449 -0.0001 0.9990
vn -0.0077 -0.8056 0.5924
vn 0.0200 0.0358 0.9992
vn -0.6577 0.4534 0.6015
vn 0.6906 0.4677 0.5517
vn -0.0076 0.0519 0.9986
vn 0.7380 -0.4518 0.5012
vn -0.8711 -0.4902 0.0308
vn -0.8477 0.5300 0.0222
vn -0.0000 -1.0000 -0.0000
vn -0.0000 1.0000 -0.0000
vn 1.0000 -0.0000 -0.0000
vn -1.0000 -0.0000 -0.0000
vt 0.007349 0.205579
vt 0.009072 0.202533
vt 0.006551 0.202186
vt 0.005821 0.203497
vt 0.029746 0.027230
vt 0.029118 0.023787
vt 0.026977 0.025330
vt 0.027236 0.026807
vt -0.149190 -0.023405
vt -0.152621 -0.022714
vt -0.150969 -0.020496
vt -0.149497 -0.020784
vt -0.196156 0.152584
vt -0.196525 0.156065
vt -0.193827 0.155312
vt -0.193681 0.153819
vt -0.191937 0.188936
vt -0.189776 0.191690
vt -0.188266 0.189438
vt -0.189215 0.188277
vt -0.120668 0.237716
vt -0.117186 0.237366
vt -0.118220 0.235000
vt -0.119709 0.235181
vt -0.132175 0.132014
vt -0.131571 0.130641
vt -0.132459 0.129432
vt -0.133950 0.129596
vt -0.134553 0.130969
vt -0.133666 0.132178
vt 0.131858 0.134721
vt 0.133882 0.131865
vt 0.132421 0.128685
vt 0.128936 0.128360
vt 0.126912 0.131216
vt 0.128374 0.134396
vt 0.126450 0.230712
vt 0.127611 0.227410
vt 0.125422 0.226641
vt 0.124262 0.229943
vt 0.170054 0.102747
vt 0.171330 0.099488
vt 0.169169 0.098642
vt 0.167893 0.101901
vt 0.080105 0.227168
vt 0.083466 0.228144
vt 0.084113 0.225916
vt 0.080752 0.224940
vt -0.127611 0.227410
vt -0.126450 0.230712
vt -0.124262 0.229943
vt -0.125422 0.226641
vt -0.171330 0.099488
vt -0.170054 0.102747
vt -0.167893 0.101901
vt -0.169169 0.098642
vt -0.083467 0.228144
vt -0.080106 0.227167
vt -0.080753 0.224940
vt -0.084114 0.225916
vt 0.192130 0.182770
vt 0.189590 0.180207
vt 0.189446 0.183704
vt 0.197591 0.172406
vt 0.195865 0.170235
vt 0.193892 0.173126
vt 0.114201 0.245350
vt 0.115589 0.243029
vt 0.112114 0.242611
vt -0.023926 0.212766
vt -0.021045 0.212391
vt -0.022738 0.209327
vt -0.047729 0.025335
vt -0.045292 0.028334
vt -0.044863 0.024860
vt 0.163399 -0.048272
vt 0.160164 -0.046249
vt 0.163518 -0.045249
vt 0.140194 0.160447
vt 0.141190 0.159012
vt 0.138412 0.160261
vt 0.132037 0.232454
vt 0.132650 0.230753
vt 0.129840 0.230019
vt 0.129295 0.231595
vt 0.166057 0.101778
vt 0.166619 0.099992
vt 0.163975 0.099277
vt 0.163256 0.101011
vt 0.107572 0.206732
vt 0.109238 0.207098
vt 0.109710 0.204068
vt 0.107984 0.204025
vt -0.134696 0.230162
vt -0.134093 0.232035
vt -0.131163 0.231205
vt -0.131734 0.229366
vt -0.170952 0.095250
vt -0.170159 0.096994
vt -0.167571 0.096066
vt -0.078670 0.228895
vt -0.079528 0.226152
vt -0.081204 0.226785
vt 0.133115 0.115158
vt 0.134215 0.113591
vt 0.131387 0.114985
vt 0.190654 0.184417
vt 0.190713 0.182751
vt 0.188158 0.181812
vt 0.140686 0.126880
vt 0.139654 0.128448
vt 0.140368 0.129956
vt 0.143736 0.147827
vt 0.142034 0.147712
vt 0.141007 0.149277
vt -0.062990 0.042401
vt -0.063211 0.044133
vt -0.060412 0.045280
vt 0.114855 0.144883
vt 0.114003 0.143156
vt 0.112277 0.143173
vt 0.128791 0.122560
vt 0.126257 0.120785
vt 0.126041 0.123869
vt -0.017952 0.210779
vt -0.020023 0.212518
vt -0.019127 0.214223
vt 0.138426 0.133537
vt 0.137557 0.131771
vt 0.134845 0.133252
vt 0.171377 -0.027144
vt 0.169663 -0.027666
vt 0.168006 -0.025357
vt 0.193875 0.180677
vt 0.196471 0.181498
vt 0.197579 0.179983
vt 0.138817 0.127383
vt 0.135235 0.127095
vt 0.135973 0.128746
vt 0.113604 0.241924
vt 0.113982 0.244671
vt 0.115709 0.244650
vt -0.168178 0.100446
vt -0.168645 0.098763
vt -0.171562 0.099641
vt -0.076837 0.229694
vt -0.075907 0.232281
vt -0.074255 0.231744
vt 0.203843 0.160712
vt 0.204110 0.164202
vt 0.206396 0.163084
vt 0.206271 0.161589
vt 0.133980 -0.062057
vt 0.137476 -0.061883
vt 0.136461 -0.064320
vt 0.134963 -0.064404
vt -0.023572 0.043905
vt -0.022964 0.040458
vt -0.025632 0.041188
vt -0.025900 0.042663
vt 0.014216 0.205030
vt 0.012317 0.202090
vt 0.010691 0.204370
vt 0.011515 0.205624
vt 0.128591 0.238249
vt 0.125093 0.238146
vt 0.125856 0.240748
vt 0.127356 0.240762
vt 0.200932 0.190733
vt 0.198937 0.193609
vt 0.201408 0.194359
vt 0.202237 0.193109
vt 0.125636 0.133125
vt 0.126372 0.134432
vt 0.127871 0.134448
vt 0.128636 0.133158
vt 0.127900 0.131850
vt 0.126400 0.131834
vt -0.128730 0.128463
vt -0.132228 0.128558
vt -0.133896 0.131635
vt -0.132065 0.134618
vt -0.128566 0.134523
vt -0.126899 0.131446
vt 0.134625 0.236200
vt 0.133430 0.239489
vt 0.135611 0.240282
vt 0.136806 0.236992
vt -0.114240 0.217580
vt -0.117728 0.217874
vt -0.117533 0.220186
vt -0.114045 0.219891
vt -0.177995 0.115448
vt -0.179224 0.112170
vt -0.181396 0.112985
vt -0.180167 0.116262
vt -0.133430 0.239489
vt -0.134625 0.236200
vt -0.136806 0.236992
vt -0.135611 0.240282
vt 0.117727 0.217875
vt 0.114239 0.217580
vt 0.114044 0.219892
vt 0.117532 0.220187
vt 0.179224 0.112170
vt 0.177995 0.115447
vt 0.180167 0.116262
vt 0.181396 0.112984
vt 0.031822 0.225751
vt 0.032821 0.229218
vt 0.034625 0.226218
vt -0.126140 0.246600
vt -0.126865 0.249277
vt -0.123367 0.249152
vt -0.203879 0.179530
vt -0.206555 0.179916
vt -0.204690 0.182877
vt -0.201134 0.173639
vt -0.203819 0.172527
vt -0.203879 0.176027
vt -0.140803 -0.074362
vt -0.138342 -0.077341
vt -0.141832 -0.077079
vt 0.066797 0.040048
vt 0.069774 0.042434
vt 0.069612 0.038938
vt -0.140643 0.157983
vt -0.142385 0.158104
vt -0.139673 0.159489
vt 0.129071 0.234535
vt 0.128436 0.236228
vt 0.131236 0.236998
vt 0.131801 0.235429
vt -0.073102 0.228464
vt -0.074869 0.229085
vt -0.073858 0.231630
vt -0.072039 0.231167
vt -0.167238 0.092087
vt -0.167641 0.090429
vt -0.170570 0.091338
vt -0.169850 0.092907
vt -0.126304 0.236785
vt -0.126950 0.234926
vt -0.129860 0.235825
vt -0.129247 0.237649
vt 0.112451 0.210534
vt 0.110537 0.210472
vt 0.110221 0.213203
vt 0.170640 0.107577
vt 0.173361 0.108501
vt 0.173838 0.106774
vt -0.116197 0.118082
vt -0.118112 0.118100
vt -0.115332 0.119589
vt 0.039468 0.223753
vt 0.038653 0.225208
vt 0.040496 0.227212
vt -0.119687 0.138904
vt -0.117814 0.138781
vt -0.117043 0.137303
vt -0.134296 0.154585
vt -0.133330 0.155992
vt -0.131465 0.155825
vt -0.169385 -0.052318
vt -0.167684 -0.052716
vt -0.167590 -0.055740
vt -0.151726 0.130012
vt -0.152569 0.131743
vt -0.151499 0.133098
vt -0.128025 0.120961
vt -0.127966 0.124054
vt -0.125347 0.122412
vt -0.204494 0.175312
vt -0.201825 0.174875
vt -0.201724 0.172953
vt -0.127827 0.136279
vt -0.128707 0.138040
vt -0.125887 0.139304
vt 0.059593 0.049099
vt 0.059831 0.050875
vt 0.062620 0.051421
vt -0.105474 0.257167
vt -0.106548 0.254665
vt -0.108419 0.254816
vt -0.123405 0.131812
vt -0.121489 0.134852
vt -0.120610 0.133272
vt -0.204702 0.183275
vt -0.202799 0.181257
vt -0.203900 0.179926
vt 0.100338 0.220813
vt 0.102031 0.221240
vt 0.102711 0.218271
vt 0.174164 0.109046
vt 0.171547 0.108207
vt 0.170965 0.109844
vt -0.160744 0.112188
vt -0.144885 0.080470
vt -0.148922 0.069765
vt -0.171730 0.115381
vt 0.161073 0.112570
vt 0.080172 0.153021
vt 0.076026 0.163233
vt 0.171730 0.115381
vt -0.144019 0.188416
vt -0.148728 0.190097
vt -0.131575 0.238126
vt -0.126866 0.236444
vt 0.131575 0.238126
vt 0.148728 0.190097
vt 0.144019 0.188416
vt 0.126866 0.236445
vt -0.225288 0.035572
vt -0.163095 0.122642
vt -0.159027 0.119736
vt -0.221219 0.032666
vt 0.159027 0.119735
vt 0.163095 0.122641
vt 0.225288 0.035572
vt 0.221219 0.032666
vt -0.064205 0.120810
vt -0.053218 0.117617
vt -0.080064 0.152528
vt -0.076026 0.163233
vt -0.160743 0.112188
vt 0.131363 0.229800
vt 0.143290 0.196405
vt 0.141406 0.195732
vt 0.129479 0.229128
vt -0.217964 0.040658
vt -0.165536 0.114060
vt -0.163909 0.112897
vt -0.216337 0.039496
vt -0.143290 0.196405
vt -0.131363 0.229800
vt -0.129479 0.229128
vt -0.141406 0.195732
vt 0.165536 0.114067
vt 0.217966 0.040667
vt 0.216339 0.039504
vt 0.163908 0.112904
vt 0.080171 0.153021
vt 0.063875 0.120428
vt 0.053218 0.117617
vt 0.144777 0.079978
vt 0.148922 0.069765
vt 0.218850 0.041140
vt 0.166278 0.114743
vt 0.167905 0.115906
vt 0.220478 0.042303
vt -0.132140 0.230597
vt -0.144396 0.196281
vt -0.146279 0.196954
vt -0.134023 0.231270
vt -0.166277 0.114747
vt -0.218851 0.041145
vt -0.220479 0.042307
vt -0.167905 0.115910
vt 0.144396 0.196281
vt 0.132140 0.230597
vt 0.134023 0.231270
vt 0.146279 0.196954
s 1
usemtl mat17
f 522/1684/351 521/1685/351 520/1686/351 519/1687/351
f 521/1688/352 524/1689/352 523/1690/352 520/1691/352
f 524/1692/353 526/1693/353 525/1694/353 523/1695/353
f 526/1696/354 528/1697/354 527/1698/354 525/1699/354
f 528/1700/355 530/1701/355 529/1702/355 527/1703/355
f 530/1704/356 522/1705/356 519/1706/356 529/1707/356
f 519/1708/357 520/1709/357 523/1710/357 525/1711/357 527/1712/357 529/1713/357
f 530/1714/358 528/1715/358 526/1716/358 524/1717/358 521/1718/358 522/1719/358
f 532/1720/359 531/1721/359 521/1722/359 522/1723/359
f 531/1724/360 533/1725/360 524/1726/360 521/1727/360
f 533/1728/361 534/1729/361 526/1730/361 524/1731/361
f 534/1732/362 535/1733/362 528/1734/362 526/1735/362
f 535/1736/363 536/1737/363 530/1738/363 528/1739/363
f 536/1740/364 532/1741/364 522/1742/364 530/1743/364
f 536/1714/358 535/1715/358 534/1716/358 533/1717/358 531/1718/358 532/1719/358
f 537/1744/365 531/1745/365 532/1746/365
f 538/1747/366 533/1748/366 531/1749/366
f 539/1750/367 534/1751/367 533/1752/367
f 540/1753/368 535/1754/368 534/1755/368
f 540/1756/369 536/1757/369 535/1758/369
f 541/1759/370 532/1760/370 536/1761/370
f 541/1762/371 540/1763/371 537/1764/371
f 544/1765/372 543/1766/372 542/1767/372 537/1768/372
f 543/1769/373 545/1770/373 538/1771/373 542/1772/373
f 545/1773/374 546/1774/374 539/1775/374 538/1776/374
f 546/1777/375 547/1778/375 540/1779/375 539/1780/375
f 547/1781/376 548/1782/376 541/1783/376
f 544/1784/377 537/1785/377 541/1786/377
f 548/1787/378 547/1788/378 544/1789/378
f 537/1790/379 542/1791/379 531/1792/379
f 538/1793/380 542/1794/380 537/1795/380
f 546/1796/381 545/1797/381 543/1798/381
f 540/1799/382 541/1800/382 536/1801/382
f 540/1802/383 539/1803/383 538/1804/383
f 540/1805/384 538/1806/384 537/1807/384
f 534/1808/385 539/1809/385 540/1810/385
f 547/1811/386 546/1812/386 543/1813/386
f 541/1814/387 537/1815/387 532/1816/387
f 531/1817/388 542/1818/388 538/1819/388
f 547/1820/389 543/1821/389 544/1822/389
f 533/1823/390 538/1824/390 539/1825/390
f 541/1826/391 540/1827/391 547/1828/391
f 541/1829/392 548/1830/392 544/1831/392
f 576/1832/393 575/1833/393 574/1834/393 573/1835/393
f 575/1836/394 578/1837/394 577/1838/394 574/1839/394
f 578/1840/395 580/1841/395 579/1842/395 577/1843/395
f 580/1844/396 582/1845/396 581/1846/396 579/1847/396
f 582/1848/397 584/1849/397 583/1850/397 581/1851/397
f 584/1852/398 576/1853/398 573/1854/398 583/1855/398
f 573/1856/399 574/1857/399 577/1858/399 579/1859/399 581/1860/399 583/1861/399
f 584/1862/400 582/1863/400 580/1864/400 578/1865/400 575/1866/400 576/1867/400
f 586/1868/401 585/1869/401 575/1870/401 576/1871/401
f 585/1872/402 587/1873/402 578/1874/402 575/1875/402
f 587/1876/403 588/1877/403 580/1878/403 578/1879/403
f 588/1880/404 589/1881/404 582/1882/404 580/1883/404
f 589/1884/405 590/1885/405 584/1886/405 582/1887/405
f 590/1888/406 586/1889/406 576/1890/406 584/1891/406
f 590/1862/400 589/1863/400 588/1864/400 587/1865/400 585/1866/400 586/1867/400
f 591/1892/407 585/1893/407 586/1894/407
f 592/1895/408 587/1896/408 585/1897/408
f 593/1898/409 588/1899/409 587/1900/409
f 594/1901/410 589/1902/410 588/1903/410
f 594/1904/411 590/1905/411 589/1906/411
f 595/1907/412 586/1908/412 590/1909/412
f 595/1910/413 594/1911/413 591/1912/413
f 598/1913/414 597/1914/414 596/1915/414 591/1916/414
f 597/1917/415 599/1918/415 592/1919/415 596/1920/415
f 599/1921/416 600/1922/416 593/1923/416 592/1924/416
f 600/1925/417 601/1926/417 594/1927/417 593/1928/417
f 601/1929/418 602/1930/418 595/1931/418
f 598/1932/419 591/1933/419 595/1934/419
f 602/1935/420 601/1936/420 598/1937/420
f 591/1938/421 596/1939/421 585/1940/421
f 592/1941/422 596/1942/422 591/1943/422
f 600/1944/423 599/1945/423 597/1946/423
f 594/1947/424 595/1948/424 590/1949/424
f 594/1950/425 593/1951/425 592/1952/425
f 594/1953/426 592/1954/426 591/1955/426
f 588/1956/427 593/1957/427 594/1958/427
f 601/1959/428 600/1960/428 597/1961/428
f 595/1962/429 591/1963/429 586/1964/429
f 585/1965/430 596/1966/430 592/1967/430
f 601/1968/431 597/1969/431 598/1970/431
f 587/1971/432 592/1972/432 593/1973/432
f 595/1974/433 594/1975/433 601/1976/433
f 595/1977/434 602/1978/434 598/1979/434
usemtl mat20
f 552/1980/400 551/1981/400 550/1982/400 549/1983/400
f 556/1984/358 555/1985/358 554/1986/358 553/1987/358
f 550/1988/435 557/1989/435 553/1990/435 549/1991/435
f 554/1992/436 560/1993/436 559/1994/436 558/1995/436
f 553/1996/437 554/1997/437 558/1998/437 549/1999/437
f 559/2000/438 560/2001/438 557/2002/438 550/2003/438
f 551/1981/400 561/2004/400 559/2005/400 550/1982/400
f 561/2004/400 562/2006/400 558/2007/400 559/2005/400
f 562/2006/400 552/2008/400 549/1983/400 558/2007/400
f 564/2009/436 563/2010/436 551/2011/436 552/2012/436
f 563/2013/437 565/2014/437 561/2015/437 551/2016/437
f 565/2017/435 566/2018/435 562/2019/435 561/2020/435
f 566/2021/438 564/2022/438 552/2023/438 562/2024/438
f 566/2006/400 565/2004/400 563/1981/400 564/2008/400
f 555/2025/358 567/2026/358 560/2027/358 554/1986/358
f 567/2026/358 568/2028/358 557/2029/358 560/2027/358
f 568/2028/358 556/1984/358 553/1987/358 557/2029/358
f 570/2030/438 569/2031/438 555/2032/438 556/2033/438
f 569/2034/435 571/2035/435 567/2036/435 555/2037/435
f 571/2038/437 572/2039/437 568/2040/437 567/2041/437
f 572/2042/436 570/2043/436 556/2044/436 568/2045/436
f 572/2028/358 571/2026/358 569/1985/358 570/1984/358
o group1735015370
v -0.735608 0.543400 0.296110
v -0.749602 0.543400 0.319308
v -0.741824 0.519999 0.320485
v -0.730940 0.519999 0.302441
v -0.743094 0.543400 0.345607
v -0.736762 0.519999 0.340940
v -0.719896 0.543400 0.359602
v -0.718719 0.519999 0.351824
v -0.693597 0.543400 0.353094
v -0.698265 0.519999 0.346762
v -0.679602 0.543400 0.329896
v -0.687380 0.519999 0.328719
v -0.686110 0.543400 0.303596
v -0.692442 0.519999 0.308264
v -0.709308 0.543400 0.289602
v -0.710485 0.519999 0.297380
v -0.686110 0.577728 0.303596
v -0.709308 0.577728 0.289602
v -0.679602 0.577728 0.329896
v -0.693597 0.577728 0.353094
v -0.719896 0.577728 0.359602
v -0.743094 0.577728 0.345607
v -0.749602 0.577728 0.319308
v -0.735608 0.577728 0.296110
v -0.693831 0.577728 0.309289
v -0.710743 0.577728 0.299087
v -0.689087 0.577728 0.328461
v -0.699289 0.577728 0.345372
v -0.718461 0.577728 0.350117
v -0.735373 0.577728 0.339915
v -0.740117 0.577728 0.320743
v -0.729915 0.577728 0.303831
v -0.693831 0.567728 0.309289
v -0.710743 0.567728 0.299087
v -0.689087 0.567728 0.328461
v -0.699289 0.567728 0.345372
v -0.718461 0.567728 0.350117
v -0.735373 0.567728 0.339915
v -0.740117 0.567728 0.320743
v -0.729915 0.567728 0.303831
vn -0.8177 -0.2966 -0.4933
vn -0.9270 -0.2966 0.2294
vn -0.4933 -0.2966 0.8177
vn 0.2294 -0.2966 0.9270
vn 0.8177 -0.2966 0.4933
vn 0.9270 -0.2966 -0.2294
vn 0.4933 -0.2966 -0.8177
vn -0.2294 -0.2966 -0.9270
vn -0.0000 1.0000 -0.0000
vn -0.0000 -1.0000 -0.0000
vn 0.5165 -0.0000 -0.8563
vn 0.9707 -0.0000 -0.2402
vn 0.8562 -0.0000 0.5166
vn 0.2402 -0.0000 0.9707
vn -0.5166 -0.0000 0.8562
vn -0.9707 -0.0000 0.2402
vn -0.8563 -0.0000 -0.5165
vn -0.2402 -0.0000 -0.9707
vn -0.5165 -0.0000 0.8563
vn -0.8563 -0.0000 -0.5166
vn 0.8563 -0.0000 0.5165
vt 0.062327 -0.035766
vt 0.061652 -0.037762
vt 0.059234 -0.037262
vt 0.060103 -0.034696
vt 0.006778 -0.072360
vt 0.005011 -0.073507
vt 0.003425 -0.071615
vt 0.005698 -0.070141
vt -0.063707 0.012916
vt -0.064399 0.014907
vt -0.062184 0.015996
vt -0.061294 0.013437
vt -0.050998 -0.007915
vt -0.051817 -0.005974
vt -0.049676 -0.004744
vt -0.048623 -0.007240
vt -0.028612 -0.044279
vt -0.029951 -0.042652
vt -0.028250 -0.040862
vt -0.026529 -0.042954
vt 0.027960 -0.060607
vt 0.025871 -0.060326
vt 0.025900 -0.057857
vt 0.028585 -0.058219
vt 0.069945 -0.023414
vt 0.068403 -0.024850
vt 0.066513 -0.023262
vt 0.068495 -0.021416
vt 0.070022 -0.017483
vt 0.069108 -0.019381
vt 0.066769 -0.018589
vt 0.067945 -0.016148
vt -0.032541 0.009020
vt -0.034255 0.006922
vt -0.036950 0.006650
vt -0.039048 0.008364
vt -0.039320 0.011060
vt -0.037606 0.013158
vt -0.034910 0.013430
vt -0.032812 0.011716
vt 0.033505 0.011343
vt 0.035137 0.012676
vt 0.037234 0.012465
vt 0.038567 0.010833
vt 0.038355 0.008737
vt 0.036723 0.007404
vt 0.034627 0.007615
vt 0.033294 0.009247
vt 0.066307 -0.008435
vt 0.067924 -0.006262
vt 0.070678 -0.008311
vt 0.069061 -0.010485
vt 0.020529 -0.063904
vt 0.023178 -0.064468
vt 0.022463 -0.067826
vt 0.019814 -0.067262
vt -0.042687 -0.041872
vt -0.041279 -0.044187
vt -0.044212 -0.045970
vt -0.045620 -0.043655
vt -0.059025 -0.011398
vt -0.057866 -0.013846
vt -0.060968 -0.015315
vt -0.062127 -0.012866
vt -0.067924 -0.006262
vt -0.066307 -0.008435
vt -0.069061 -0.010485
vt -0.070678 -0.008311
vt -0.023178 -0.064468
vt -0.020529 -0.063904
vt -0.019814 -0.067262
vt -0.022463 -0.067826
vt 0.041279 -0.044187
vt 0.042687 -0.041872
vt 0.045620 -0.043655
vt 0.044212 -0.045970
vt 0.057866 -0.013846
vt 0.059025 -0.011398
vt 0.062127 -0.012866
vt 0.060968 -0.015315
vt -0.033657 0.011262
vt -0.035187 0.012511
vt -0.037152 0.012313
vt -0.038401 0.010784
vt -0.038203 0.008819
vt -0.036674 0.007569
vt -0.036950 0.006651
vt -0.034709 0.007767
vt -0.033459 0.009297
vt -0.067328 -0.008737
vt -0.068507 -0.007153
vt -0.067705 -0.006556
vt -0.066526 -0.008140
vt -0.020679 -0.064959
vt -0.022611 -0.065370
vt -0.022819 -0.064392
vt -0.020888 -0.063981
vt 0.043350 -0.042705
vt 0.042324 -0.044392
vt 0.041470 -0.043873
vt 0.042496 -0.042185
vt 0.059771 -0.012157
vt 0.058926 -0.013942
vt 0.058022 -0.013515
vt 0.058867 -0.011729
vt 0.068507 -0.007153
vt 0.067328 -0.008737
vt 0.066526 -0.008140
vt 0.067705 -0.006556
vt 0.022611 -0.065370
vt 0.020679 -0.064959
vt 0.020888 -0.063980
vt 0.022819 -0.064392
vt -0.042324 -0.044392
vt -0.043350 -0.042705
vt -0.042496 -0.042185
vt -0.041470 -0.043873
vt -0.058926 -0.013942
vt -0.059771 -0.012157
vt -0.058867 -0.011729
vt -0.058022 -0.013515
vt -0.038203 0.008818
s 1
usemtl mat21
f 606/2046/439 605/2047/439 604/2048/439 603/2049/439
f 605/2050/440 608/2051/440 607/2052/440 604/2053/440
f 608/2054/441 610/2055/441 609/2056/441 607/2057/441
f 610/2058/442 612/2059/442 611/2060/442 609/2061/442
f 612/2062/443 614/2063/443 613/2064/443 611/2065/443
f 614/2066/444 616/2067/444 615/2068/444 613/2069/444
f 616/2070/445 618/2071/445 617/2072/445 615/2073/445
f 618/2074/446 606/2075/446 603/2076/446 617/2077/446
f 603/2078/447 604/2079/447 607/2080/447 609/2081/447 611/2082/447 613/2083/447 615/2084/447 617/2085/447
f 618/2086/448 616/2087/448 614/2088/448 612/2089/448 610/2090/448 608/2091/448 605/2092/448 606/2093/448
f 620/2094/449 619/2095/449 615/2096/449 617/2097/449
f 619/2098/450 621/2099/450 613/2100/450 615/2101/450
f 621/2102/451 622/2103/451 611/2104/451 613/2105/451
f 622/2106/452 623/2107/452 609/2108/452 611/2109/452
f 623/2110/453 624/2111/453 607/2112/453 609/2113/453
f 624/2114/454 625/2115/454 604/2116/454 607/2117/454
f 625/2118/455 626/2119/455 603/2120/455 604/2121/455
f 626/2122/456 620/2123/456 617/2124/456 603/2125/456
f 628/2126/447 627/2127/447 619/2084/447 620/2085/447
f 627/2127/447 629/2128/447 621/2083/447 619/2084/447
f 629/2128/447 630/2129/447 622/2082/447 621/2083/447
f 630/2129/447 631/2130/447 623/2081/447 622/2082/447
f 631/2130/447 632/2131/447 624/2132/447 623/2081/447
f 632/2131/447 633/2133/447 625/2079/447 624/2132/447
f 633/2133/447 634/2134/447 626/2078/447 625/2079/447
f 634/2134/447 628/2126/447 620/2085/447 626/2078/447
f 636/2135/457 635/2136/457 627/2137/457 628/2138/457
f 635/2139/454 637/2140/454 629/2141/454 627/2142/454
f 637/2143/458 638/2144/458 630/2145/458 629/2146/458
f 638/2147/456 639/2148/456 631/2149/456 630/2150/456
f 639/2151/449 640/2152/449 632/2153/449 631/2154/449
f 640/2155/450 641/2156/450 633/2157/450 632/2158/450
f 641/2159/459 642/2160/459 634/2161/459 633/2162/459
f 642/2163/452 636/2164/452 628/2165/452 634/2166/452
usemtl mat19
f 642/2134/447 641/2133/447 640/2131/447 639/2167/447 638/2129/447 637/2128/447 635/2127/447 636/2126/447
o group1755818725
v -0.835000 0.549999 0.220000
v -0.865000 0.549999 0.220000
v -0.865000 0.599999 0.220000
v -0.835000 0.599999 0.220000
v -0.835000 0.549999 -0.190000
v -0.835000 0.599999 -0.190000
v -0.865000 0.599999 -0.190000
v -0.865000 0.549999 -0.190000
v -0.785000 0.519999 0.220000
v -0.865000 0.519999 0.220000
v -0.865000 0.549999 0.220000
v -0.785000 0.549999 0.220000
v -0.785000 0.519999 -0.190000
v -0.785000 0.549999 -0.190000
v -0.865000 0.549999 -0.190000
v -0.865000 0.519999 -0.190000
v -0.835000 0.599999 0.430001
v -0.855000 0.599999 0.430001
v -0.855000 1.099999 0.430002
v -0.835000 1.099999 0.430001
v -0.835000 0.599999 -0.410001
v -0.835000 1.099999 -0.410001
v -0.855000 1.099999 -0.410002
v -0.855000 0.599999 -0.410001
v -0.835000 1.061999 0.385901
v -0.835000 0.849999 0.385901
v -0.835000 0.637999 0.385901
v -0.875000 0.599999 -0.341001
v -0.875000 0.599999 0.361001
v -0.875000 0.989999 -0.341001
v -0.875000 0.989999 0.361001
v -0.835000 1.061999 -0.365901
v -0.835000 1.061999 0.010000
v -0.835000 0.637999 -0.365901
v -0.845000 0.589999 0.210000
v -0.845000 0.609999 0.210000
v -0.825000 0.609999 0.210000
v -0.825000 0.589999 0.210000
v -0.845000 0.589999 0.190000
v -0.825000 0.589999 0.190000
v -0.825000 0.609999 0.190000
v -0.845000 0.609999 0.190000
v -0.845000 0.589999 0.180000
v -0.845000 0.609999 0.180000
v -0.825000 0.609999 0.180000
v -0.825000 0.589999 0.180000
v -0.845000 0.589999 0.160000
v -0.825000 0.589999 0.160000
v -0.825000 0.609999 0.160000
v -0.845000 0.609999 0.160000
v -0.830000 0.589999 0.085000
v -0.850000 0.589999 0.085000
v -0.850000 0.609999 0.085000
v -0.830000 0.609999 0.085000
v -0.830000 0.589999 -0.035000
v -0.830000 0.609999 -0.035000
v -0.850000 0.609999 -0.035000
v -0.850000 0.589999 -0.035000
v -0.830308 0.912174 -0.010058
v -0.830308 0.917461 0.041600
v -0.837847 0.917461 0.041600
v -0.837847 0.912174 -0.010058
v -0.830308 0.884671 0.081866
v -0.837847 0.884671 0.081866
v -0.830308 0.833014 0.087153
v -0.837847 0.833014 0.087153
v -0.830308 0.792747 0.054364
v -0.837847 0.792747 0.054364
v -0.830308 0.787461 0.002706
v -0.837847 0.787461 0.002706
v -0.830308 0.820250 -0.037560
v -0.837847 0.820250 -0.037560
v -0.830308 0.871908 -0.042847
v -0.837847 0.871908 -0.042847
v -0.834537 0.929373 -0.023932
v -0.834527 0.937188 0.044506
v -0.839527 0.937185 0.044507
v -0.839538 0.929370 -0.023931
v -0.834491 0.894321 0.098425
v -0.839491 0.894318 0.098426
v -0.834451 0.825883 0.106240
v -0.839451 0.825880 0.106241
v -0.834430 0.771964 0.063373
v -0.839430 0.771961 0.063375
v -0.834440 0.764148 -0.005065
v -0.839440 0.764145 -0.005064
v -0.834476 0.807015 -0.058984
v -0.839476 0.807012 -0.058983
v -0.834516 0.875453 -0.066799
v -0.839516 0.875451 -0.066798
v -0.885699 0.668794 0.111800
v -0.885775 0.662122 0.102121
v -0.880799 0.661702 0.102371
v -0.880723 0.668374 0.112051
v -0.886891 0.650903 0.105450
v -0.881915 0.650483 0.105701
v -0.887504 0.650641 0.117187
v -0.882528 0.650221 0.117438
v -0.886768 0.661698 0.121111
v -0.881792 0.661278 0.121362
v -0.881821 0.678753 0.112511
v -0.882706 0.665638 0.093018
v -0.877710 0.665470 0.092904
v -0.876825 0.678586 0.112397
v -0.883316 0.643042 0.099485
v -0.878320 0.642874 0.099371
v -0.882808 0.642192 0.122976
v -0.877812 0.642024 0.122862
v -0.881884 0.664263 0.131027
v -0.876888 0.664095 0.130912
v -0.885557 0.664230 0.037780
v -0.886024 0.657532 0.028131
v -0.881031 0.657295 0.028054
v -0.880563 0.663993 0.037704
v -0.886506 0.646290 0.031533
v -0.881513 0.646052 0.031456
v -0.886337 0.646040 0.043284
v -0.881344 0.645802 0.043207
v -0.885751 0.657127 0.047146
v -0.880757 0.656890 0.047069
v -0.885890 0.666064 0.008599
v -0.886445 0.659207 -0.000933
v -0.881451 0.659006 -0.001079
v -0.880897 0.665864 0.008453
v -0.886789 0.648018 0.002656
v -0.881795 0.647817 0.002511
v -0.886448 0.647960 0.014407
v -0.881454 0.647759 0.014261
v -0.885893 0.659113 0.018080
v -0.880899 0.658913 0.017934
v -0.885803 0.667156 -0.020765
v -0.885625 0.659947 -0.030050
v -0.880625 0.659952 -0.029957
v -0.880804 0.667161 -0.020673
v -0.885688 0.648888 -0.026063
v -0.880689 0.648893 -0.025971
v -0.885906 0.649262 -0.014316
v -0.880907 0.649267 -0.014223
v -0.885977 0.660552 -0.011041
v -0.880978 0.660557 -0.010949
v -0.860000 0.639999 -0.110000
v -0.860000 0.679999 -0.110000
v -0.890000 0.679999 -0.110000
v -0.890000 0.639999 -0.110000
v -0.860000 0.639999 -0.040000
v -0.890000 0.639999 -0.040000
v -0.890000 0.679999 -0.040000
v -0.860000 0.679999 -0.040000
v -0.895396 0.670045 -0.060077
v -0.895074 0.663250 -0.069665
v -0.890078 0.663203 -0.069464
v -0.890401 0.669998 -0.059876
v -0.895320 0.652027 -0.066174
v -0.890324 0.651981 -0.065973
v -0.895795 0.651886 -0.054429
v -0.890799 0.651839 -0.054228
v -0.895842 0.663022 -0.050661
v -0.890846 0.662975 -0.050460
v -0.895499 0.669990 -0.090287
v -0.895364 0.662873 -0.099643
v -0.890365 0.662879 -0.099576
v -0.890500 0.669997 -0.090220
v -0.895401 0.651775 -0.095765
v -0.890402 0.651782 -0.095698
v -0.895560 0.652034 -0.084013
v -0.890561 0.652040 -0.083946
v -0.895621 0.663291 -0.080628
v -0.890621 0.663298 -0.080561
v -0.880000 0.629999 -0.115000
v -0.870000 0.629999 -0.115000
v -0.870000 0.689999 -0.115000
v -0.880000 0.689999 -0.115000
v -0.880000 0.629999 0.145000
v -0.880000 0.689999 0.145000
v -0.870000 0.689999 0.145000
v -0.870000 0.629999 0.145000
vn -0.0000 -0.0000 1.0000
vn -0.0000 -0.0000 -1.0000
vn -0.0000 -1.0000 -0.0000
vn -0.0000 1.0000 -0.0000
vn 1.0000 -0.0000 -0.0000
vn -1.0000 -0.0000 -0.0000
vn -0.9605 -0.0000 -0.2784
vn -0.9839 0.1789 -0.0000
vn -0.9605 -0.0000 0.2784
vn 0.0976 0.8191 -0.5653
vn 0.0240 -0.2866 -0.9577
vn -0.0827 -0.9962 -0.0266
vn -0.0753 -0.3290 0.9413
vn 0.0362 0.7928 0.6084
vn -0.9952 0.0841 -0.0501
vn 0.9952 -0.0841 0.0501
vn -0.0000 0.9948 -0.1018
vn -0.0000 0.7754 0.6314
vn -0.0000 0.1018 0.9948
vn -0.0000 -0.6314 0.7754
vn -0.0000 -0.9948 0.1018
vn -0.0000 -0.7754 -0.6314
vn -0.0000 -0.1018 -0.9948
vn -0.0000 0.6314 -0.7754
vn 0.0155 0.8112 -0.5845
vn -0.0400 -0.3041 -0.9518
vn -0.0403 -0.9992 -0.0038
vn 0.0152 -0.3134 0.9495
vn 0.0495 0.8055 0.5905
vn -0.9988 0.0401 0.0292
vn 0.9988 -0.0401 -0.0292
vn -0.0006 0.9935 -0.1135
vn -0.0004 0.7828 0.6223
vn 0.0001 0.1135 0.9935
vn 0.0006 -0.6223 0.7828
vn 0.0006 -0.9935 0.1135
vn 0.0003 -0.7828 -0.6223
vn -0.0001 -0.1135 -0.9935
vn -0.0005 0.6223 -0.7828
vn 1.0000 0.0006 -0.0002
vn -1.0000 -0.0006 0.0002
vn 0.0151 0.8293 -0.5586
vn -0.0312 -0.2742 -0.9612
vn -0.0344 -0.9988 -0.0354
vn 0.0100 -0.3430 0.9393
vn 0.0405 0.7868 0.6159
vn -0.9992 0.0335 0.0228
vn 0.9992 -0.0335 -0.0228
vn 0.0309 0.8160 -0.5772
vn 0.0356 -0.2976 -0.9540
vn -0.0088 -0.9999 -0.0124
vn -0.0411 -0.3204 0.9464
vn -0.0165 0.8019 0.5973
vn -0.9991 0.0094 -0.0403
vn 0.9991 -0.0094 0.0403
vn 0.0071 0.7959 -0.6054
vn 0.0131 -0.3299 -0.9439
vn 0.0010 -0.9998 0.0220
vn -0.0125 -0.2880 0.9576
vn -0.0088 0.8217 0.5698
vn -0.9999 -0.0013 -0.0135
vn 0.9999 0.0013 0.0135
vn 0.0302 0.8204 -0.5710
vn -0.0285 -0.2884 -0.9571
vn -0.0479 -0.9986 -0.0206
vn -0.0011 -0.3289 0.9444
vn 0.0470 0.7954 0.6042
vn -0.9988 0.0475 0.0154
vn 0.9988 -0.0475 -0.0154
vn 0.0106 0.7899 -0.6131
vn 0.0177 -0.3392 -0.9406
vn 0.0004 -0.9995 0.0318
vn -0.0175 -0.2786 0.9602
vn -0.0112 0.8273 0.5617
vn -0.9998 -0.0009 -0.0185
vn 0.9998 0.0009 0.0185
vt -0.054336 -0.016547
vt -0.052995 -0.019230
vt -0.057467 -0.021466
vt -0.058809 -0.018783
vt 0.057467 -0.021466
vt 0.052995 -0.019230
vt 0.054336 -0.016547
vt 0.058809 -0.018783
vt 0.021021 -0.000605
vt -0.017590 0.013184
vt -0.016581 0.016010
vt 0.022030 0.002220
vt 0.016581 0.016010
vt 0.017590 0.013184
vt -0.021021 -0.000605
vt -0.022030 0.002220
vt -0.052544 -0.037432
vt -0.049638 -0.033363
vt -0.016275 -0.057194
vt -0.019181 -0.061262
vt 0.016275 -0.057194
vt 0.049638 -0.033363
vt 0.052544 -0.037432
vt 0.019181 -0.061262
vt -0.061045 -0.014311
vt -0.060150 -0.022808
vt -0.063728 -0.015652
vt 0.060150 -0.022808
vt 0.061045 -0.014311
vt 0.063728 -0.015652
vt -0.014900 0.020718
vt 0.023712 0.006929
vt 0.014900 0.020718
vt -0.023712 0.006929
vt -0.054288 -0.039873
vt -0.019181 -0.061263
vt -0.020925 -0.063704
vt 0.019181 -0.061263
vt 0.054288 -0.039873
vt 0.020925 -0.063704
vt -0.009615 0.005813
vt -0.008720 0.004025
vt -0.053442 -0.018336
vt 0.053442 -0.018336
vt 0.008720 0.004024
vt 0.009615 0.005813
vt 0.041134 -0.006727
vt -0.037972 0.021526
vt -0.037300 0.023409
vt 0.041807 -0.004843
vt 0.037300 0.023409
vt 0.037973 0.021526
vt -0.041134 -0.006727
vt -0.041807 -0.004843
vt -0.000566 -0.063744
vt 0.011757 -0.046493
vt 0.024079 -0.029242
vt 0.029876 -0.028713
vt 0.000814 -0.069400
vt 0.033963 -0.006289
vt -0.032147 0.017321
vt 0.066326 -0.006898
vt 0.035941 0.017550
vt 0.031874 0.030043
vt 0.070830 -0.001301
vt 0.039263 0.003070
vt -0.022702 -0.029920
vt -0.034047 -0.023294
vt 0.040100 0.016181
vt -0.031821 -0.021254
vt -0.026822 -0.059933
vt -0.033947 -0.060853
vt -0.040356 -0.011266
vt -0.017867 -0.033654
vt 0.039257 0.007149
vt 0.061925 -0.024586
vt 0.004801 -0.065389
vt -0.006510 -0.007393
vt -0.037098 0.014455
vt -0.038478 0.020111
vt -0.037098 0.014456
vt -0.061743 -0.020046
vt -0.067540 -0.020575
vt -0.000567 -0.063745
vt 0.000813 -0.069400
vt 0.020250 0.009581
vt 0.021425 0.009586
vt 0.021427 0.009086
vt 0.020252 0.009081
vt 0.045660 -0.021163
vt 0.046614 -0.021850
vt 0.046322 -0.022255
vt 0.045367 -0.021569
vt 0.012504 0.004797
vt 0.013577 0.004315
vt 0.013372 0.003859
vt 0.012300 0.004341
vt -0.044445 -0.009273
vt -0.043370 -0.008798
vt -0.043168 -0.009255
vt -0.044243 -0.009731
vt -0.036118 -0.014372
vt -0.035165 -0.013684
vt -0.034872 -0.014089
vt -0.035825 -0.014778
vt 0.020532 -0.044880
vt 0.021708 -0.044873
vt 0.022077 -0.045989
vt 0.021130 -0.046686
vt 0.020175 -0.046000
vt -0.020175 -0.046000
vt -0.021130 -0.046686
vt -0.022077 -0.045989
vt -0.021708 -0.044873
vt -0.020532 -0.044880
vt -0.061743 -0.020047
vt 0.011756 -0.046493
vt 0.024078 -0.029242
vt 0.044274 -0.016547
vt 0.044721 -0.015653
vt 0.050088 -0.018336
vt 0.049641 -0.019230
vt -0.050088 -0.018336
vt -0.044721 -0.015653
vt -0.044274 -0.016547
vt -0.049641 -0.019230
vt -0.010695 0.010191
vt 0.013790 0.001446
vt 0.013453 0.000504
vt -0.011032 0.009249
vt -0.013453 0.000504
vt -0.013790 0.001446
vt 0.010695 0.010191
vt 0.011032 0.009249
vt 0.020634 -0.050393
vt 0.017147 -0.045511
vt 0.038304 -0.030399
vt 0.041791 -0.035281
vt -0.038304 -0.030399
vt -0.017147 -0.045511
vt -0.020634 -0.050393
vt -0.041791 -0.035281
vt -0.055678 -0.016100
vt -0.053889 -0.015205
vt -0.052995 -0.016994
vt -0.054784 -0.017889
vt 0.052995 -0.016994
vt 0.053889 -0.015205
vt 0.055678 -0.016100
vt 0.054784 -0.017889
vt 0.016507 -0.055799
vt 0.018135 -0.054636
vt 0.019297 -0.056264
vt 0.017670 -0.057426
vt -0.019297 -0.056264
vt -0.018135 -0.054636
vt -0.016507 -0.055799
vt -0.017670 -0.057426
vt 0.018868 0.002287
vt 0.019541 0.004171
vt 0.021425 0.003498
vt 0.020752 0.001614
vt -0.021425 0.003498
vt -0.019541 0.004171
vt -0.018868 0.002287
vt -0.020752 0.001614
vt 0.018948 -0.054055
vt 0.020576 -0.052893
vt 0.021738 -0.054520
vt 0.020111 -0.055683
vt -0.021738 -0.054520
vt -0.020576 -0.052893
vt -0.018948 -0.054055
vt -0.020111 -0.055683
vt 0.016043 0.003296
vt 0.016716 0.005180
vt 0.018599 0.004507
vt 0.017927 0.002623
vt -0.018599 0.004507
vt -0.016716 0.005180
vt -0.016043 0.003296
vt -0.017927 0.002623
vt -0.053666 -0.015652
vt -0.052771 -0.017441
vt -0.054560 -0.018336
vt -0.055454 -0.016547
vt 0.054560 -0.018336
vt 0.052771 -0.017441
vt 0.053666 -0.015652
vt 0.055454 -0.016547
vt 0.008812 0.005348
vt -0.002489 0.009384
vt -0.001816 0.011267
vt 0.009485 0.007231
vt 0.001816 0.011267
vt 0.002489 0.009384
vt -0.008812 0.005348
vt -0.009485 0.007231
vt -0.037606 -0.043186
vt -0.036444 -0.041559
vt -0.026679 -0.048533
vt -0.027841 -0.050161
vt 0.026679 -0.048533
vt 0.036444 -0.041559
vt 0.037606 -0.043186
vt 0.027841 -0.050161
vt 0.002591 0.010421
vt -0.002377 0.008909
vt -0.002596 0.009630
vt 0.002371 0.011143
vt -0.019314 -0.000735
vt -0.023781 -0.003382
vt -0.024166 -0.002734
vt -0.019698 -0.000086
vt -0.029058 -0.005064
vt -0.033639 -0.007509
vt -0.033994 -0.006844
vt -0.029413 -0.004399
vt -0.022318 0.005716
vt -0.027444 0.004884
vt -0.027564 0.005629
vt -0.022439 0.006460
vt 0.002377 0.008909
vt -0.002591 0.010421
vt -0.002371 0.011143
vt 0.002596 0.009630
vt 0.023781 -0.003382
vt 0.019314 -0.000735
vt 0.019698 -0.000086
vt 0.024166 -0.002734
vt 0.033639 -0.007509
vt 0.029058 -0.005064
vt 0.029413 -0.004399
vt 0.033994 -0.006844
vt 0.027444 0.004884
vt 0.022318 0.005716
vt 0.022439 0.006460
vt 0.027564 0.005629
vt -0.016850 -0.018419
vt -0.012340 -0.020992
vt -0.010969 -0.026000
vt -0.013541 -0.030511
vt -0.018550 -0.031882
vt -0.023061 -0.029310
vt -0.024431 -0.024301
vt -0.021859 -0.019790
vt 0.021859 -0.019790
vt 0.024431 -0.024301
vt 0.023061 -0.029310
vt 0.018550 -0.031882
vt 0.013541 -0.030511
vt 0.010969 -0.026000
vt 0.012340 -0.020992
vt 0.016850 -0.018419
vt 0.029837 0.005446
vt 0.031011 0.005387
vt 0.030986 0.004888
vt 0.029812 0.004946
vt 0.043492 -0.018862
vt 0.044491 -0.019483
vt 0.044227 -0.019907
vt 0.043228 -0.019287
vt 0.000906 0.006995
vt 0.002021 0.006622
vt 0.001862 0.006148
vt 0.000747 0.006521
vt -0.047499 -0.012199
vt -0.046413 -0.011749
vt -0.046221 -0.012210
vt -0.047307 -0.012661
vt -0.028888 -0.009015
vt -0.027876 -0.008417
vt -0.027622 -0.008848
vt -0.028634 -0.009446
vt 0.026377 -0.041515
vt 0.027549 -0.041607
vt 0.027824 -0.042750
vt 0.026822 -0.043365
vt 0.025927 -0.042602
vt -0.025927 -0.042602
vt -0.026822 -0.043365
vt -0.027824 -0.042750
vt -0.027549 -0.041607
vt -0.026377 -0.041515
vt 0.004111 0.010651
vt -0.002491 0.008684
vt -0.002634 0.009164
vt 0.003968 0.011130
vt -0.018189 -0.000242
vt -0.024122 -0.003742
vt -0.024376 -0.003312
vt -0.018443 0.000189
vt -0.028320 -0.004942
vt -0.034390 -0.008198
vt -0.034626 -0.007758
vt -0.028556 -0.004501
vt -0.022003 0.005449
vt -0.028795 0.004302
vt -0.028879 0.004795
vt -0.022086 0.005942
vt 0.002491 0.008684
vt -0.004111 0.010651
vt -0.003968 0.011130
vt 0.002634 0.009164
vt 0.024122 -0.003742
vt 0.018189 -0.000242
vt 0.018443 0.000189
vt 0.024376 -0.003312
vt 0.034390 -0.008198
vt 0.028320 -0.004942
vt 0.028556 -0.004501
vt 0.034626 -0.007758
vt 0.028795 0.004302
vt 0.022003 0.005449
vt 0.022086 0.005942
vt 0.028879 0.004795
vt -0.016985 -0.016215
vt -0.010963 -0.019558
vt -0.009068 -0.026181
vt -0.012412 -0.032203
vt -0.019034 -0.034098
vt -0.025057 -0.030754
vt -0.026951 -0.024132
vt -0.023608 -0.018109
vt 0.023608 -0.018109
vt 0.026951 -0.024132
vt 0.025057 -0.030754
vt 0.019034 -0.034098
vt 0.012412 -0.032203
vt 0.009068 -0.026181
vt 0.010963 -0.019558
vt 0.016985 -0.016215
vt 0.019128 0.006322
vt 0.021479 0.006273
vt 0.021468 0.005773
vt 0.019118 0.005822
vt 0.045661 -0.020007
vt 0.047668 -0.021232
vt 0.047407 -0.021659
vt 0.045400 -0.020434
vt 0.011591 0.002996
vt 0.013806 0.002206
vt 0.013638 0.001735
vt 0.011423 0.002525
vt -0.044268 -0.010059
vt -0.042077 -0.009204
vt -0.041895 -0.009670
vt -0.044086 -0.010525
vt -0.037165 -0.014390
vt -0.035147 -0.013184
vt -0.034890 -0.013613
vt -0.036908 -0.014820
vt 0.017521 -0.045598
vt 0.019871 -0.045674
vt 0.020524 -0.047933
vt 0.018578 -0.049252
vt 0.016722 -0.047809
vt -0.016722 -0.047809
vt -0.018578 -0.049252
vt -0.020524 -0.047933
vt -0.019871 -0.045674
vt -0.017521 -0.045598
vt 0.034805 0.005152
vt 0.035980 0.005187
vt 0.035995 0.004688
vt 0.034820 0.004652
vt 0.040186 -0.019968
vt 0.041187 -0.020585
vt 0.040925 -0.021011
vt 0.039924 -0.020394
vt -0.005969 0.006883
vt -0.004882 0.006436
vt -0.005072 0.005974
vt -0.006160 0.006421
vt -0.048902 -0.013364
vt -0.047797 -0.012964
vt -0.047626 -0.013434
vt -0.048732 -0.013834
vt -0.022370 -0.009362
vt -0.021378 -0.008731
vt -0.021110 -0.009153
vt -0.022102 -0.009784
vt 0.036530 -0.033605
vt 0.037704 -0.033551
vt 0.038119 -0.034651
vt 0.037200 -0.035385
vt 0.036219 -0.034738
vt -0.036219 -0.034738
vt -0.037200 -0.035385
vt -0.038119 -0.034651
vt -0.037704 -0.033551
vt -0.036530 -0.033605
vt 0.038509 0.003466
vt 0.039685 0.003458
vt 0.039681 0.002958
vt 0.038505 0.002966
vt 0.038833 -0.018778
vt 0.039843 -0.019379
vt 0.039587 -0.019809
vt 0.038577 -0.019207
vt -0.010712 0.007840
vt -0.009606 0.007440
vt -0.009776 0.006970
vt -0.010882 0.007369
vt -0.049713 -0.014526
vt -0.048612 -0.014116
vt -0.048437 -0.014584
vt -0.049539 -0.014995
vt -0.019118 -0.006962
vt -0.018106 -0.006364
vt -0.017852 -0.006795
vt -0.018864 -0.007393
vt 0.038118 -0.032729
vt 0.039294 -0.032742
vt 0.039644 -0.033864
vt 0.038686 -0.034544
vt 0.037742 -0.033842
vt -0.037742 -0.033842
vt -0.038686 -0.034544
vt -0.039644 -0.033864
vt -0.039294 -0.032742
vt -0.038118 -0.032729
vt 0.026831 0.006408
vt 0.028006 0.006371
vt 0.027990 0.005871
vt 0.026815 0.005909
vt 0.044508 -0.019652
vt 0.045500 -0.020282
vt 0.045232 -0.020704
vt 0.044240 -0.020074
vt 0.004634 0.006053
vt 0.005740 0.005655
vt 0.005571 0.005184
vt 0.004465 0.005583
vt -0.046678 -0.011383
vt -0.045591 -0.010935
vt -0.045401 -0.011398
vt -0.046488 -0.011846
vt -0.031466 -0.010824
vt -0.030465 -0.010208
vt -0.030203 -0.010634
vt -0.031204 -0.011250
vt 0.024553 -0.042804
vt 0.025727 -0.042861
vt 0.026036 -0.043995
vt 0.025052 -0.044639
vt 0.024136 -0.043903
vt -0.024136 -0.043903
vt -0.025052 -0.044639
vt -0.026036 -0.043995
vt -0.025727 -0.042861
vt -0.024553 -0.042804
vt 0.033553 0.004482
vt 0.034728 0.004471
vt 0.034724 0.003971
vt 0.033548 0.003982
vt 0.041321 -0.019224
vt 0.042329 -0.019830
vt 0.042071 -0.020258
vt 0.041064 -0.019653
vt -0.004302 0.006659
vt -0.003197 0.006259
vt -0.003367 0.005789
vt -0.004473 0.006189
vt -0.048509 -0.013163
vt -0.047409 -0.012749
vt -0.047233 -0.013216
vt -0.048333 -0.013631
vt -0.024303 -0.008874
vt -0.023292 -0.008273
vt -0.023037 -0.008703
vt -0.024047 -0.009304
vt 0.032961 -0.036881
vt 0.034136 -0.036899
vt 0.034483 -0.038022
vt 0.033521 -0.038699
vt 0.032581 -0.037994
vt -0.032581 -0.037994
vt -0.033521 -0.038699
vt -0.034483 -0.038022
vt -0.034136 -0.036899
vt -0.032961 -0.036881
vt 0.048299 -0.019677
vt 0.044721 -0.017889
vt 0.046063 -0.015205
vt 0.049641 -0.016994
vt -0.046063 -0.015205
vt -0.044721 -0.017889
vt -0.048299 -0.019677
vt -0.049641 -0.016994
vt -0.038478 -0.031503
vt -0.032782 -0.035572
vt -0.035107 -0.038827
vt -0.040803 -0.034758
vt 0.035107 -0.038827
vt 0.032782 -0.035572
vt 0.038478 -0.031503
vt 0.040803 -0.034758
vt -0.003296 0.008610
vt -0.004305 0.005785
vt -0.010897 0.008139
vt -0.009888 0.010965
vt 0.010897 0.008139
vt 0.004305 0.005785
vt 0.003296 0.008610
vt 0.009888 0.010965
s 1
usemtl mat17
f 646/2168/460 645/2169/460 644/2170/460 643/2171/460
f 650/2172/461 649/2173/461 648/2174/461 647/2175/461
f 644/2176/462 650/2177/462 647/2178/462 643/2179/462
f 648/2180/463 649/2181/463 645/2182/463 646/2183/463
f 647/2184/464 648/2185/464 646/2186/464 643/2187/464
f 645/2188/465 649/2189/465 650/2190/465 644/2191/465
f 654/2192/460 653/2170/460 652/2193/460 651/2194/460
f 658/2195/461 657/2172/461 656/2196/461 655/2197/461
f 652/2176/462 658/2177/462 655/2198/462 651/2199/462
f 656/2200/463 657/2181/463 653/2182/463 654/2201/463
f 655/2202/464 656/2184/464 654/2203/464 651/2204/464
f 653/2205/465 657/2190/465 658/2206/465 652/2207/465
f 662/2208/460 661/2209/460 660/2210/460 659/2168/460
f 666/2211/461 665/2212/461 664/2213/461 663/2174/461
f 660/2214/462 666/2215/462 663/2216/462 659/2217/462
f 664/2218/463 665/2219/463 661/2220/463 662/2221/463
f 669/2222/464 668/2223/464 667/2224/464 662/2225/464 659/2226/464
f 671/2227/462 670/2228/462 666/2215/462 660/2214/462
f 670/2229/466 672/2230/466 665/2231/466 666/2232/466
f 672/2233/467 673/2234/467 661/2235/467 665/2236/467
f 673/2237/468 671/2238/468 660/2239/468 661/2240/468
f 673/2241/465 672/2242/465 670/2243/465 671/2244/465
f 667/2224/464 675/2245/464 674/2246/464 664/2247/464 662/2225/464
f 674/2248/464 676/2249/464 663/2250/464 664/2247/464
f 676/2249/464 669/2251/464 659/2252/464 663/2250/464
f 736/2253/469 735/2254/469 734/2255/469 733/2256/469
f 735/2257/470 738/2258/470 737/2259/470 734/2260/470
f 738/2261/471 740/2262/471 739/2263/471 737/2264/471
f 740/2265/472 742/2266/472 741/2267/472 739/2268/472
f 742/2269/473 736/2270/473 733/2271/473 741/2272/473
f 733/2273/474 734/2274/474 737/2275/474 739/2276/474 741/2277/474
f 742/2278/475 740/2279/475 738/2280/475 735/2281/475 736/2282/475
usemtl light23
f 676/2283/464 674/2246/464 675/2245/464 668/2284/464 669/2222/464
f 675/2245/464 667/2285/464 668/2284/464
f 814/2286/461 813/2287/461 812/2288/461 811/2289/461
f 818/2290/460 817/2291/460 816/2292/460 815/2293/460
f 812/2294/462 818/2295/462 815/2296/462 811/2297/462
f 816/2298/463 817/2299/463 813/2300/463 814/2301/463
f 815/2302/465 816/2303/465 814/2304/465 811/2305/465
f 813/2306/464 817/2307/464 818/2308/464 812/2309/464
usemtl mat16
f 680/2310/460 679/2311/460 678/2312/460 677/2313/460
f 684/2314/461 683/2315/461 682/2316/461 681/2317/461
f 678/2318/465 684/2319/465 681/2320/465 677/2321/465
f 682/2322/464 683/2323/464 679/2324/464 680/2325/464
f 681/2326/462 682/2327/462 680/2328/462 677/2329/462
f 679/2330/463 683/2331/463 684/2332/463 678/2333/463
f 688/2310/460 687/2311/460 686/2312/460 685/2313/460
f 692/2314/461 691/2315/461 690/2316/461 689/2317/461
f 686/2334/465 692/2335/465 689/2336/465 685/2337/465
f 690/2338/464 691/2339/464 687/2340/464 688/2341/464
f 689/2342/462 690/2343/462 688/2344/462 685/2345/462
f 687/2346/463 691/2347/463 692/2348/463 686/2349/463
usemtl mat15
f 696/2350/460 695/2351/460 694/2352/460 693/2353/460
f 700/2354/461 699/2355/461 698/2356/461 697/2357/461
f 694/2358/462 700/2359/462 697/2360/462 693/2361/462
f 698/2362/463 699/2363/463 695/2364/463 696/2365/463
f 697/2366/464 698/2367/464 696/2368/464 693/2369/464
f 695/2370/465 699/2371/465 700/2372/465 694/2373/465
usemtl light5
f 704/2374/476 703/2375/476 702/2376/476 701/2377/476
f 703/2378/477 706/2379/477 705/2380/477 702/2381/477
f 706/2382/478 708/2383/478 707/2384/478 705/2385/478
f 708/2386/479 710/2387/479 709/2388/479 707/2389/479
f 710/2390/480 712/2391/480 711/2392/480 709/2393/480
f 712/2394/481 714/2395/481 713/2396/481 711/2397/481
f 714/2398/482 716/2399/482 715/2400/482 713/2401/482
f 716/2402/483 704/2403/483 701/2404/483 715/2405/483
f 701/2406/464 702/2407/464 705/2408/464 707/2409/464 709/2410/464 711/2411/464 713/2412/464 715/2413/464
f 716/2414/465 714/2415/465 712/2416/465 710/2417/465 708/2418/465 706/2419/465 703/2420/465 704/2421/465
f 766/2422/484 765/2423/484 764/2424/484 763/2425/484
f 765/2426/485 768/2427/485 767/2428/485 764/2429/485
f 768/2430/486 770/2431/486 769/2432/486 767/2433/486
f 770/2434/487 772/2435/487 771/2436/487 769/2437/487
f 772/2438/488 766/2439/488 763/2440/488 771/2441/488
f 763/2442/489 764/2443/489 767/2444/489 769/2445/489 771/2446/489
f 772/2447/490 770/2448/490 768/2449/490 765/2450/490 766/2451/490
usemtl light6
f 720/2452/491 719/2453/491 718/2454/491 717/2455/491
f 719/2456/492 722/2457/492 721/2458/492 718/2459/492
f 722/2460/493 724/2461/493 723/2462/493 721/2463/493
f 724/2464/494 726/2465/494 725/2466/494 723/2467/494
f 726/2468/495 728/2469/495 727/2470/495 725/2471/495
f 728/2472/496 730/2473/496 729/2474/496 727/2475/496
f 730/2476/497 732/2477/497 731/2478/497 729/2479/497
f 732/2480/498 720/2481/498 717/2482/498 731/2483/498
f 717/2484/499 718/2485/499 721/2486/499 723/2487/499 725/2488/499 727/2489/499 729/2490/499 731/2491/499
f 732/2492/500 730/2493/500 728/2494/500 726/2495/500 724/2496/500 722/2497/500 719/2498/500 720/2499/500
usemtl mat21
f 746/2500/501 745/2501/501 744/2502/501 743/2503/501
f 745/2504/502 748/2505/502 747/2506/502 744/2507/502
f 748/2508/503 750/2509/503 749/2510/503 747/2511/503
f 750/2512/504 752/2513/504 751/2514/504 749/2515/504
f 752/2516/505 746/2517/505 743/2518/505 751/2519/505
f 743/2520/506 744/2521/506 747/2522/506 749/2523/506 751/2524/506
f 752/2525/507 750/2526/507 748/2527/507 745/2528/507 746/2529/507
f 794/2530/508 793/2531/508 792/2532/508 791/2533/508
f 793/2534/509 796/2535/509 795/2536/509 792/2537/509
f 796/2538/510 798/2539/510 797/2540/510 795/2541/510
f 798/2542/511 800/2543/511 799/2544/511 797/2545/511
f 800/2546/512 794/2547/512 791/2548/512 799/2549/512
f 791/2550/513 792/2551/513 795/2552/513 797/2553/513 799/2554/513
f 800/2555/514 798/2556/514 796/2557/514 793/2558/514 794/2559/514
f 804/2560/515 803/2561/515 802/2562/515 801/2563/515
f 803/2564/516 806/2565/516 805/2566/516 802/2567/516
f 806/2568/517 808/2569/517 807/2570/517 805/2571/517
f 808/2572/518 810/2573/518 809/2574/518 807/2575/518
f 810/2576/519 804/2577/519 801/2578/519 809/2579/519
f 801/2580/520 802/2581/520 805/2582/520 807/2583/520 809/2584/520
f 810/2585/521 808/2586/521 806/2587/521 803/2588/521 804/2589/521
usemtl mat2
f 756/2590/522 755/2591/522 754/2592/522 753/2593/522
f 755/2594/523 758/2595/523 757/2596/523 754/2597/523
f 758/2598/524 760/2599/524 759/2600/524 757/2601/524
f 760/2602/525 762/2603/525 761/2604/525 759/2605/525
f 762/2606/526 756/2607/526 753/2608/526 761/2609/526
f 753/2610/527 754/2611/527 757/2612/527 759/2613/527 761/2614/527
f 762/2615/528 760/2616/528 758/2617/528 755/2618/528 756/2619/528
usemtl mat8
f 776/2620/529 775/2621/529 774/2622/529 773/2623/529
f 775/2624/530 778/2625/530 777/2626/530 774/2627/530
f 778/2628/531 780/2629/531 779/2630/531 777/2631/531
f 780/2632/532 782/2633/532 781/2634/532 779/2635/532
f 782/2636/533 776/2637/533 773/2638/533 781/2639/533
f 773/2640/534 774/2641/534 777/2642/534 779/2643/534 781/2644/534
f 782/2645/535 780/2646/535 778/2647/535 775/2648/535 776/2649/535
usemtl mat22
f 786/2650/461 785/2651/461 784/2652/461 783/2653/461
f 790/2654/460 789/2655/460 788/2656/460 787/2657/460
f 784/2658/464 790/2659/464 787/2660/464 783/2661/464
f 788/2662/465 789/2663/465 785/2664/465 786/2665/465
f 787/2666/462 788/2667/462 786/2668/462 783/2669/462
f 785/2670/463 789/2671/463 790/2672/463 784/2673/463
o group1778046054
v 0.774596 0.166867 0.577526
v 0.325606 0.166867 0.577525
v 0.325606 0.320807 0.577525
v 0.774596 0.320807 0.577526
v 0.774596 0.166868 -0.602677
v 0.774596 0.320807 -0.602677
v 0.325606 0.320807 -0.602677
v 0.325606 0.166867 -0.602677
v 0.770128 0.089898 -0.590934
v 0.770128 0.089898 0.565783
v 0.330073 0.089898 -0.590934
v 0.330073 0.089898 0.565782
v 0.299949 0.205352 -0.551364
v 0.684798 0.205352 -0.551364
v 0.684798 0.397776 -0.551364
v 0.299949 0.397776 -0.551364
v 0.299950 0.205352 -0.025404
v 0.299950 0.397776 -0.025404
v 0.684798 0.397776 -0.025404
v 0.684798 0.205352 -0.025404
v 0.299949 0.205352 0.000252
v 0.684797 0.205352 0.000252
v 0.684797 0.397776 0.000252
v 0.299949 0.397776 0.000252
v 0.299949 0.205352 0.513384
v 0.299949 0.397776 0.513384
v 0.684797 0.397776 0.513384
v 0.684797 0.205352 0.513384
v 0.299949 0.205352 -0.641161
v 0.787424 0.205352 -0.641162
v 0.787424 0.526059 -0.641162
v 0.299949 0.526059 -0.641161
v 0.299949 0.205352 -0.500050
v 0.299949 0.526059 -0.500050
v 0.787424 0.526059 -0.500051
v 0.787424 0.205352 -0.500051
v 0.306363 0.205352 0.481313
v 0.793838 0.205352 0.481313
v 0.793838 0.538888 0.481313
v 0.306363 0.538888 0.481313
v 0.306363 0.205352 0.622425
v 0.306363 0.538888 0.622425
v 0.793838 0.538888 0.622424
v 0.793838 0.205352 0.622424
v 0.813081 0.205353 -0.641162
v 0.813080 0.205352 0.628838
v 0.813080 0.679999 0.628838
v 0.813081 0.679999 -0.641162
v 0.671970 0.205353 -0.641162
v 0.671970 0.679999 -0.641162
v 0.671969 0.679999 0.628838
v 0.671969 0.205352 0.628838
vn -0.0000 -0.0000 1.0000
vn -0.0000 -0.0000 -1.0000
vn 1.0000 -0.0000 -0.0000
vn -1.0000 -0.0000 -0.0000
vn -0.0000 -1.0000 -0.0000
vn 0.9983 -0.0580 -0.0000
vn -0.0000 1.0000 -0.0000
vn -0.0000 -0.1508 -0.9886
vn -0.9983 -0.0579 -0.0000
vn -0.0000 -0.1508 0.9886
vt -0.151292 0.114934
vt -0.131212 0.074775
vt -0.144981 0.067891
vt -0.165060 0.108049
vt 0.144981 0.067891
vt 0.131212 0.074775
vt 0.151292 0.114934
vt 0.165060 0.108049
vt -0.108394 -0.044622
vt -0.099446 -0.032095
vt -0.003409 -0.100693
vt -0.012357 -0.113220
vt 0.003409 -0.100693
vt 0.099446 -0.032095
vt 0.108394 -0.044622
vt 0.012357 -0.113220
vt -0.004501 0.183974
vt 0.008788 0.179228
vt -0.007608 0.133321
vt -0.020897 0.138067
vt -0.006392 -0.111099
vt -0.103771 -0.048671
vt -0.100599 -0.041547
vt -0.001242 -0.105242
vt 0.001308 0.181472
vt 0.016409 0.139188
vt -0.094735 0.099494
vt -0.109836 0.141777
vt 0.166404 0.102665
vt 0.145252 0.064077
vt 0.138210 0.067428
vt 0.159791 0.106800
vt 0.119294 -0.050274
vt 0.029385 -0.123050
vt 0.023621 -0.117796
vt 0.115355 -0.043542
vt -0.140068 0.075998
vt -0.157805 0.116271
vt -0.150859 0.119818
vt -0.132762 0.078728
vt 0.093779 0.100310
vt -0.015153 0.139214
vt -0.000353 0.180656
vt 0.108580 0.141751
vt 0.123180 0.075922
vt 0.140391 0.110344
vt 0.157602 0.101739
vt 0.140391 0.067317
vt -0.157602 0.101739
vt -0.140391 0.110344
vt -0.123180 0.075922
vt -0.140391 0.067317
vt 0.000504 0.171289
vt 0.050036 0.153600
vt 0.037092 0.117357
vt -0.012440 0.135047
vt -0.037092 0.117357
vt -0.050036 0.153599
vt -0.000504 0.171289
vt 0.012440 0.135047
vt 0.059182 -0.075044
vt 0.047998 -0.059386
vt 0.090797 -0.028815
vt 0.101981 -0.044473
vt -0.090797 -0.028815
vt -0.047998 -0.059386
vt -0.059182 -0.075044
vt -0.101981 -0.044473
vt 0.052452 0.152736
vt 0.100776 0.135478
vt 0.087832 0.099235
vt 0.039508 0.116494
vt -0.087832 0.099235
vt -0.100776 0.135478
vt -0.052452 0.152736
vt -0.039508 0.116494
vt 0.015339 -0.106360
vt 0.004155 -0.090702
vt 0.045910 -0.060877
vt 0.057095 -0.076535
vt -0.045910 -0.060877
vt -0.004155 -0.090702
vt -0.015339 -0.106360
vt -0.057095 -0.076535
vt 0.111706 0.081659
vt 0.133507 0.125261
vt 0.162192 0.110918
vt -0.162192 0.110918
vt -0.133507 0.125261
vt -0.111706 0.081659
vt 0.007608 0.133321
vt -0.008788 0.179228
vt 0.004501 0.183974
vt 0.020897 0.138067
vt 0.097806 -0.047456
vt 0.079165 -0.021358
vt 0.090648 -0.013157
vt 0.109288 -0.039254
vt -0.090648 -0.013157
vt -0.079165 -0.021358
vt -0.097806 -0.047456
vt -0.109289 -0.039254
vt 0.110846 0.082807
vt 0.132646 0.126408
vt 0.162479 0.111492
vt 0.140678 0.067891
vt -0.162479 0.111492
vt -0.132646 0.126408
vt -0.110846 0.082807
vt -0.140678 0.067891
vt 0.101423 0.146826
vt 0.114712 0.142079
vt 0.098316 0.096172
vt 0.085027 0.100918
vt -0.098316 0.096172
vt -0.114712 0.142079
vt -0.101423 0.146826
vt -0.085027 0.100918
vt 0.006466 -0.112698
vt -0.012920 -0.085557
vt -0.001437 -0.077355
vt 0.017949 -0.104496
vt 0.001437 -0.077355
vt 0.012920 -0.085557
vt -0.006466 -0.112698
vt -0.017949 -0.104496
vt -0.081700 -0.000630
vt 0.021644 -0.074447
vt -0.005945 -0.113071
vt -0.109289 -0.039253
vt 0.005945 -0.113071
vt -0.021644 -0.074447
vt 0.081700 -0.000630
vt 0.109289 -0.039253
vt 0.115963 0.143676
vt 0.111217 0.130387
vt -0.008384 0.173101
vt -0.003638 0.186391
vt 0.008384 0.173101
vt -0.111217 0.130387
vt -0.115963 0.143676
vt 0.003638 0.186391
vt 0.157028 0.100591
vt 0.114575 0.121818
vt 0.120885 0.134440
vt 0.163339 0.113213
vt -0.120885 0.134440
vt -0.114575 0.121818
vt -0.157028 0.100591
vt -0.163339 0.113213
s 1
usemtl mat23
f 822/2674/536 821/2675/536 820/2676/536 819/2677/536
f 826/2678/537 825/2679/537 824/2680/537 823/2681/537
f 823/2682/538 824/2683/538 822/2684/538 819/2685/538
f 821/2686/539 825/2687/539 826/2688/539 820/2689/539
f 848/2690/540 854/2691/540 851/2692/540 847/2693/540
usemtl mat16
f 828/2694/541 827/2695/541 823/2696/541 819/2697/541
f 824/2698/542 825/2699/542 821/2700/542 822/2701/542
f 827/2702/543 829/2703/543 826/2704/543 823/2705/543
f 829/2706/544 830/2707/544 820/2708/544 826/2709/544
f 830/2710/545 828/2711/545 819/2712/545 820/2713/545
f 830/2714/540 829/2715/540 827/2716/540 828/2717/540
usemtl mat13
f 834/2718/537 833/2719/537 832/2720/537 831/2721/537
f 838/2722/536 837/2723/536 836/2724/536 835/2725/536
f 832/2726/540 838/2727/540 835/2728/540 831/2729/540
f 836/2730/542 837/2731/542 833/2732/542 834/2733/542
f 835/2734/539 836/2735/539 834/2736/539 831/2737/539
f 833/2738/538 837/2739/538 838/2740/538 832/2741/538
f 842/2718/537 841/2719/537 840/2720/537 839/2721/537
f 846/2722/536 845/2723/536 844/2724/536 843/2725/536
f 840/2742/540 846/2743/540 843/2744/540 839/2745/540
f 844/2746/542 845/2747/542 841/2748/542 842/2749/542
f 843/2750/539 844/2751/539 842/2752/539 839/2753/539
f 841/2754/538 845/2755/538 846/2756/538 840/2757/538
f 850/2758/537 849/2759/537 848/2760/537 847/2721/537
f 854/2761/536 853/2762/536 852/2763/536 851/2725/536
f 852/2764/542 853/2765/542 849/2766/542 850/2767/542
f 851/2768/539 852/2769/539 850/2770/539 847/2771/539
f 849/2772/538 853/2773/538 854/2774/538 848/2775/538
f 858/2776/537 857/2777/537 856/2778/537 855/2779/537
f 862/2780/536 861/2781/536 860/2782/536 859/2783/536
f 856/2784/540 862/2785/540 859/2786/540 855/2787/540
f 860/2788/542 861/2789/542 857/2790/542 858/2791/542
f 859/2792/539 860/2793/539 858/2794/539 855/2795/539
f 857/2796/538 861/2797/538 862/2798/538 856/2799/538
f 866/2800/538 865/2801/538 864/2802/538 863/2803/538
f 870/2804/539 869/2805/539 868/2806/539 867/2807/539
f 864/2808/540 870/2809/540 867/2810/540 863/2811/540
f 868/2812/542 869/2813/542 865/2814/542 866/2815/542
f 867/2816/537 868/2817/537 866/2818/537 863/2819/537
f 865/2820/536 869/2821/536 870/2822/536 864/2823/536
o group1786676661
v -0.850000 0.799999 -1.270000
v -0.850000 0.869999 -1.270000
v -0.850000 0.869999 -1.280000
v -0.850000 0.799999 -1.280000
v -0.870000 0.799999 -1.270000
v -0.870000 0.799999 -1.280000
v -0.870000 0.869999 -1.280000
v -0.870000 0.869999 -1.270000
vn 1.0000 -0.0000 -0.0000
vn -1.0000 -0.0000 -0.0000
vn -0.0000 -0.0000 1.0000
vn -0.0000 -0.0000 -1.0000
vn -0.0000 -1.0000 -0.0000
vn -0.0000 1.0000 -0.0000
vt -0.126710 0.046267
vt -0.122641 0.051963
vt -0.121827 0.051381
vt -0.125896 0.045685
vt 0.121827 0.051382
vt 0.122641 0.051963
vt 0.126710 0.046267
vt 0.125896 0.045685
vt -0.029516 -0.005814
vt -0.028622 -0.007603
vt -0.034883 -0.010733
vt -0.035777 -0.008944
vt 0.034883 -0.010733
vt 0.028622 -0.007603
vt 0.029516 -0.005814
vt 0.035777 -0.008944
vt -0.119467 0.049038
vt -0.120408 0.049374
vt -0.119736 0.051258
vt -0.118794 0.050921
vt 0.119736 0.051258
vt 0.120408 0.049374
vt 0.119467 0.049038
vt 0.118794 0.050921
s 1
usemtl mat20
f 874/2824/546 873/2825/546 872/2826/546 871/2827/546
f 878/2828/547 877/2829/547 876/2830/547 875/2831/547
f 872/2832/548 878/2833/548 875/2834/548 871/2835/548
f 876/2836/549 877/2837/549 873/2838/549 874/2839/549
f 875/2840/550 876/2841/550 874/2842/550 871/2843/550
f 873/2844/551 877/2845/551 878/2846/551 872/2847/551
o group1956117766
v -1.225000 0.879999 1.255000
v -1.225000 1.169999 1.255000
v -1.185000 1.169999 1.255000
v -1.185000 0.879999 1.255000
v -1.225000 0.879999 0.965000
v -1.185000 0.879999 0.965000
v -1.185000 1.169999 0.965000
v -1.225000 1.169999 0.965000
v -1.185000 1.118414 1.198256
v -1.185000 0.931584 1.198256
v -1.185000 1.118414 1.021743
v -1.185000 0.931584 1.021743
v -1.205000 1.118414 1.198256
v -1.205000 1.027706 1.198256
v -1.205000 0.931584 1.198256
v -1.205000 1.118414 1.021743
v -1.205000 0.931584 1.021743
v -1.205000 1.068723 1.021743
v -1.179245 1.152342 1.221670
v -1.178730 1.144406 1.230327
v -1.196739 1.141687 1.231037
v -1.197469 1.149593 1.222368
v -1.177280 1.133806 1.225455
v -1.194624 1.131181 1.226205
v -1.176899 1.135191 1.213787
v -1.194047 1.132594 1.214548
v -1.178114 1.146647 1.211448
v -1.195805 1.143974 1.212177
v -1.179038 1.152416 0.992000
v -1.178365 1.145041 1.001130
v -1.193286 1.143575 1.000574
v -1.194175 1.150918 0.991437
v -1.176830 1.134174 0.996917
v -1.191394 1.132760 0.996371
v -1.176554 1.134833 0.985183
v -1.191115 1.133419 0.984637
v -1.177918 1.146107 0.982144
v -1.192834 1.144642 0.981588
v -1.184889 1.145671 1.234744
v -1.188835 1.143353 1.231057
v -1.219431 1.338352 1.119079
v -1.215524 1.341136 1.122475
v -1.185933 1.141128 1.226454
v -1.216480 1.335534 1.114849
v -1.180193 1.142072 1.227298
v -1.210748 1.336575 1.115631
v -1.179548 1.144879 1.232421
v -1.210157 1.340037 1.120345
v -1.218284 1.346918 1.106779
v -1.214714 1.351574 1.106424
v -1.214966 1.342069 1.106616
v -1.209346 1.343728 1.106161
v -1.209190 1.349603 1.106042
v -1.215122 1.337378 1.094636
v -1.211929 1.340665 1.090954
v -1.211462 1.333771 1.097489
v -1.206007 1.334827 1.095571
v -1.206296 1.339088 1.091532
v -1.187262 1.142188 0.979697
v -1.184281 1.143871 0.974919
v -1.183393 1.140159 0.983630
v -1.178021 1.140588 0.981282
v -1.178570 1.142882 0.975898
v -1.181074 1.144922 1.234427
v -1.180788 1.130372 1.234341
v -1.184911 1.130292 1.234195
v -1.185197 1.144842 1.234281
v -1.179999 1.122223 1.216309
v -1.184115 1.122037 1.216081
v -1.181612 1.136019 1.204984
v -1.185719 1.135721 1.204719
v -1.182751 1.152005 1.217077
v -1.186869 1.151817 1.216889
v -1.183518 1.125272 0.985393
v -1.185072 1.129892 0.999107
v -1.180971 1.129915 0.999564
v -1.179417 1.125295 0.985851
v -1.185433 1.149691 1.001286
v -1.181325 1.149604 1.001668
v -1.185364 1.156150 0.984635
v -1.181250 1.155992 0.984924
v -1.184400 1.139539 0.973162
v -1.180290 1.139488 0.973529
v -1.206327 1.341919 1.107207
v -1.207023 1.334455 1.116263
v -1.221058 1.335420 1.116176
v -1.221109 1.342879 1.107090
v -1.207200 1.323520 1.111952
v -1.220386 1.324490 1.111900
v -1.206613 1.324225 1.100232
v -1.220023 1.325194 1.100171
v -1.206074 1.335597 1.097300
v -1.220470 1.336559 1.097198
vn -0.0000 -0.0000 1.0000
vn -0.0000 -0.0000 -1.0000
vn -1.0000 -0.0000 -0.0000
vn 1.0000 -0.0000 -0.0000
vn -0.0000 -1.0000 -0.0000
vn -0.0000 1.0000 -0.0000
vn -0.0843 0.7324 0.6757
vn 0.0984 -0.4020 0.9104
vn 0.1439 -0.9832 -0.1120
vn -0.0111 -0.2034 -0.9790
vn -0.1489 0.8561 -0.4949
vn 0.9923 0.1146 0.0460
vn -0.9837 -0.1663 -0.0689
vn -0.0994 0.7707 0.6294
vn 0.0005 -0.3618 0.9323
vn 0.0985 -0.9937 -0.0535
vn 0.0608 -0.2530 -0.9656
vn -0.0624 0.8376 -0.5427
vn 0.9913 0.1282 0.0305
vn -0.9866 -0.1599 -0.0325
vn 0.0470 0.7706 0.6356
vn -0.0308 -0.3660 0.9301
vn -0.0723 -0.9954 -0.0627
vn -0.0118 -0.2513 -0.9678
vn 0.0595 0.8426 -0.5353
vn 0.9982 -0.0350 0.0479
vn -0.9983 -0.0481 -0.0338
vn -0.7328 0.2488 0.6333
vn -0.8606 -0.3484 -0.3714
vn 0.2025 -0.4635 -0.8627
vn 0.9848 0.0612 -0.1627
vn 0.4062 0.5022 0.7635
vn 0.0750 -0.8784 0.4719
vn -0.0669 0.8081 -0.5852
vn -0.7288 0.5910 0.3459
vn -0.8064 -0.4217 -0.4147
vn 0.2046 -0.7904 -0.5774
vn 0.9949 -0.0954 0.0321
vn 0.3411 0.7756 0.5311
vn -0.0754 -0.0182 -0.9970
vn -0.7742 0.4174 -0.4758
vn -0.7851 -0.5732 0.2347
vn 0.3086 -0.6612 0.6838
vn 0.9804 0.0856 0.1773
vn 0.2660 0.8074 -0.5266
vn -0.1189 -0.6873 -0.7166
vn -0.8420 0.1804 -0.5085
vn -0.7606 -0.4071 0.5058
vn 0.3816 -0.4271 0.8198
vn 0.9905 0.1371 0.0073
vn 0.2303 0.5180 -0.8238
vn -0.0936 -0.9193 -0.3822
vn -0.0353 -0.0066 0.9994
vn 0.0106 -0.9104 0.4136
vn 0.0834 -0.6286 -0.7732
vn 0.0082 0.6036 -0.7973
vn -0.0454 0.9245 0.3785
vn 0.9967 0.0762 -0.0276
vn -0.9967 -0.0763 0.0276
vn -0.0299 -0.9483 0.3161
vn -0.1019 -0.1091 0.9888
vn -0.0015 0.9333 0.3590
vn 0.0797 0.5696 -0.8181
vn 0.0739 -0.6488 -0.7573
vn 0.9982 0.0477 0.0372
vn -0.9982 -0.0476 -0.0371
vt -0.013640 -0.035330
vt 0.012298 -0.022361
vt 0.014087 -0.025938
vt -0.011851 -0.038908
vt -0.014087 -0.025938
vt -0.012298 -0.022361
vt 0.013640 -0.035330
vt 0.011851 -0.038908
vt 0.033189 0.024935
vt 0.056787 0.041791
vt 0.073643 0.018193
vt 0.050045 0.001337
vt -0.051664 0.008833
vt -0.040804 0.024036
vt -0.033189 0.024935
vt -0.050045 0.001337
vt -0.076315 -0.004070
vt -0.074969 -0.000303
vt -0.047659 -0.010056
vt -0.049004 -0.013823
vt 0.047659 -0.010056
vt 0.074969 -0.000303
vt 0.076315 -0.004070
vt 0.049004 -0.013823
vt -0.055168 0.034295
vt -0.056787 0.041791
vt -0.066027 0.019092
vt -0.073643 0.018193
vt 0.008132 -0.034812
vt -0.000466 -0.030513
vt -0.008579 -0.026456
vt -0.007684 -0.024668
vt 0.009026 -0.033023
vt -0.053675 -0.010031
vt -0.070298 -0.004095
vt -0.069626 -0.002211
vt -0.053003 -0.008148
vt 0.008579 -0.026456
vt 0.004134 -0.028679
vt -0.008132 -0.034812
vt -0.009026 -0.033023
vt 0.007684 -0.024668
vt 0.070298 -0.004095
vt 0.053675 -0.010031
vt 0.053003 -0.008148
vt 0.069626 -0.002211
vt -0.058056 0.030252
vt -0.046077 0.016654
vt 0.042650 -0.008622
vt 0.041605 -0.009160
vt 0.040881 -0.007487
vt 0.041916 -0.006930
vt -0.012098 -0.027278
vt -0.013267 -0.027405
vt -0.013565 -0.025675
vt -0.012406 -0.025481
vt -0.050703 -0.009556
vt -0.051776 -0.009075
vt -0.051244 -0.007422
vt -0.050164 -0.007885
vt -0.018408 -0.019374
vt -0.019508 -0.018959
vt -0.018884 -0.017281
vt -0.017804 -0.017747
vt 0.041635 -0.020840
vt 0.040483 -0.021071
vt 0.040305 -0.019235
vt 0.041467 -0.019057
vt -0.028416 0.033190
vt -0.028399 0.032015
vt -0.029512 0.031636
vt -0.030216 0.032577
vt -0.029539 0.033538
vt 0.024235 0.036654
vt 0.025009 0.035769
vt 0.024406 0.034759
vt 0.023260 0.035021
vt 0.023154 0.036192
vt 0.060331 -0.000125
vt 0.059275 -0.000641
vt 0.058559 0.000678
vt 0.059606 0.001213
vt -0.016007 -0.033142
vt -0.017167 -0.033333
vt -0.017488 -0.031904
vt -0.016335 -0.031678
vt -0.072188 -0.001825
vt -0.073282 -0.001393
vt -0.072732 -0.000036
vt -0.071639 -0.000467
vt -0.027964 -0.018580
vt -0.029055 -0.018143
vt -0.028413 -0.016788
vt -0.027335 -0.017258
vt 0.059230 -0.022397
vt 0.058066 -0.022563
vt 0.057897 -0.021050
vt 0.059063 -0.020907
vt -0.044237 0.050395
vt -0.044148 0.049223
vt -0.045235 0.048776
vt -0.045996 0.049671
vt -0.045379 0.050672
vt 0.042013 0.053479
vt 0.042679 0.052510
vt 0.041964 0.051577
vt 0.040856 0.051969
vt 0.040886 0.053144
vt 0.061657 0.004213
vt 0.060646 0.003614
vt 0.059865 0.004784
vt 0.060836 0.005447
vt 0.006197 -0.030503
vt 0.005064 -0.030817
vt 0.004555 -0.029597
vt 0.005663 -0.029201
vt -0.063795 -0.006532
vt -0.064872 -0.006059
vt -0.064358 -0.004816
vt -0.063291 -0.005310
vt -0.040414 -0.009592
vt -0.041455 -0.009048
vt -0.040657 -0.007846
vt -0.039665 -0.008476
vt 0.039953 -0.030345
vt 0.038782 -0.030450
vt 0.038772 -0.028968
vt 0.039946 -0.028902
vt -0.033413 0.046794
vt -0.033141 0.045650
vt -0.034144 0.045037
vt -0.035037 0.045802
vt -0.034585 0.046888
vt 0.030049 0.051268
vt 0.030570 0.050214
vt 0.029729 0.049393
vt 0.028688 0.049940
vt 0.028886 0.051099
vt 0.063005 -0.009279
vt 0.063325 -0.009772
vt 0.044692 -0.022728
vt 0.044328 -0.022267
vt -0.022071 0.046588
vt -0.021648 0.046996
vt -0.004027 0.032807
vt -0.004399 0.032351
vt -0.054663 -0.008342
vt -0.054396 -0.007818
vt -0.033781 -0.017167
vt -0.034058 -0.017685
vt -0.046867 0.040851
vt -0.046294 0.040980
vt -0.043496 0.018441
vt -0.044081 0.018389
vt 0.043749 0.015923
vt 0.044053 0.015420
vt 0.023461 0.005753
vt 0.023188 0.006274
vt -0.040701 -0.020988
vt -0.041164 -0.021350
vt -0.041652 -0.021022
vt -0.041490 -0.020457
vt -0.040903 -0.020436
vt 0.033859 -0.024948
vt 0.034443 -0.025010
vt 0.034566 -0.025585
vt 0.034057 -0.025878
vt 0.033620 -0.025485
vt 0.064281 0.007973
vt 0.064342 0.007388
vt 0.063176 0.006439
vt 0.062740 0.006833
vt -0.031059 0.043463
vt -0.030477 0.043521
vt -0.029944 0.042604
vt -0.030319 0.042155
vt -0.064544 0.000456
vt -0.064376 0.001019
vt -0.063417 0.000307
vt -0.063710 -0.000202
vt -0.037843 0.043379
vt -0.037532 0.043876
vt -0.036860 0.042289
vt -0.037446 0.042253
vt 0.059136 0.014448
vt 0.059525 0.014008
vt 0.057982 0.012871
vt 0.057757 0.013414
vt -0.028381 -0.012304
vt -0.027862 -0.012578
vt -0.027962 -0.013157
vt -0.028544 -0.013241
vt -0.028803 -0.012713
vt 0.027587 0.021751
vt 0.027517 0.021171
vt 0.025958 0.020947
vt 0.025695 0.021469
vt -0.066548 -0.002779
vt -0.066062 -0.002448
vt -0.065595 -0.003642
vt -0.065829 -0.004181
vt -0.026164 -0.012946
vt -0.026278 -0.012370
vt -0.024873 -0.012596
vt -0.024904 -0.013182
vt -0.015895 0.053260
vt -0.015799 0.053836
vt -0.014057 0.053329
vt -0.014506 0.052955
vt 0.039915 -0.037755
vt 0.039896 -0.038343
vt 0.038015 -0.038691
vt 0.038136 -0.038116
vt -0.057640 0.007517
vt -0.057125 0.007233
vt -0.057237 0.006656
vt -0.057820 0.006583
vt -0.058069 0.007116
vt 0.037313 0.030007
vt 0.037110 0.029456
vt 0.014461 0.032264
vt 0.014477 0.032852
vt 0.001951 -0.072199
vt 0.001648 -0.071696
vt 0.021488 -0.060799
vt 0.021936 -0.061178
vt -0.032376 -0.008510
vt -0.032583 -0.007960
vt -0.010003 -0.005533
vt -0.009868 -0.006105
vt -0.047070 0.050047
vt -0.047279 0.050596
vt -0.025038 0.056227
vt -0.025059 0.055640
vt 0.027002 -0.046392
vt 0.026815 -0.046950
vt 0.004049 -0.043596
vt 0.004302 -0.043065
vt -0.066316 0.010715
vt -0.065775 0.010485
vt -0.065826 0.009900
vt -0.066399 0.009768
vt -0.066702 0.010272
vt 0.010565 -0.024957
vt 0.009253 -0.025587
vt 0.009074 -0.025215
vt 0.010386 -0.024585
vt -0.043584 -0.020377
vt -0.045552 -0.020065
vt -0.045475 -0.019660
vt -0.043519 -0.019969
vt -0.036775 -0.010823
vt -0.038376 -0.010031
vt -0.038166 -0.009676
vt -0.036560 -0.010471
vt 0.024843 -0.030871
vt 0.022838 -0.030619
vt 0.022887 -0.030209
vt 0.024879 -0.030460
vt 0.049118 -0.004563
vt 0.047375 -0.005269
vt 0.047177 -0.004907
vt 0.048921 -0.004201
vt -0.034667 0.027480
vt -0.035567 0.026340
vt -0.037492 0.026800
vt -0.037535 0.028592
vt -0.035597 0.029114
vt 0.035606 0.029150
vt 0.037557 0.028624
vt 0.037505 0.026839
vt 0.035567 0.026382
vt 0.034666 0.027522
vt -0.069523 -0.013113
vt -0.068128 -0.013528
vt -0.068245 -0.013923
vt -0.069640 -0.013509
vt 0.004416 -0.033078
vt 0.006216 -0.032253
vt 0.006399 -0.032623
vt 0.004588 -0.033453
vt 0.066657 0.005887
vt 0.068249 0.006712
vt 0.068465 0.006360
vt 0.066879 0.005540
vt 0.032320 -0.037205
vt 0.034300 -0.037536
vt 0.034229 -0.037943
vt 0.032235 -0.037609
vt -0.052442 -0.001896
vt -0.050793 -0.002801
vt -0.051031 -0.003138
vt -0.052680 -0.002233
vt -0.052259 0.044551
vt -0.050313 0.045045
vt -0.049472 0.043463
vt -0.050924 0.042118
vt -0.052269 0.042670
vt 0.052290 0.042695
vt 0.050946 0.042143
vt 0.049481 0.043491
vt 0.050310 0.045073
vt 0.052269 0.044575
s 1
usemtl mat19
f 882/2848/552 881/2849/552 880/2850/552 879/2851/552
f 886/2852/553 885/2853/553 884/2854/553 883/2855/553
f 880/2856/554 886/2857/554 883/2858/554 879/2859/554
f 888/2860/555 887/2861/555 881/2862/555 882/2863/555
f 883/2864/556 884/2865/556 882/2866/556 879/2867/556
f 881/2868/557 885/2869/557 886/2870/557 880/2871/557
f 887/2861/555 889/2872/555 885/2873/555 881/2862/555
f 889/2872/555 890/2874/555 884/2875/555 885/2873/555
f 890/2874/555 888/2860/555 882/2863/555 884/2875/555
f 893/2876/553 892/2877/553 891/2878/553 887/2879/553 888/2880/553
f 891/2881/556 894/2882/556 889/2883/556 887/2884/556
f 894/2885/552 896/2886/552 895/2887/552 890/2888/552 889/2889/552
f 895/2890/557 893/2891/557 888/2892/557 890/2893/557
usemtl mat1
f 895/2874/555 896/2894/555 892/2895/555 893/2860/555
usemtl mat8
f 896/2894/555 894/2872/555 891/2861/555 892/2895/555
usemtl mat17
f 900/2896/558 899/2897/558 898/2898/558 897/2899/558
f 899/2900/559 902/2901/559 901/2902/559 898/2903/559
f 902/2904/560 904/2905/560 903/2906/560 901/2907/560
f 904/2908/561 906/2909/561 905/2910/561 903/2911/561
f 906/2912/562 900/2913/562 897/2914/562 905/2915/562
f 897/2916/563 898/2917/563 901/2918/563 903/2919/563 905/2920/563
f 906/2921/564 904/2922/564 902/2923/564 899/2924/564 900/2925/564
f 910/2926/565 909/2927/565 908/2928/565 907/2929/565
f 909/2930/566 912/2931/566 911/2932/566 908/2933/566
f 912/2934/567 914/2935/567 913/2936/567 911/2937/567
f 914/2938/568 916/2939/568 915/2940/568 913/2941/568
f 916/2942/569 910/2943/569 907/2944/569 915/2945/569
f 907/2946/570 908/2947/570 911/2948/570 913/2949/570 915/2950/570
f 916/2951/571 914/2952/571 912/2953/571 909/2954/571 910/2955/571
f 965/2956/572 964/2957/572 963/2958/572 962/2959/572
f 964/2960/573 967/2961/573 966/2962/573 963/2963/573
f 967/2964/574 969/2965/574 968/2966/574 966/2967/574
f 969/2968/575 971/2969/575 970/2970/575 968/2971/575
f 971/2972/576 965/2973/576 962/2974/576 970/2975/576
f 962/2976/577 963/2977/577 966/2978/577 968/2979/577 970/2980/577
f 971/2981/578 969/2982/578 967/2983/578 964/2984/578 965/2985/578
usemtl mat15
f 920/2986/579 919/2987/579 918/2988/579 917/2989/579
f 919/2990/580 922/2991/580 921/2992/580 918/2993/580
f 922/2994/581 924/2995/581 923/2996/581 921/2997/581
f 924/2998/582 926/2999/582 925/3000/582 923/3001/582
f 926/3002/583 920/3003/583 917/3004/583 925/3005/583
f 917/3006/584 918/3007/584 921/3008/584 923/3009/584 925/3010/584
f 926/3011/585 924/3012/585 922/3013/585 919/3014/585 920/3015/585
f 928/3016/586 927/3017/586 919/3018/586 920/3019/586
f 927/3020/587 929/3021/587 922/3022/587 919/3023/587
f 929/3024/588 930/3025/588 924/3026/588 922/3027/588
f 930/3028/589 931/3029/589 926/3030/589 924/3031/589
f 931/3032/590 928/3033/590 920/3034/590 926/3035/590
f 931/3036/591 930/3037/591 929/3038/591 927/3039/591 928/3040/591
f 933/3041/592 932/3042/592 927/3043/592 928/3044/592
f 932/3045/593 934/3046/593 929/3047/593 927/3048/593
f 934/3049/594 935/3050/594 930/3051/594 929/3052/594
f 935/3053/595 936/3054/595 931/3055/595 930/3056/595
f 936/3057/596 933/3058/596 928/3059/596 931/3060/596
f 936/3061/597 935/3062/597 934/3063/597 932/3064/597 933/3065/597
f 938/3066/598 937/3067/598 932/3068/598 933/3069/598
f 937/3070/599 939/3071/599 934/3072/599 932/3073/599
f 939/3074/600 940/3075/600 935/3076/600 934/3077/600
f 940/3078/601 941/3079/601 936/3080/601 935/3081/601
f 941/3082/602 938/3083/602 933/3084/602 936/3085/602
f 941/3086/603 940/3087/603 939/3088/603 937/3089/603 938/3090/603
f 945/3091/604 944/3092/604 943/3093/604 942/3094/604
f 944/3095/605 947/3096/605 946/3097/605 943/3098/605
f 947/3099/606 949/3100/606 948/3101/606 946/3102/606
f 949/3103/607 951/3104/607 950/3105/607 948/3106/607
f 951/3107/608 945/3108/608 942/3109/608 950/3110/608
f 942/3111/609 943/3112/609 946/3113/609 948/3114/609 950/3115/609
f 951/3116/610 949/3117/610 947/3118/610 944/3119/610 945/3120/610
f 955/3121/611 954/3122/611 953/3123/611 952/3124/611
f 954/3125/612 957/3126/612 956/3127/612 953/3128/612
f 957/3129/613 959/3130/613 958/3131/613 956/3132/613
f 959/3133/614 961/3134/614 960/3135/614 958/3136/614
f 961/3137/615 955/3138/615 952/3139/615 960/3140/615
f 961/3141/616 959/3142/616 957/3143/616 954/3144/616 955/3145/616
f 952/3146/617 953/3147/617 956/3148/617 958/3149/617 960/3150/617
o group1994143514
v -0.870000 0.709999 -1.510000
v -0.870000 0.709999 -1.270000
v -0.870000 1.209999 -1.270000
v -0.870000 1.209999 -1.510000
v -0.880000 0.709999 -1.510000
v -0.880000 1.209999 -1.510000
v -0.880000 1.209999 -1.270000
v -0.880000 0.709999 -1.270000
v -0.880000 0.874999 -1.455000
v -0.880000 0.924999 -1.455000
v -0.860000 0.924999 -1.455000
v -0.860000 0.874999 -1.455000
v -0.880000 0.874999 -1.475000
v -0.860000 0.874999 -1.475000
v -0.860000 0.924999 -1.475000
v -0.880000 0.924999 -1.475000
vn 1.0000 -0.0000 -0.0000
vn -1.0000 -0.0000 -0.0000
vn -0.0000 -1.0000 -0.0000
vn -0.0000 1.0000 -0.0000
vn -0.0000 -0.0000 -1.0000
vn -0.0000 -0.0000 1.0000
vt -0.121595 0.092998
vt -0.102065 0.079048
vt -0.131127 0.038362
vt -0.150657 0.052311
vt 0.131127 0.038362
vt 0.102065 0.079048
vt 0.121595 0.092998
vt 0.150657 0.052311
vt -0.119467 0.049038
vt -0.119803 0.048096
vt -0.142405 0.056168
vt -0.142069 0.057110
vt 0.142405 0.056168
vt 0.119803 0.048096
vt 0.119467 0.049038
vt 0.142069 0.057110
vt 0.042485 -0.015653
vt -0.002236 0.006708
vt -0.001789 0.007603
vt 0.042932 -0.014758
vt 0.001789 0.007603
vt 0.002236 0.006708
vt -0.042485 -0.015652
vt -0.042933 -0.014758
vt -0.028622 -0.006485
vt -0.024150 -0.004249
vt -0.023255 -0.006037
vt -0.027727 -0.008274
vt 0.023255 -0.006037
vt 0.024150 -0.004249
vt 0.028622 -0.006485
vt 0.027727 -0.008274
vt 0.133685 0.066610
vt 0.135312 0.067772
vt 0.138218 0.063704
vt 0.136591 0.062541
vt -0.138218 0.063704
vt -0.135312 0.067772
vt -0.133685 0.066610
vt -0.136591 0.062541
vt -0.139109 0.054991
vt -0.138436 0.056874
vt -0.136553 0.056202
vt -0.137225 0.054318
vt 0.136553 0.056202
vt 0.138436 0.056874
vt 0.139109 0.054991
vt 0.137225 0.054318
s 1
usemtl mat24
f 975/3151/618 974/3152/618 973/3153/618 972/3154/618
f 979/3155/619 978/3156/619 977/3157/619 976/3158/619
f 973/3159/620 979/3160/620 976/3161/620 972/3162/620
f 977/3163/621 978/3164/621 974/3165/621 975/3166/621
f 976/3167/622 977/3168/622 975/3169/622 972/3170/622
f 974/3171/623 978/3172/623 979/3173/623 973/3174/623
usemtl mat23
f 983/3175/623 982/3176/623 981/3177/623 980/3178/623
f 987/3179/622 986/3180/622 985/3181/622 984/3182/622
f 981/3183/619 987/3184/619 984/3185/619 980/3186/619
f 985/3187/618 986/3188/618 982/3189/618 983/3190/618
f 984/3191/620 985/3192/620 983/3193/620 980/3194/620
f 982/3195/621 986/3196/621 987/3197/621 981/3198/621
o group200242231
v 0.459999 0.119998 0.650000
v -0.460001 0.119999 0.650000
v -0.460001 0.139999 0.650000
v 0.459999 0.139998 0.650000
v 0.460000 0.119999 -0.650000
v 0.460000 0.139999 -0.650000
v -0.460000 0.140001 -0.650001
v -0.460000 0.120001 -0.650001
v -0.460000 0.119999 0.660000
v -0.460000 0.149999 0.660000
v 0.460000 0.149999 0.660000
v 0.460000 0.119999 0.660000
v -0.460000 0.119999 0.630000
v 0.460000 0.119999 0.630000
v 0.460000 0.149999 0.630000
v -0.460000 0.149999 0.630000
v 0.460000 0.119999 -0.660000
v 0.460000 0.119999 -0.630000
v 0.460000 0.149999 -0.630000
v 0.460000 0.149999 -0.660000
v -0.460000 0.119999 -0.660000
v -0.460000 0.149999 -0.660000
v -0.460000 0.149999 -0.630000
v -0.460000 0.119999 -0.630000
v -0.332761 0.144999 0.355188
v -0.336923 0.144999 0.404763
v -0.336923 0.139999 0.404763
v -0.332761 0.139999 0.355188
v -0.304812 0.144999 0.442760
v -0.304812 0.139999 0.442760
v -0.255238 0.144999 0.446923
v -0.255238 0.139999 0.446923
v -0.217240 0.144999 0.414812
v -0.217240 0.139999 0.414812
v -0.213077 0.144999 0.365237
v -0.213077 0.139999 0.365237
v -0.245188 0.144999 0.327240
v -0.245188 0.139999 0.327240
v -0.294763 0.144999 0.323077
v -0.294763 0.139999 0.323077
v -0.195065 0.141122 -0.220686
v -0.200116 0.141122 -0.120814
v -0.200116 0.136122 -0.120814
v -0.195065 0.136122 -0.220686
v -0.116149 0.141122 -0.066503
v -0.116149 0.136122 -0.066503
v -0.027132 0.141122 -0.112065
v -0.027132 0.136122 -0.112065
v -0.022081 0.141122 -0.211938
v -0.022081 0.136122 -0.211938
v -0.106048 0.141122 -0.266248
v -0.106048 0.136122 -0.266248
v 0.073510 0.141295 0.184294
v 0.056008 0.141295 0.262356
v 0.056008 0.136295 0.262356
v 0.073510 0.136295 0.184294
v 0.114861 0.141295 0.316544
v 0.114861 0.136295 0.316544
v 0.191216 0.141295 0.292670
v 0.191216 0.136295 0.292670
v 0.208717 0.141295 0.214607
v 0.208717 0.136295 0.214607
v 0.149864 0.141295 0.160420
v 0.149864 0.136295 0.160420
v 0.322272 0.141734 0.442466
v 0.286773 0.141734 0.490837
v 0.286773 0.136734 0.490837
v 0.322272 0.136734 0.442466
v 0.310914 0.141734 0.545766
v 0.310914 0.136734 0.545766
v 0.370555 0.141734 0.552324
v 0.370555 0.136734 0.552324
v 0.406054 0.141734 0.503953
v 0.406054 0.136734 0.503953
v 0.381913 0.141734 0.449024
v 0.381913 0.136734 0.449024
v 0.232352 0.141923 -0.404626
v 0.211314 0.141923 -0.347125
v 0.211314 0.136923 -0.347125
v 0.232352 0.136923 -0.404626
v 0.237097 0.141923 -0.291589
v 0.237097 0.136923 -0.291589
v 0.294599 0.141923 -0.270550
v 0.294599 0.136923 -0.270550
v 0.350135 0.141923 -0.296334
v 0.350135 0.136923 -0.296334
v 0.371173 0.141923 -0.353835
v 0.371173 0.136923 -0.353835
v 0.345390 0.141923 -0.409371
v 0.345390 0.136923 -0.409371
v 0.287888 0.141923 -0.430409
v 0.287888 0.136923 -0.430409
v -0.072940 0.143137 -0.302672
v -0.063312 0.143137 -0.258714
v -0.063312 0.138137 -0.258714
v -0.072940 0.138137 -0.302672
v -0.020430 0.143137 -0.245073
v -0.020430 0.138137 -0.245073
v 0.012825 0.143137 -0.275389
v 0.012825 0.138137 -0.275389
v 0.003198 0.143137 -0.319347
v 0.003198 0.138137 -0.319347
v -0.039684 0.143137 -0.332989
v -0.039684 0.138137 -0.332989
v 0.036956 0.142263 -0.324759
v 0.043374 0.142263 -0.295454
v 0.043374 0.137263 -0.295454
v 0.036956 0.137263 -0.324759
v 0.071962 0.142263 -0.286359
v 0.071962 0.137263 -0.286359
v 0.094133 0.142263 -0.306570
v 0.094133 0.137263 -0.306570
v 0.087714 0.142263 -0.335876
v 0.087714 0.137263 -0.335876
v 0.059126 0.142263 -0.344970
v 0.059126 0.137263 -0.344970
v -0.313766 0.141739 -0.489008
v -0.301648 0.141739 -0.435360
v -0.301648 0.136739 -0.435360
v -0.313766 0.136739 -0.489008
v -0.249128 0.141739 -0.419030
v -0.249128 0.136739 -0.419030
v -0.208726 0.141739 -0.456349
v -0.208726 0.136739 -0.456349
v -0.220844 0.141739 -0.509997
v -0.220844 0.136739 -0.509997
v -0.273364 0.141739 -0.526327
v -0.273364 0.136739 -0.526327
v -0.318851 0.146057 0.234502
v -0.295475 0.146057 0.324230
v -0.295475 0.129999 0.324230
v -0.318851 0.129999 0.234502
v -0.215498 0.146057 0.371149
v -0.215498 0.129999 0.371149
v -0.125770 0.146057 0.347773
v -0.125770 0.129999 0.347773
v -0.078851 0.146057 0.267797
v -0.078851 0.129999 0.267797
v -0.102227 0.146057 0.178068
v -0.102227 0.129999 0.178068
v -0.182204 0.146057 0.131149
v -0.182204 0.129999 0.131149
v -0.271932 0.146057 0.154525
v -0.271932 0.129999 0.154525
v 0.435320 0.137562 0.676312
v 0.445083 0.116270 0.678335
v 0.430733 0.111714 0.653407
v 0.421033 0.133061 0.651677
v 0.467790 0.118107 0.672519
v 0.453652 0.113734 0.648567
v 0.472060 0.140535 0.666902
v 0.458116 0.136329 0.643844
v 0.451992 0.152559 0.669246
v 0.437957 0.148274 0.645767
v 0.484269 0.142582 0.690484
v 0.454893 0.161129 0.696550
v 0.477935 0.108990 0.699159
v 0.444644 0.106776 0.710586
v 0.430403 0.139000 0.708974
v 0.495875 0.141166 0.714643
v 0.467291 0.160113 0.722875
v 0.489437 0.107522 0.723032
v 0.456873 0.105675 0.736448
v 0.443186 0.138178 0.736351
v 0.465984 0.141584 -0.662469
v 0.464050 0.113547 -0.671067
v 0.457659 0.112783 -0.647275
v 0.429069 0.114883 -0.683421
v 0.435287 0.112246 -0.654486
v 0.425884 0.133438 -0.650582
v 0.423567 0.143775 -0.680112
v 0.439094 0.150308 -0.659562
v 0.440332 0.140381 -0.632905
v 0.426001 0.141707 -0.702964
v 0.454878 0.165383 -0.685688
v 0.442896 0.105147 -0.711380
v 0.485287 0.107371 -0.698628
v 0.488000 0.146149 -0.685145
v 0.437859 0.145132 -0.735232
v 0.467100 0.169263 -0.719244
v 0.454617 0.108401 -0.743162
v 0.494214 0.109830 -0.732076
v 0.501929 0.147445 -0.717294
v 0.442019 0.160643 -0.787266
v 0.464480 0.110658 -0.794043
v 0.510937 0.122168 -0.783358
v 0.482336 0.194729 -0.769177
v 0.525443 0.158124 -0.768830
v 0.456931 0.132127 -0.640166
v -0.425084 0.136364 -0.686380
v -0.433985 0.115234 -0.691583
v -0.428100 0.109410 -0.662011
v -0.419009 0.129814 -0.654674
v -0.457249 0.116144 -0.688307
v -0.451507 0.110865 -0.660336
v -0.462726 0.137836 -0.681078
v -0.456881 0.132167 -0.651963
v -0.442846 0.150333 -0.679887
v -0.436797 0.143879 -0.648464
v -0.477112 0.152519 -0.705991
v -0.447443 0.171570 -0.705228
v -0.468920 0.120027 -0.716987
v -0.434188 0.118997 -0.723021
v -0.420915 0.150852 -0.715752
v -0.448370 0.115365 0.673215
v -0.431677 0.131786 0.675335
v -0.424053 0.121727 0.649091
v -0.440800 0.105326 0.647270
v -0.441612 0.152768 0.671617
v -0.434170 0.142775 0.646369
v -0.457170 0.139382 0.642866
v -0.458653 0.148930 0.668162
v -0.461268 0.116237 0.643423
v -0.462134 0.127247 0.670480
v -0.465082 0.158268 0.697908
v -0.437142 0.159864 0.698016
v -0.423101 0.134884 0.706195
v -0.448076 0.110122 0.703580
v -0.468293 0.123373 0.697055
v -0.475419 0.166746 0.718701
v -0.479162 0.131068 0.722469
v -0.435651 0.175437 0.724454
v -0.419214 0.138403 0.734943
v -0.444607 0.113930 0.735038
vn -0.0000 -0.0000 1.0000
vn -0.0000 -0.0000 -1.0000
vn -0.0000 -1.0000 -0.0000
vn -0.0000 1.0000 -0.0000
vn 1.0000 -0.0000 -0.0000
vn -1.0000 -0.0000 -0.0000
vn -0.9965 -0.0000 -0.0837
vn -0.7638 -0.0000 0.6455
vn -0.0837 -0.0000 0.9965
vn 0.6455 -0.0000 0.7638
vn 0.9965 -0.0000 0.0837
vn 0.7638 -0.0000 -0.6455
vn 0.0837 -0.0000 -0.9965
vn -0.6455 -0.0000 -0.7638
vn -0.8062 -0.0000 -0.5917
vn -0.9155 -0.0000 0.4024
vn -0.1093 -0.0000 0.9940
vn 0.8062 -0.0000 0.5917
vn 0.9155 -0.0000 -0.4024
vn 0.1093 -0.0000 -0.9940
vn -0.9768 -0.0000 0.2140
vn -0.3031 -0.0000 0.9529
vn 0.6737 -0.0000 0.7390
vn 0.9768 -0.0000 -0.2139
vn 0.3032 -0.0000 -0.9529
vn -0.6737 -0.0000 -0.7390
vn -0.9768 -0.0000 0.2139
vn -0.3032 -0.0000 0.9529
vn 0.9768 -0.0000 -0.2140
vn 0.3031 -0.0000 -0.9529
vn -0.9987 -0.0000 -0.0505
vn -0.5431 -0.0000 0.8397
vn 0.4556 -0.0000 0.8902
vn 0.9987 -0.0000 0.0505
vn 0.5431 -0.0000 -0.8397
vn -0.4556 -0.0000 -0.8902
vn -0.9758 -0.0000 -0.2188
vn -0.6773 -0.0000 0.7357
vn 0.2984 -0.0000 0.9544
vn 0.9758 -0.0000 0.2188
vn 0.6773 -0.0000 -0.7357
vn -0.2984 -0.0000 -0.9544
vn -0.9391 -0.0000 -0.3436
vn -0.9070 -0.0000 0.4211
vn -0.3436 -0.0000 0.9391
vn 0.4211 -0.0000 0.9070
vn 0.9391 -0.0000 0.3436
vn 0.9070 -0.0000 -0.4211
vn 0.3436 -0.0000 -0.9391
vn -0.4211 -0.0000 -0.9070
vn -0.9754 -0.0000 0.2203
vn -0.2969 -0.0000 0.9549
vn 0.6785 -0.0000 0.7346
vn 0.9754 -0.0000 -0.2203
vn 0.2969 -0.0000 -0.9549
vn -0.6785 -0.0000 -0.7346
vn -0.9677 -0.0000 0.2521
vn -0.5060 -0.0000 0.8625
vn 0.2521 -0.0000 0.9677
vn 0.8625 -0.0000 0.5060
vn 0.9677 -0.0000 -0.2521
vn 0.5060 -0.0000 -0.8625
vn -0.2521 -0.0000 -0.9677
vn -0.8625 -0.0000 -0.5060
vn -0.7949 -0.3173 0.5172
vn 0.1105 -0.9871 0.1159
vn 0.8476 -0.2694 -0.4572
vn 0.4350 0.8027 -0.4080
vn -0.6053 0.7660 0.2164
vn 0.2285 0.1954 0.9537
vn -0.1899 -0.1648 -0.9679
vn 0.4612 0.8313 -0.3104
vn 0.8645 -0.2716 -0.4230
vn -0.0227 -0.9543 -0.2979
vn -0.9020 -0.4131 -0.1257
vn -0.6990 0.7012 -0.1405
vn 0.3083 0.1829 0.9335
vn 0.4980 0.8447 -0.1961
vn 0.8605 -0.2727 -0.4304
vn 0.0356 -0.9970 -0.0685
vn -0.8504 -0.3567 0.3867
vn -0.5550 0.7808 0.2870
vn 0.3685 0.1579 0.9161
vn 0.9569 -0.1434 0.2524
vn 0.0570 -0.9931 -0.1027
vn -0.8925 -0.4242 0.1531
vn -0.6721 0.6810 0.2907
vn -0.6750 0.6804 0.2853
vn -0.6719 0.6811 0.2911
vn 0.3235 0.8915 0.3170
vn 0.7454 0.2142 -0.6313
vn -0.2867 -0.2951 0.9114
vn -0.5789 0.8042 -0.1344
vn -0.8856 -0.3353 -0.3212
vn -0.0432 -0.9499 0.3094
vn 0.7171 -0.2731 0.6412
vn 0.3845 0.6798 0.6245
vn 0.2600 0.3346 -0.9058
vn -0.5863 0.8003 -0.1257
vn -0.8767 -0.3231 -0.3564
vn 0.0638 -0.9957 -0.0670
vn 0.9322 -0.2809 0.2282
vn 0.4921 0.8304 0.2613
vn 0.2459 0.3104 -0.9182
vn -0.6788 0.7169 0.1594
vn -0.9078 -0.3726 -0.1925
vn 0.0459 -0.9983 -0.0354
vn 0.9298 -0.2831 0.2351
vn 0.4356 0.7411 0.5109
vn 0.1703 0.2071 -0.9634
vn 0.8414 -0.4564 0.2893
vn 0.5877 0.6961 0.4124
vn 0.2431 0.2775 -0.9295
vn -0.6781 0.7176 0.1591
vn 0.2006 0.2635 -0.9436
vn -0.9054 -0.3816 -0.1861
vn 0.2686 -0.9528 -0.1416
vn 0.9355 -0.0903 0.3415
vn 0.5512 0.6640 0.5053
vn 0.2374 -0.3272 0.9146
vn -0.0245 -0.9990 -0.0387
vn 0.3306 0.2558 -0.9084
vn -0.0908 -0.9844 0.1506
vn 0.7413 -0.2430 0.6257
vn 0.0847 0.5400 -0.8374
vn 0.3177 0.8213 0.4738
vn 0.1952 0.3099 -0.9305
vn 0.9026 -0.1964 0.3831
vn -0.6753 0.6804 0.2847
vn -0.4692 -0.6213 0.6275
vn -0.5437 0.8261 0.1482
vn -0.9821 -0.1883 0.0111
vn -0.9803 -0.1766 -0.0884
vn 0.9146 -0.3226 -0.2437
vn -0.0684 -0.9821 -0.1757
vn -0.9475 -0.2888 0.1369
vn -0.5222 0.8107 0.2649
vn 0.6274 0.7777 0.0397
vn -0.1227 0.2857 -0.9504
vn 0.0447 -0.3556 0.9336
vn -0.4360 0.6460 0.6265
vn -0.8887 -0.3309 0.3174
vn -0.0518 -0.9919 -0.1159
vn 0.9255 -0.3750 -0.0522
vn 0.6548 0.6352 0.4096
vn -0.1561 0.2811 -0.9469
vn 0.6048 -0.6682 0.4334
vn 0.8934 0.4401 0.0900
vn -0.0767 0.9191 -0.3864
vn -0.9779 0.1702 -0.1216
vn -0.4892 -0.8519 0.1869
vn -0.2088 0.0794 0.9747
vn 0.1578 -0.0517 -0.9861
vn -0.9604 0.1277 -0.2477
vn -0.1695 0.9586 -0.2290
vn 0.8853 0.3690 -0.2831
vn 0.7045 -0.6983 -0.1265
vn -0.6339 -0.7632 -0.1256
vn -0.2622 0.1640 0.9510
vn -0.9123 0.0528 -0.4062
vn -0.1154 0.8587 -0.4993
vn 0.9178 0.3597 -0.1681
vn 0.6990 -0.7151 0.0016
vn -0.4842 -0.8607 0.1576
vn -0.2257 0.2378 0.9447
vn -0.3043 0.0047 0.9526
vn -0.5518 -0.8338 0.0165
vn -0.0530 0.9494 -0.3095
vn -0.0103 0.1134 0.9935
vn -0.1680 0.1209 0.9783
vn -0.9728 0.0947 -0.2116
vn -0.4789 -0.8460 -0.2343
vn -0.0508 0.9157 -0.3986
vn 0.8759 0.4079 -0.2579
vn -0.2209 0.1737 0.9597
vn -0.8761 0.0922 -0.4732
vn 0.8726 0.3977 -0.2835
vn -0.9847 0.1483 -0.0918
vn -0.6597 -0.7032 0.2650
vn -0.0924 0.1205 0.9884
vn -0.1358 0.9242 -0.3568
vt -0.153394 0.078710
vt -0.112251 -0.003578
vt -0.114039 -0.004472
vt -0.155183 0.077815
vt 0.114039 -0.004472
vt 0.112250 -0.003578
vt 0.153394 0.078710
vt 0.155183 0.077815
vt 0.075138 0.023073
vt -0.047289 0.066797
vt -0.016346 0.153437
vt 0.106081 0.109713
vt 0.016346 0.153437
vt 0.047289 0.066797
vt -0.075138 0.023073
vt -0.106081 0.109713
vt -0.114969 -0.045685
vt -0.113807 -0.044058
vt -0.008021 -0.119619
vt -0.009184 -0.121246
vt 0.008021 -0.119619
vt 0.113806 -0.044058
vt 0.114969 -0.045685
vt 0.009184 -0.121246
vt -0.152500 0.079157
vt -0.111356 -0.003130
vt -0.114040 -0.004472
vt 0.111356 -0.003130
vt 0.152500 0.079157
vt 0.114040 -0.004472
vt 0.006626 -0.119386
vt 0.009067 -0.117643
vt 0.010811 -0.120084
vt 0.008370 -0.121827
vt -0.010811 -0.120084
vt -0.009067 -0.117643
vt -0.006626 -0.119386
vt -0.008370 -0.121827
vt 0.073254 0.023745
vt 0.104197 0.110386
vt 0.107022 0.109377
vt 0.076079 0.022736
vt -0.107022 0.109377
vt -0.104197 0.110386
vt -0.073254 0.023745
vt -0.076079 0.022736
vt -0.114039 -0.042663
vt -0.111598 -0.044407
vt -0.113341 -0.046848
vt -0.115783 -0.045104
vt 0.113341 -0.046848
vt 0.111598 -0.044407
vt 0.114039 -0.042663
vt 0.115783 -0.045104
vt -0.014462 0.152764
vt -0.045405 0.066124
vt -0.048231 0.067133
vt -0.017288 0.153773
vt 0.048231 0.067133
vt 0.045405 0.066124
vt 0.014462 0.152764
vt 0.017288 0.153773
vt 0.046013 -0.095360
vt 0.042277 -0.098645
vt 0.041947 -0.098269
vt 0.045683 -0.094985
vt -0.115213 -0.041342
vt -0.119201 -0.038369
vt -0.118902 -0.037968
vt -0.114914 -0.040941
vt -0.120845 0.011614
vt -0.123131 0.016032
vt -0.122687 0.016262
vt -0.120401 0.011843
vt -0.101901 -0.024399
vt -0.104136 -0.019954
vt -0.103689 -0.019730
vt -0.101454 -0.024174
vt -0.042277 -0.098645
vt -0.046013 -0.095360
vt -0.045683 -0.094985
vt -0.041947 -0.098269
vt 0.119201 -0.038368
vt 0.115213 -0.041342
vt 0.114914 -0.040941
vt 0.118903 -0.037968
vt 0.123131 0.016032
vt 0.120845 0.011613
vt 0.120401 0.011843
vt 0.122687 0.016262
vt 0.104136 -0.019954
vt 0.101901 -0.024399
vt 0.101454 -0.024174
vt 0.103689 -0.019730
vt -0.051653 0.044971
vt -0.056182 0.042912
vt -0.060840 0.044658
vt -0.062900 0.049186
vt -0.061154 0.053845
vt -0.056625 0.055904
vt -0.051967 0.054158
vt -0.049907 0.049629
vt 0.049907 0.049629
vt 0.051967 0.054158
vt 0.056625 0.055904
vt 0.061154 0.053845
vt 0.062900 0.049186
vt 0.060840 0.044658
vt 0.056182 0.042912
vt 0.051653 0.044971
vt 0.108742 -0.015766
vt 0.105777 -0.020982
vt 0.105342 -0.020735
vt 0.108307 -0.015519
vt -0.106290 -0.087456
vt -0.112223 -0.086561
vt -0.112149 -0.086066
vt -0.106216 -0.086961
vt -0.150532 0.066904
vt -0.153315 0.072219
vt -0.152872 0.072451
vt -0.150089 0.067135
vt -0.105777 -0.020982
vt -0.108742 -0.015766
vt -0.108307 -0.015519
vt -0.105342 -0.020735
vt 0.112223 -0.086561
vt 0.106290 -0.087456
vt 0.106216 -0.086961
vt 0.112149 -0.086066
vt 0.153315 0.072219
vt 0.150532 0.066904
vt 0.150089 0.067135
vt 0.152872 0.072451
vt -0.081904 0.103723
vt -0.085265 0.098753
vt -0.091250 0.099179
vt -0.093874 0.104575
vt -0.090512 0.109545
vt -0.084527 0.109119
vt 0.084527 0.109119
vt 0.090512 0.109545
vt 0.093874 0.104575
vt 0.091250 0.099179
vt 0.085265 0.098753
vt 0.081904 0.103723
vt 0.039353 -0.095222
vt 0.035009 -0.096394
vt 0.034878 -0.095911
vt 0.039223 -0.094739
vt -0.125702 0.011749
vt -0.127994 0.015621
vt -0.127564 0.015876
vt -0.125271 0.012004
vt -0.129693 0.029321
vt -0.131738 0.033329
vt -0.131293 0.033556
vt -0.129247 0.029548
vt -0.035009 -0.096394
vt -0.039353 -0.095222
vt -0.039223 -0.094739
vt -0.034878 -0.095911
vt 0.127994 0.015621
vt 0.125702 0.011749
vt 0.125271 0.012004
vt 0.127564 0.015876
vt 0.131738 0.033329
vt 0.129693 0.029321
vt 0.129247 0.029548
vt 0.131293 0.033556
vt 0.001561 0.091566
vt -0.002902 0.090994
vt -0.005629 0.094573
vt -0.003893 0.098725
vt 0.000571 0.099297
vt 0.003298 0.095717
vt -0.003298 0.095717
vt -0.000571 0.099297
vt 0.003893 0.098725
vt 0.005629 0.094573
vt 0.002902 0.090994
vt -0.001561 0.091566
vt 0.039189 -0.095357
vt 0.036293 -0.096138
vt 0.036162 -0.095655
vt 0.039059 -0.094874
vt -0.130388 0.019495
vt -0.131917 0.022076
vt -0.131486 0.022331
vt -0.129958 0.019749
vt -0.134139 0.037840
vt -0.135503 0.040512
vt -0.135057 0.040739
vt -0.133694 0.038067
vt -0.036293 -0.096138
vt -0.039189 -0.095357
vt -0.039059 -0.094874
vt -0.036162 -0.095655
vt 0.131917 0.022076
vt 0.130388 0.019495
vt 0.129958 0.019749
vt 0.131486 0.022331
vt 0.135503 0.040512
vt 0.134139 0.037840
vt 0.133694 0.038067
vt 0.135057 0.040739
vt -0.000055 0.102658
vt -0.003031 0.102277
vt -0.004849 0.104663
vt -0.003691 0.107431
vt -0.000715 0.107812
vt 0.001103 0.105425
vt -0.001103 0.105425
vt 0.000715 0.107812
vt 0.003691 0.107431
vt 0.004849 0.104663
vt 0.003031 0.102277
vt 0.000055 0.102658
vt 0.086173 -0.061867
vt 0.078419 -0.068182
vt 0.078103 -0.067795
vt 0.085857 -0.061480
vt -0.113794 -0.020278
vt -0.119917 -0.012371
vt -0.119521 -0.012065
vt -0.113399 -0.019971
vt -0.125257 0.025082
vt -0.129547 0.034115
vt -0.129095 0.034329
vt -0.124805 0.025296
vt -0.078419 -0.068182
vt -0.086173 -0.061867
vt -0.085857 -0.061480
vt -0.078103 -0.067795
vt 0.119917 -0.012371
vt 0.113794 -0.020277
vt 0.113399 -0.019971
vt 0.119521 -0.012065
vt 0.129547 0.034115
vt 0.125257 0.025082
vt 0.124805 0.025296
vt 0.129095 0.034329
vt -0.002052 0.077307
vt -0.011288 0.073472
vt -0.019226 0.079553
vt -0.017930 0.089469
vt -0.008694 0.093303
vt -0.000755 0.087223
vt 0.000755 0.087223
vt 0.008694 0.093303
vt 0.017930 0.089469
vt 0.019226 0.079553
vt 0.011288 0.073472
vt 0.002052 0.077307
vt 0.080712 -0.063248
vt 0.075423 -0.069249
vt 0.075047 -0.068919
vt 0.080337 -0.062917
vt -0.135224 -0.010338
vt -0.140916 -0.004717
vt -0.140565 -0.004361
vt -0.134872 -0.009982
vt -0.131342 0.038566
vt -0.134752 0.045802
vt -0.134300 0.046016
vt -0.130890 0.038779
vt -0.075423 -0.069249
vt -0.080712 -0.063248
vt -0.080337 -0.062917
vt -0.075047 -0.068919
vt 0.140916 -0.004717
vt 0.135224 -0.010338
vt 0.134872 -0.009982
vt 0.140565 -0.004361
vt 0.134752 0.045802
vt 0.131342 0.038566
vt 0.130890 0.038779
vt 0.134300 0.046016
vt -0.049224 0.088979
vt -0.055987 0.084705
vt -0.063069 0.088425
vt -0.063389 0.096419
vt -0.056626 0.100692
vt -0.049544 0.096973
vt 0.049544 0.096973
vt 0.056626 0.100692
vt 0.063389 0.096419
vt 0.063069 0.088425
vt 0.055987 0.084705
vt 0.049224 0.088979
vt 0.129709 0.003606
vt 0.126078 -0.001324
vt 0.125676 -0.001028
vt 0.129306 0.003903
vt -0.034005 -0.097614
vt -0.040016 -0.096446
vt -0.039920 -0.095955
vt -0.033910 -0.097123
vt -0.138897 0.030905
vt -0.142095 0.036126
vt -0.141669 0.036387
vt -0.138471 0.031166
vt -0.145200 0.067740
vt -0.147817 0.073275
vt -0.147365 0.073489
vt -0.144748 0.067954
vt -0.126078 -0.001324
vt -0.129709 0.003606
vt -0.129306 0.003903
vt -0.125676 -0.001028
vt 0.040016 -0.096446
vt 0.034005 -0.097614
vt 0.033910 -0.097123
vt 0.039920 -0.095955
vt 0.142095 0.036126
vt 0.138897 0.030905
vt 0.138471 0.031166
vt 0.141669 0.036387
vt 0.147817 0.073275
vt 0.145200 0.067740
vt 0.144748 0.067954
vt 0.147365 0.073489
vt 0.000895 0.123745
vt -0.003813 0.119830
vt -0.009910 0.120390
vt -0.013825 0.125098
vt -0.013265 0.131195
vt -0.008558 0.135110
vt -0.002460 0.134550
vt 0.001455 0.129843
vt -0.001455 0.129843
vt 0.002460 0.134550
vt 0.008558 0.135110
vt 0.013265 0.131195
vt 0.013825 0.125098
vt 0.009910 0.120390
vt 0.003813 0.119830
vt -0.000895 0.123745
vt 0.060329 -0.090179
vt 0.055001 -0.091543
vt 0.054877 -0.091059
vt 0.060205 -0.089694
vt -0.111759 -0.011882
vt -0.114550 -0.007143
vt -0.114119 -0.006889
vt -0.111328 -0.011628
vt -0.127448 0.024420
vt -0.129954 0.029316
vt -0.129509 0.029543
vt -0.127003 0.024648
vt -0.055001 -0.091543
vt -0.060329 -0.090179
vt -0.060205 -0.089694
vt -0.054877 -0.091059
vt 0.114550 -0.007143
vt 0.111759 -0.011882
vt 0.111328 -0.011628
vt 0.114119 -0.006889
vt 0.129954 0.029316
vt 0.127448 0.024420
vt 0.127003 0.024648
vt 0.129509 0.029543
vt 0.027209 0.075153
vt 0.021749 0.074490
vt 0.018445 0.078887
vt 0.020601 0.083947
vt 0.026061 0.084610
vt 0.029365 0.080213
vt -0.029365 0.080213
vt -0.026061 0.084610
vt -0.020601 0.083947
vt -0.018445 0.078887
vt -0.021749 0.074490
vt -0.027209 0.075153
vt -0.016614 -0.107893
vt -0.025728 -0.109597
vt -0.026024 -0.108019
vt -0.016909 -0.106315
vt -0.124528 -0.004362
vt -0.130012 0.003115
vt -0.128717 0.004064
vt -0.123234 -0.003413
vt -0.118886 0.010488
vt -0.122849 0.018871
vt -0.121397 0.019557
vt -0.117434 0.011175
vt -0.094268 -0.043322
vt -0.099121 -0.035421
vt -0.097753 -0.034580
vt -0.092900 -0.042481
vt 0.025729 -0.109597
vt 0.016614 -0.107892
vt 0.016910 -0.106314
vt 0.026024 -0.108019
vt 0.130012 0.003115
vt 0.124528 -0.004363
vt 0.123233 -0.003413
vt 0.128717 0.004064
vt 0.122849 0.018871
vt 0.118886 0.010488
vt 0.117434 0.011174
vt 0.121397 0.019557
vt 0.099122 -0.035421
vt 0.094269 -0.043322
vt 0.092900 -0.042481
vt 0.097753 -0.034580
vt -0.040756 0.050340
vt -0.049992 0.049523
vt -0.057101 0.055477
vt -0.057917 0.064714
vt -0.051963 0.071822
vt -0.042727 0.072638
vt -0.035619 0.066685
vt -0.034802 0.057448
vt 0.034802 0.057448
vt 0.035619 0.066685
vt 0.042727 0.072638
vt 0.051963 0.071822
vt 0.057917 0.064714
vt 0.057101 0.055477
vt 0.049992 0.049523
vt 0.040756 0.050340
vt -0.169927 0.046247
vt -0.172208 0.045674
vt -0.173262 0.048389
vt -0.170975 0.048933
vt 0.082084 0.104595
vt 0.082268 0.106938
vt 0.084992 0.107649
vt 0.084909 0.105300
vt 0.134030 -0.049519
vt 0.133350 -0.047269
vt 0.135893 -0.046285
vt 0.136658 -0.048508
vt -0.034426 0.173848
vt -0.034811 0.171529
vt -0.037298 0.172746
vt -0.036870 0.175058
vt -0.104972 0.017541
vt -0.104960 0.015190
vt -0.107760 0.015875
vt -0.107656 0.018224
vt -0.158332 0.053713
vt -0.160679 0.053576
vt -0.161535 0.055767
vt -0.159716 0.057257
vt -0.157737 0.055988
vt 0.156568 0.058894
vt 0.158547 0.060164
vt 0.160366 0.058675
vt 0.159511 0.056484
vt 0.157164 0.056620
vt -0.072084 0.164088
vt -0.071740 0.167597
vt -0.069186 0.166841
vt -0.069236 0.164490
vt 0.131867 -0.051878
vt 0.132896 -0.055251
vt 0.129945 -0.054749
vt 0.129276 -0.052495
vt 0.149359 0.085223
vt 0.148920 0.081724
vt 0.145927 0.083254
vt 0.146386 0.085559
vt 0.148060 -0.069912
vt 0.144560 -0.069475
vt 0.145148 -0.066222
vt 0.147468 -0.066602
vt -0.050271 0.006867
vt -0.050270 0.010393
vt -0.047402 0.010616
vt -0.047276 0.008268
vt -0.154400 0.046573
vt -0.157920 0.046364
vt -0.159207 0.049648
vt -0.156482 0.051886
vt -0.153511 0.049986
vt -0.108760 0.147690
vt -0.108851 0.151216
vt -0.106195 0.150831
vt -0.105873 0.147319
vt 0.135969 -0.050085
vt 0.136998 -0.053458
vt 0.134360 -0.053743
vt 0.133301 -0.050379
vt 0.121812 0.101329
vt 0.121905 0.097804
vt 0.119050 0.097589
vt 0.119167 0.101114
vt -0.180682 -0.008190
vt -0.177825 -0.006122
vt -0.175616 -0.008186
vt -0.178566 -0.010118
vt -0.125012 0.021405
vt -0.124484 0.024892
vt -0.121581 0.024677
vt -0.121998 0.021176
vt -0.150591 0.041634
vt -0.154111 0.041411
vt -0.155410 0.044690
vt -0.152694 0.046938
vt -0.149715 0.045050
vt -0.132188 0.007084
vt -0.133905 0.008853
vt -0.131373 0.010345
vt -0.002894 0.143398
vt -0.004382 0.141578
vt -0.007312 0.142071
vt 0.158758 0.035571
vt 0.156409 0.035462
vt 0.158614 0.038539
vt 0.009383 0.027177
vt 0.009829 0.029457
vt 0.012270 0.028406
vt -0.063507 0.157731
vt -0.062494 0.161514
vt -0.061007 0.159092
vt 0.128178 -0.052017
vt 0.125736 -0.050346
vt 0.126723 -0.047879
vt -0.157310 0.061766
vt -0.159661 0.061789
vt -0.160366 0.064031
vt 0.069133 0.081048
vt 0.071990 0.078087
vt 0.069833 0.077267
vt 0.157101 0.073267
vt 0.161209 0.073497
vt 0.159351 0.070809
vt -0.074231 0.157106
vt -0.072181 0.161036
vt -0.071581 0.155195
vt -0.153080 0.075887
vt -0.149266 0.077431
vt -0.147914 0.074538
vt -0.114556 0.137188
vt -0.111418 0.134992
vt -0.112875 0.131915
vt 0.163454 0.071502
vt 0.162377 0.067202
vt 0.158267 0.067005
vt 0.156809 0.070852
vt 0.071133 0.081625
vt 0.073886 0.078568
vt 0.071184 0.076416
vt 0.068329 0.079379
vt 0.157835 0.078586
vt 0.161946 0.078752
vt 0.161280 0.075414
vt 0.157172 0.075196
vt -0.018097 0.147126
vt -0.015666 0.150445
vt -0.012846 0.148422
vt -0.015529 0.144894
vt -0.125290 0.014664
vt -0.121861 0.016938
vt -0.122751 0.012299
vt -0.073724 0.172268
vt -0.070702 0.169477
vt -0.072604 0.166430
vt -0.075309 0.169142
vt 0.160660 0.072609
vt 0.164065 0.070299
vt 0.162921 0.066347
vt 0.158809 0.066214
vt 0.157411 0.070084
vt 0.042735 0.044134
vt 0.038031 0.041390
vt 0.035448 0.044593
vt 0.162515 0.074255
vt 0.161599 0.069149
vt 0.157490 0.068935
vt -0.026621 0.152868
vt -0.019779 0.153529
vt -0.022180 0.150187
vt -0.129224 0.020382
vt -0.122417 0.018256
vt -0.125854 0.015993
vt -0.097053 0.153428
vt -0.100591 0.148821
vt -0.103978 0.151157
vt 0.162568 0.071347
vt 0.161841 0.066498
vt 0.156319 0.066509
vt -0.122063 0.044245
vt -0.118827 0.046827
vt -0.115187 0.042357
vt -0.113276 0.151927
vt -0.111358 0.157363
vt -0.106467 0.154524
vt 0.155934 0.068057
vt 0.160931 0.070706
vt 0.163857 0.067776
vt 0.035459 0.044783
vt 0.039554 0.048902
vt 0.042746 0.044324
vt 0.157790 0.066675
vt 0.155980 0.071955
vt 0.163903 0.071684
vt 0.157034 0.070745
vt 0.156457 0.076160
vt 0.161978 0.076140
vt -0.022675 0.119909
vt -0.020080 0.124070
vt -0.015829 0.120527
vt -0.142277 0.026526
vt -0.141453 0.024075
vt -0.143384 0.023353
vt -0.120574 0.135152
vt -0.121756 0.136754
vt -0.120599 0.139068
vt -0.158500 0.097544
vt -0.156515 0.098103
vt -0.155019 0.096788
vt -0.012618 0.153001
vt -0.010214 0.155830
vt -0.008217 0.154385
vt 0.157051 0.055772
vt 0.159594 0.054299
vt 0.158149 0.050880
vt -0.041406 0.167836
vt -0.039302 0.164996
vt -0.041443 0.161964
vt -0.148554 0.071646
vt -0.151251 0.070480
vt -0.153715 0.073014
vt 0.150020 0.104191
vt 0.151514 0.106609
vt 0.153940 0.102220
vt -0.084181 0.146080
vt -0.085872 0.148364
vt -0.085288 0.151504
vt 0.156779 0.075120
vt 0.159730 0.077562
vt 0.163425 0.075751
vt -0.141477 0.039577
vt -0.139240 0.036878
vt -0.142944 0.035087
vt 0.010600 0.026954
vt 0.008464 0.028020
vt 0.011039 0.029236
vt -0.142651 0.112111
vt -0.139387 0.110687
vt -0.140818 0.108777
vt 0.027241 0.067909
vt 0.024775 0.068897
vt 0.026687 0.071714
vt 0.138369 -0.033866
vt 0.139521 -0.030948
vt 0.141950 -0.032638
vt 0.150032 -0.006908
vt 0.147431 -0.005496
vt 0.148947 -0.003756
vt -0.059869 -0.069969
vt -0.061037 -0.072010
vt -0.063964 -0.071078
vt -0.062997 -0.068935
vt -0.020323 0.072887
vt -0.021166 0.070692
vt -0.023996 0.071345
vt -0.023311 0.073595
vt 0.128336 -0.029357
vt 0.126150 -0.028492
vt 0.127615 -0.025847
vt 0.129754 -0.026823
vt 0.038103 -0.005790
vt 0.037124 -0.003653
vt 0.040306 -0.002924
vt 0.041058 -0.005151
vt -0.017128 0.119829
vt -0.018130 0.121956
vt -0.015144 0.123347
vt -0.014169 0.121208
vt 0.129903 0.011762
vt 0.131647 0.010186
vt 0.130688 0.008040
vt 0.128350 0.008289
vt 0.127865 0.010590
vt -0.128606 0.010363
vt -0.129127 0.008071
vt -0.131469 0.007859
vt -0.132394 0.010020
vt -0.130625 0.011568
vt -0.008999 -0.017039
vt -0.008303 -0.020496
vt -0.011528 -0.020666
vt -0.012058 -0.018375
vt 0.053097 -0.117284
vt 0.053856 -0.120728
vt 0.050762 -0.121138
vt 0.050267 -0.118840
vt -0.036085 0.071566
vt -0.035270 0.074998
vt -0.032347 0.073782
vt -0.032965 0.071514
vt -0.092832 -0.048071
vt -0.090928 -0.045102
vt -0.088709 -0.047547
vt -0.090009 -0.049506
vt -0.077084 0.092401
vt -0.074500 0.090001
vt -0.077312 0.088203
vt -0.079071 0.089764
vt 0.129908 0.014151
vt 0.132531 0.011793
vt 0.131100 0.008570
vt 0.127592 0.008936
vt 0.126856 0.012385
vt -0.005594 -0.035071
vt -0.004499 -0.032990
vt -0.001774 -0.034015
vt -0.002894 -0.036082
vt -0.114565 -0.064385
vt -0.112234 -0.064078
vt -0.110972 -0.066595
vt -0.113287 -0.067002
vt -0.023366 0.037684
vt -0.022619 0.035455
vt -0.025962 0.036594
vt 0.008637 -0.106727
vt 0.009937 -0.108686
vt 0.006024 -0.107436
vt 0.072282 0.075675
vt 0.073295 0.077796
vt 0.075517 0.075958
vt -0.124219 -0.003753
vt -0.123670 -0.001467
vt -0.121326 -0.001282
vt -0.120760 -0.002970
vt 0.120804 -0.003748
vt 0.118980 -0.002264
vt 0.119829 -0.000071
vt 0.122176 -0.000200
vt 0.122779 -0.002473
vt 0.025368 -0.103140
vt 0.028199 -0.101685
vt 0.029506 -0.103465
vt -0.047916 0.019842
vt -0.045149 0.019970
vt -0.044372 0.018368
vt 0.026495 -0.130121
vt 0.023471 -0.129019
vt 0.023869 -0.126702
vt 0.068087 -0.058534
vt 0.066850 -0.061836
vt 0.064009 -0.060642
vt 0.064870 -0.058454
vt 0.126713 0.016773
vt 0.122847 0.017732
vt 0.124365 0.018769
vt -0.129164 -0.009922
vt -0.128488 -0.006461
vt -0.125511 -0.006331
vt 0.052581 -0.095656
vt 0.049998 -0.093138
vt 0.054840 -0.093888
vt -0.012140 0.030579
vt -0.013289 0.034527
vt -0.010217 0.034542
vt -0.056601 -0.117867
vt -0.059503 -0.120884
vt -0.061180 -0.118491
vt 0.056494 -0.055775
vt 0.055380 -0.059121
vt 0.052234 -0.058607
vt 0.053602 -0.055356
vt 0.086308 0.070071
vt 0.083892 0.066813
vt 0.083247 0.070960
vt -0.131185 -0.014004
vt -0.130538 -0.010537
vt -0.127643 -0.015983
vt -0.119489 0.004349
vt -0.122316 0.002277
vt -0.124542 0.003424
vt 0.108302 0.044408
vt 0.106828 0.046869
vt 0.108646 0.048591
vt -0.037030 0.034916
vt -0.039985 0.033732
vt -0.040538 0.036476
vt -0.117897 -0.006900
vt -0.116710 -0.009435
vt -0.121784 -0.010237
vt -0.121331 -0.002494
vt -0.120002 -0.006385
vt -0.122920 -0.008506
vt 0.028790 -0.107183
vt 0.027096 -0.109356
vt 0.024653 -0.106841
vt 0.123865 0.014229
vt 0.121749 0.012891
vt 0.119953 0.014981
vt -0.027401 0.040119
vt -0.026983 0.037351
vt -0.029083 0.036047
vt -0.067645 -0.109417
vt -0.065932 -0.111595
vt -0.068030 -0.113711
vt -0.128655 -0.006213
vt -0.124505 -0.005670
vt -0.125898 -0.011729
vt 0.051849 -0.085990
vt 0.053890 -0.084595
vt 0.056698 -0.086694
vt -0.005376 -0.132296
vt -0.004554 -0.129432
vt -0.001501 -0.129778
vt 0.007736 -0.111272
vt 0.004885 -0.111917
vt 0.003839 -0.109972
vt 0.068805 0.096353
vt 0.068218 0.094611
vt 0.065590 0.095890
vt -0.119712 -0.007452
vt -0.121447 -0.008819
vt -0.123179 -0.008201
vt -0.025500 0.027536
vt -0.028155 0.027005
vt -0.028855 0.028643
s 1
usemtl mat11
f 991/3199/624 990/3200/624 989/3201/624 988/3202/624
f 995/3203/625 994/3204/625 993/3205/625 992/3206/625
f 989/3207/626 995/3208/626 992/3209/626 988/3210/626
f 993/3211/627 994/3212/627 990/3213/627 991/3214/627
f 992/3215/628 993/3216/628 991/3217/628 988/3218/628
f 990/3219/629 994/3220/629 995/3221/629 989/3222/629
usemtl mat18
f 999/3202/624 998/3223/624 997/3224/624 996/3225/624
f 1003/3226/625 1002/3227/625 1001/3206/625 1000/3228/625
f 997/3229/629 1003/3230/629 1000/3231/629 996/3232/629
f 1001/3233/628 1002/3234/628 998/3235/628 999/3236/628
f 1000/3237/626 1001/3238/626 999/3239/626 996/3240/626
f 998/3241/627 1002/3242/627 1003/3243/627 997/3244/627
f 1007/3245/628 1006/3246/628 1005/3247/628 1004/3248/628
f 1011/3249/629 1010/3250/629 1009/3251/629 1008/3252/629
f 1005/3253/626 1011/3254/626 1008/3255/626 1004/3256/626
f 1009/3257/627 1010/3258/627 1006/3259/627 1007/3260/627
f 1008/3228/625 1009/3226/625 1007/3227/625 1004/3206/625
f 1006/3223/624 1010/3224/624 1011/3225/624 1005/3202/624
usemtl mat16
f 1015/3261/630 1014/3262/630 1013/3263/630 1012/3264/630
f 1014/3265/631 1017/3266/631 1016/3267/631 1013/3268/631
f 1017/3269/632 1019/3270/632 1018/3271/632 1016/3272/632
f 1019/3273/633 1021/3274/633 1020/3275/633 1018/3276/633
f 1021/3277/634 1023/3278/634 1022/3279/634 1020/3280/634
f 1023/3281/635 1025/3282/635 1024/3283/635 1022/3284/635
f 1025/3285/636 1027/3286/636 1026/3287/636 1024/3288/636
f 1027/3289/637 1015/3290/637 1012/3291/637 1026/3292/637
f 1012/3293/627 1013/3294/627 1016/3295/627 1018/3296/627 1020/3297/627 1022/3298/627 1024/3299/627 1026/3300/627
f 1027/3301/626 1025/3302/626 1023/3303/626 1021/3304/626 1019/3305/626 1017/3306/626 1014/3307/626 1015/3308/626
f 1055/3309/638 1054/3310/638 1053/3311/638 1052/3312/638
f 1054/3313/639 1057/3314/639 1056/3315/639 1053/3316/639
f 1057/3317/640 1059/3318/640 1058/3319/640 1056/3320/640
f 1059/3321/641 1061/3322/641 1060/3323/641 1058/3324/641
f 1061/3325/642 1063/3326/642 1062/3327/642 1060/3328/642
f 1063/3329/643 1055/3330/643 1052/3331/643 1062/3332/643
f 1052/3333/627 1053/3334/627 1056/3335/627 1058/3336/627 1060/3337/627 1062/3338/627
f 1063/3339/626 1061/3340/626 1059/3341/626 1057/3342/626 1054/3343/626 1055/3344/626
f 1083/3345/644 1082/3346/644 1081/3347/644 1080/3348/644
f 1082/3349/645 1085/3350/645 1084/3351/645 1081/3352/645
f 1085/3353/646 1087/3354/646 1086/3355/646 1084/3356/646
f 1087/3357/647 1089/3358/647 1088/3359/647 1086/3360/647
f 1089/3361/648 1091/3362/648 1090/3363/648 1088/3364/648
f 1091/3365/649 1083/3366/649 1080/3367/649 1090/3368/649
f 1080/3369/627 1081/3370/627 1084/3371/627 1086/3372/627 1088/3373/627 1090/3374/627
f 1091/3375/626 1089/3376/626 1087/3377/626 1085/3378/626 1082/3379/626 1083/3380/626
f 1095/3381/650 1094/3382/650 1093/3383/650 1092/3384/650
f 1094/3385/651 1097/3386/651 1096/3387/651 1093/3388/651
f 1097/3389/646 1099/3390/646 1098/3391/646 1096/3392/646
f 1099/3393/652 1101/3394/652 1100/3395/652 1098/3396/652
f 1101/3397/653 1103/3398/653 1102/3399/653 1100/3400/653
f 1103/3401/649 1095/3402/649 1092/3403/649 1102/3404/649
f 1092/3405/627 1093/3406/627 1096/3407/627 1098/3408/627 1100/3409/627 1102/3410/627
f 1103/3411/626 1101/3412/626 1099/3413/626 1097/3414/626 1094/3415/626 1095/3416/626
usemtl mat10
f 1031/3417/654 1030/3418/654 1029/3419/654 1028/3420/654
f 1030/3421/655 1033/3422/655 1032/3423/655 1029/3424/655
f 1033/3425/656 1035/3426/656 1034/3427/656 1032/3428/656
f 1035/3429/657 1037/3430/657 1036/3431/657 1034/3432/657
f 1037/3433/658 1039/3434/658 1038/3435/658 1036/3436/658
f 1039/3437/659 1031/3438/659 1028/3439/659 1038/3440/659
f 1028/3441/627 1029/3442/627 1032/3443/627 1034/3444/627 1036/3445/627 1038/3446/627
f 1039/3447/626 1037/3448/626 1035/3449/626 1033/3450/626 1030/3451/626 1031/3452/626
f 1043/3453/660 1042/3454/660 1041/3455/660 1040/3456/660
f 1042/3457/661 1045/3458/661 1044/3459/661 1041/3460/661
f 1045/3461/662 1047/3462/662 1046/3463/662 1044/3464/662
f 1047/3465/663 1049/3466/663 1048/3467/663 1046/3468/663
f 1049/3469/664 1051/3470/664 1050/3471/664 1048/3472/664
f 1051/3473/665 1043/3474/665 1040/3475/665 1050/3476/665
f 1040/3477/627 1041/3478/627 1044/3479/627 1046/3480/627 1048/3481/627 1050/3482/627
f 1051/3483/626 1049/3484/626 1047/3485/626 1045/3486/626 1042/3487/626 1043/3488/626
usemtl mat9
f 1067/3489/666 1066/3490/666 1065/3491/666 1064/3492/666
f 1066/3493/667 1069/3494/667 1068/3495/667 1065/3496/667
f 1069/3497/668 1071/3498/668 1070/3499/668 1068/3500/668
f 1071/3501/669 1073/3502/669 1072/3503/669 1070/3504/669
f 1073/3505/670 1075/3506/670 1074/3507/670 1072/3508/670
f 1075/3509/671 1077/3510/671 1076/3511/671 1074/3512/671
f 1077/3513/672 1079/3514/672 1078/3515/672 1076/3516/672
f 1079/3517/673 1067/3518/673 1064/3519/673 1078/3520/673
f 1064/3521/627 1065/3522/627 1068/3523/627 1070/3524/627 1072/3525/627 1074/3526/627 1076/3527/627 1078/3528/627
f 1079/3529/626 1077/3530/626 1075/3531/626 1073/3532/626 1071/3533/626 1069/3534/626 1066/3535/626 1067/3536/626
f 1107/3537/674 1106/3538/674 1105/3539/674 1104/3540/674
f 1106/3541/675 1109/3542/675 1108/3543/675 1105/3544/675
f 1109/3545/676 1111/3546/676 1110/3547/676 1108/3548/676
f 1111/3549/677 1113/3550/677 1112/3551/677 1110/3552/677
f 1113/3553/678 1115/3554/678 1114/3555/678 1112/3556/678
f 1115/3557/679 1107/3558/679 1104/3559/679 1114/3560/679
f 1104/3561/627 1105/3562/627 1108/3563/627 1110/3564/627 1112/3565/627 1114/3566/627
f 1115/3567/626 1113/3568/626 1111/3569/626 1109/3570/626 1106/3571/626 1107/3572/626
f 1119/3573/680 1118/3574/680 1117/3575/680 1116/3576/680
f 1118/3577/681 1121/3578/681 1120/3579/681 1117/3580/681
f 1121/3581/682 1123/3582/682 1122/3583/682 1120/3584/682
f 1123/3585/683 1125/3586/683 1124/3587/683 1122/3588/683
f 1125/3589/684 1127/3590/684 1126/3591/684 1124/3592/684
f 1127/3593/685 1129/3594/685 1128/3595/685 1126/3596/685
f 1129/3597/686 1131/3598/686 1130/3599/686 1128/3600/686
f 1131/3601/687 1119/3602/687 1116/3603/687 1130/3604/687
f 1116/3605/627 1117/3606/627 1120/3607/627 1122/3608/627 1124/3609/627 1126/3610/627 1128/3611/627 1130/3612/627
f 1131/3613/626 1129/3614/626 1127/3615/626 1125/3616/626 1123/3617/626 1121/3618/626 1118/3619/626 1119/3620/626
usemtl mat17
f 1135/3621/688 1134/3622/688 1133/3623/688 1132/3624/688
f 1134/3625/689 1137/3626/689 1136/3627/689 1133/3628/689
f 1137/3629/690 1139/3630/690 1138/3631/690 1136/3632/690
f 1139/3633/691 1141/3634/691 1140/3635/691 1138/3636/691
f 1141/3637/692 1135/3638/692 1132/3639/692 1140/3640/692
f 1132/3641/693 1133/3642/693 1136/3643/693 1138/3644/693 1140/3645/693
f 1141/3646/694 1139/3647/694 1137/3648/694 1134/3649/694 1135/3650/694
f 1143/3651/695 1142/3652/695 1138/3653/695 1140/3654/695
f 1142/3655/696 1144/3656/696 1136/3657/696 1138/3658/696
f 1144/3659/697 1145/3660/697 1133/3661/697 1136/3662/697
f 1145/3663/698 1146/3664/698 1132/3665/698 1133/3666/698
f 1146/3667/699 1143/3668/699 1140/3669/699 1132/3670/699
f 1146/3671/700 1145/3672/700 1144/3673/700 1142/3674/700 1143/3675/700
f 1148/3676/701 1147/3677/701 1142/3678/701 1143/3679/701
f 1147/3680/702 1149/3681/702 1144/3682/702 1142/3683/702
f 1149/3684/703 1150/3685/703 1145/3686/703 1144/3687/703
f 1150/3688/704 1151/3689/704 1146/3690/704 1145/3691/704
f 1151/3692/705 1148/3693/705 1143/3694/705 1146/3695/705
f 1151/3696/706 1150/3697/706 1149/3698/706 1147/3699/706 1148/3700/706
f 1154/3701/707 1153/3702/707 1152/3703/707
f 1154/3704/708 1156/3705/708 1155/3706/708
f 1156/3707/709 1157/3708/709 1155/3709/709
f 1157/3710/710 1159/3711/711 1158/3712/712
f 1160/3713/713 1152/3714/713 1159/3715/713
f 1155/3716/714 1158/3717/714 1159/3718/714
f 1157/3719/715 1156/3720/715 1154/3721/715
f 1162/3722/716 1161/3723/716 1158/3724/716
f 1161/3725/717 1163/3726/717 1155/3727/717
f 1163/3728/718 1164/3729/718 1155/3730/718
f 1164/3731/719 1165/3732/719 1152/3733/719
f 1165/3734/720 1162/3735/720 1159/3736/720
f 1164/3737/721 1163/3738/721 1161/3739/721 1162/3740/721
f 1167/3741/722 1166/3742/722 1161/3743/722 1162/3744/722
f 1166/3745/723 1168/3746/723 1163/3747/723 1161/3748/723
f 1168/3749/724 1169/3750/724 1164/3751/724 1163/3752/724
f 1169/3753/725 1170/3754/725 1164/3755/725
f 1170/3756/726 1167/3757/726 1162/3758/726 1165/3759/726
f 1170/3760/727 1169/3761/727 1168/3762/727 1166/3763/727 1167/3764/727
f 1171/3765/728 1166/3766/728 1167/3767/728
f 1172/3768/729 1168/3769/729 1166/3770/729
f 1172/3771/730 1169/3772/730 1168/3773/730
f 1173/3774/731 1170/3775/731 1169/3776/731
f 1174/3777/732 1167/3778/732 1170/3779/732
f 1173/3780/733 1172/3781/733 1171/3782/733
f 1173/3783/734 1175/3784/734 1170/3785/734
f 1170/3786/735 1175/3787/735 1174/3788/735
f 1174/3789/736 1175/3790/736 1173/3791/736
f 1167/3792/737 1174/3793/737 1171/3794/737
f 1171/3795/738 1174/3796/738 1173/3797/738
f 1166/3798/739 1171/3799/739 1172/3800/739
f 1172/3801/740 1173/3802/740 1169/3803/740
f 1152/3804/741 1176/3805/741 1154/3806/741
f 1160/3807/742 1176/3808/742 1152/3809/742
f 1154/3810/743 1176/3811/743 1160/3812/743
f 1155/3813/744 1153/3814/744 1154/3815/744
f 1152/3816/745 1153/3817/745 1155/3818/745
f 1164/3819/746 1153/3820/746 1155/3821/746
f 1152/3822/747 1153/3823/747 1164/3824/747
f 1159/3825/748 1152/3826/748 1155/3827/748
f 1159/3828/749 1152/3829/749 1165/3830/749
f 1162/3831/750 1165/3832/750 1164/3833/750
f 1170/3834/751 1165/3835/751 1164/3836/751
f 1157/3837/710 1160/3838/752 1159/3839/711
f 1154/3840/753 1160/3841/753 1157/3842/753
f 1158/3843/754 1159/3844/754 1162/3845/754
f 1157/3846/755 1158/3847/755 1155/3848/755
f 1155/3849/756 1158/3850/756 1161/3851/756
f 1180/3852/757 1179/3853/757 1178/3854/757 1177/3855/757
f 1179/3856/758 1182/3857/758 1181/3858/758 1178/3859/758
f 1182/3860/759 1184/3861/759 1183/3862/759 1181/3863/759
f 1184/3864/760 1186/3865/760 1185/3866/760 1183/3867/760
f 1186/3868/761 1180/3869/761 1177/3870/761 1185/3871/761
f 1177/3872/762 1178/3873/762 1181/3874/762 1183/3875/762 1185/3876/762
f 1186/3877/763 1184/3878/763 1182/3879/763 1179/3880/763 1180/3881/763
f 1188/3882/764 1187/3883/764 1183/3884/764 1185/3885/764
f 1187/3886/765 1189/3887/765 1181/3888/765 1183/3889/765
f 1189/3890/766 1190/3891/766 1178/3892/766 1181/3893/766
f 1190/3894/767 1191/3895/767 1177/3896/767 1178/3897/767
f 1191/3898/768 1188/3899/768 1185/3900/768 1177/3901/768
f 1191/3902/769 1190/3903/769 1189/3904/769 1187/3905/769 1188/3906/769
f 1195/3907/770 1194/3908/770 1193/3909/770 1192/3910/770
f 1194/3911/771 1197/3912/771 1196/3913/771 1193/3914/771
f 1197/3915/772 1198/3916/772 1196/3917/772
f 1198/3918/773 1200/3919/773 1199/3920/773
f 1200/3921/774 1195/3922/774 1192/3923/774
f 1192/3924/775 1193/3925/775 1196/3926/775 1199/3927/775
f 1200/3928/776 1198/3929/776 1197/3930/776 1194/3931/776 1195/3932/776
f 1202/3933/777 1199/3934/777 1201/3935/777
f 1203/3936/778 1196/3937/778 1199/3938/778
f 1204/3939/779 1193/3940/779 1196/3941/779
f 1204/3942/780 1205/3943/780 1192/3944/780 1193/3945/780
f 1205/3946/781 1201/3947/781 1192/3948/781
f 1205/3949/782 1204/3950/782 1203/3951/782
f 1208/3952/783 1207/3953/783 1206/3954/783
f 1207/3955/784 1209/3956/784 1203/3957/784
f 1209/3958/785 1210/3959/785 1204/3960/785
f 1210/3961/786 1211/3962/786 1205/3963/786 1204/3964/786
f 1211/3965/787 1208/3966/787 1205/3967/787
f 1211/3968/788 1210/3969/788 1208/3970/788
f 1202/3971/789 1206/3972/789 1205/3973/789
f 1208/3974/790 1206/3975/790 1205/3976/790
f 1199/3977/791 1202/3978/791 1203/3979/791
f 1203/3980/792 1202/3981/792 1205/3982/792
f 1209/3983/793 1207/3984/793 1208/3985/793
f 1201/3986/794 1206/3987/794 1202/3988/794
f 1205/3989/795 1206/3990/795 1201/3991/795
f 1203/3992/796 1202/3993/796 1207/3994/796
f 1196/3995/797 1203/3996/797 1204/3997/797
f 1210/3998/798 1209/3999/798 1208/4000/798
f 1207/4001/799 1202/4002/799 1206/4003/799
f 1204/4004/800 1203/4005/800 1209/4006/800
f 1200/4007/801 1201/4008/801 1199/4009/801
f 1192/4010/802 1201/4011/802 1200/4012/802
f 1199/4013/803 1201/4014/803 1192/4015/803
f 1198/4016/804 1199/4017/804 1196/4018/804
o group2054087311
v -1.225000 0.639999 0.395000
v -1.225000 0.939999 0.395000
v -1.185000 0.939999 0.395000
v -1.185000 0.639999 0.395000
v -1.225000 0.639999 -0.065000
v -1.185000 0.639999 -0.065000
v -1.185000 0.939999 -0.065000
v -1.225000 0.939999 -0.065000
v -1.185000 0.888414 0.338256
v -1.185000 0.691584 0.338256
v -1.185000 0.888414 -0.008257
v -1.185000 0.691584 -0.008257
v -1.205000 0.888414 0.338256
v -1.205000 0.691584 0.338256
v -1.205000 0.888414 -0.008257
v -1.205000 0.691584 -0.008257
v -1.168864 0.919770 0.369024
v -1.166770 0.911997 0.377591
v -1.182801 0.911308 0.378546
v -1.185019 0.919063 0.369994
v -1.166165 0.901310 0.372731
v -1.181490 0.900724 0.373601
v -1.167884 0.902478 0.361161
v -1.182898 0.901937 0.361994
v -1.169553 0.913887 0.358870
v -1.185079 0.913271 0.359764
v -1.172400 0.922512 -0.036599
v -1.170958 0.917370 -0.026126
v -1.186829 0.914089 -0.026250
v -1.188334 0.919219 -0.036720
v -1.169412 0.905855 -0.027915
v -1.184460 0.902721 -0.028082
v -1.169899 0.903880 -0.039494
v -1.184501 0.900826 -0.039684
v -1.171745 0.914175 -0.044860
v -1.186896 0.911022 -0.045022
v -1.200957 0.908734 -0.025161
v -1.202544 0.913844 -0.035628
v -1.197706 0.897589 -0.027014
v -1.197285 0.895811 -0.038627
v -1.200274 0.905857 -0.043951
vn -0.0000 -0.0000 1.0000
vn -0.0000 -0.0000 -1.0000
vn -1.0000 -0.0000 -0.0000
vn 1.0000 -0.0000 -0.0000
vn -0.0000 -1.0000 -0.0000
vn -0.0000 1.0000 -0.0000
vn 0.0079 0.7417 0.6707
vn 0.0696 -0.4124 0.9083
vn 0.0310 -0.9939 -0.1063
vn -0.0476 -0.2025 -0.9781
vn -0.0653 0.8669 -0.4941
vn 0.9840 0.1169 -0.1345
vn -0.9804 -0.1687 0.1013
vn -0.1837 0.8721 0.4536
vn 0.0223 -0.1525 0.9880
vn 0.2000 -0.9672 0.1569
vn 0.1031 -0.4437 -0.8902
vn -0.1371 0.6923 -0.7084
vn 0.9876 0.1428 -0.0659
vn -0.9770 -0.2097 0.0377
vn -0.2845 0.8439 0.4548
vn 0.1270 -0.1293 0.9834
vn 0.3697 -0.9168 0.1511
vn 0.0998 -0.4428 -0.8911
vn -0.3025 0.6484 -0.6986
vn -0.9596 -0.2812 0.0082
vt -0.035106 -0.046063
vt -0.008273 -0.032647
vt -0.006485 -0.036224
vt -0.033317 -0.049641
vt 0.006485 -0.036224
vt 0.008273 -0.032647
vt 0.035106 -0.046063
vt 0.033317 -0.049641
vt -0.017728 -0.039699
vt 0.019704 -0.012962
vt 0.037141 -0.037374
vt -0.000291 -0.064111
vt -0.001328 -0.056615
vt 0.010112 -0.040598
vt 0.017728 -0.039699
vt 0.000291 -0.064111
vt -0.017927 -0.024923
vt -0.016581 -0.021156
vt 0.026739 -0.036627
vt 0.025393 -0.040394
vt -0.026739 -0.036627
vt 0.016581 -0.021156
vt 0.017927 -0.024923
vt -0.025393 -0.040394
vt -0.018085 -0.020457
vt -0.019704 -0.012962
vt -0.029525 -0.036474
vt -0.037141 -0.037374
vt 0.029598 -0.045545
vt 0.011993 -0.036742
vt 0.012887 -0.034954
vt 0.030492 -0.043756
vt 0.020722 -0.036602
vt -0.011910 -0.024948
vt -0.011238 -0.023064
vt 0.021395 -0.034719
vt -0.011993 -0.036742
vt -0.029598 -0.045545
vt -0.030492 -0.043756
vt -0.012887 -0.034954
vt 0.011910 -0.024948
vt -0.020722 -0.036602
vt -0.021395 -0.034719
vt 0.011238 -0.023064
vt -0.022945 -0.043591
vt -0.024049 -0.043995
vt -0.024774 -0.042561
vt -0.023675 -0.042144
vt 0.000541 -0.029268
vt -0.000616 -0.029474
vt -0.001037 -0.027997
vt 0.000106 -0.027720
vt 0.025526 -0.038115
vt 0.024390 -0.037810
vt 0.024869 -0.036383
vt 0.026012 -0.036658
vt 0.015214 -0.038904
vt 0.014098 -0.038533
vt 0.014785 -0.037137
vt 0.015883 -0.037556
vt -0.015584 -0.028943
vt -0.016758 -0.029008
vt -0.016806 -0.027389
vt -0.015631 -0.027387
vt 0.016750 -0.033525
vt 0.017114 -0.034643
vt 0.016164 -0.035334
vt 0.015212 -0.034644
vt 0.015575 -0.033526
vt -0.012364 -0.034602
vt -0.011842 -0.035655
vt -0.012682 -0.036478
vt -0.013724 -0.035933
vt -0.013527 -0.034774
vt 0.008571 -0.029180
vt 0.007470 -0.029591
vt 0.006838 -0.028098
vt 0.007938 -0.027682
vt -0.012682 -0.033511
vt -0.013832 -0.033753
vt -0.014147 -0.032248
vt -0.013017 -0.031925
vt -0.015842 -0.026814
vt -0.016984 -0.026533
vt -0.016557 -0.025104
vt -0.015405 -0.025341
vt 0.003286 -0.033807
vt 0.002180 -0.033408
vt 0.002745 -0.031967
vt 0.003831 -0.032418
vt 0.019517 -0.029296
vt 0.018342 -0.029323
vt 0.018260 -0.027698
vt 0.019435 -0.027750
vt -0.018430 -0.010829
vt -0.017951 -0.011902
vt -0.018823 -0.012690
vt -0.019842 -0.012103
vt -0.019599 -0.010953
vt 0.019266 -0.006816
vt 0.019697 -0.007910
vt 0.018791 -0.008658
vt 0.017799 -0.008027
vt 0.018092 -0.006889
vt 0.009549 -0.032354
vt 0.008444 -0.032755
vt 0.008060 -0.031290
vt 0.009162 -0.030881
vt -0.012877 -0.034621
vt -0.014044 -0.034766
vt -0.014116 -0.033343
vt -0.012965 -0.033109
vt -0.016611 -0.031153
vt -0.017743 -0.030837
vt -0.017445 -0.029492
vt -0.016301 -0.029763
vt 0.003090 -0.035128
vt 0.001965 -0.034788
vt 0.002235 -0.033375
vt 0.003341 -0.033774
vt 0.019644 -0.031885
vt 0.018474 -0.031996
vt 0.018317 -0.030481
vt 0.019492 -0.030455
vt 0.017885 -0.002528
vt 0.018531 -0.003510
vt 0.017798 -0.004428
vt 0.016697 -0.004014
vt 0.016751 -0.002839
s 1
usemtl mat19
f 1215/4019/805 1214/4020/805 1213/4021/805 1212/4022/805
f 1219/4023/806 1218/4024/806 1217/4025/806 1216/4026/806
f 1213/4027/807 1219/4028/807 1216/4029/807 1212/4030/807
f 1221/4031/808 1220/4032/808 1214/4033/808 1215/4034/808
f 1216/4035/809 1217/4036/809 1215/4037/809 1212/4038/809
f 1214/4039/810 1218/4040/810 1219/4041/810 1213/4042/810
f 1220/4032/808 1222/4043/808 1218/4044/808 1214/4033/808
f 1222/4043/808 1223/4045/808 1217/4046/808 1218/4044/808
f 1223/4045/808 1221/4031/808 1215/4034/808 1217/4046/808
f 1225/4047/806 1224/4048/806 1220/4049/806 1221/4050/806
f 1224/4051/809 1226/4052/809 1222/4053/809 1220/4054/809
f 1226/4055/805 1227/4056/805 1223/4057/805 1222/4058/805
f 1227/4059/810 1225/4060/810 1221/4061/810 1223/4062/810
usemtl mat5
f 1227/4045/808 1226/4043/808 1224/4032/808 1225/4031/808
usemtl mat17
f 1231/4063/811 1230/4064/811 1229/4065/811 1228/4066/811
f 1230/4067/812 1233/4068/812 1232/4069/812 1229/4070/812
f 1233/4071/813 1235/4072/813 1234/4073/813 1232/4074/813
f 1235/4075/814 1237/4076/814 1236/4077/814 1234/4078/814
f 1237/4079/815 1231/4080/815 1228/4081/815 1236/4082/815
f 1228/4083/816 1229/4084/816 1232/4085/816 1234/4086/816 1236/4087/816
f 1237/4088/817 1235/4089/817 1233/4090/817 1230/4091/817 1231/4092/817
f 1241/4093/818 1240/4094/818 1239/4095/818 1238/4096/818
f 1240/4097/819 1243/4098/819 1242/4099/819 1239/4100/819
f 1243/4101/820 1245/4102/820 1244/4103/820 1242/4104/820
f 1245/4105/821 1247/4106/821 1246/4107/821 1244/4108/821
f 1247/4109/822 1241/4110/822 1238/4111/822 1246/4112/822
f 1238/4113/823 1239/4114/823 1242/4115/823 1244/4116/823 1246/4117/823
f 1247/4118/824 1245/4119/824 1243/4120/824 1240/4121/824 1241/4122/824
f 1249/4123/825 1248/4124/825 1240/4125/825 1241/4126/825
f 1248/4127/826 1250/4128/826 1243/4129/826 1240/4130/826
f 1250/4131/827 1251/4132/827 1245/4133/827 1243/4134/827
f 1251/4135/828 1252/4136/828 1247/4137/828 1245/4138/828
f 1252/4139/829 1249/4140/829 1241/4141/829 1247/4142/829
f 1252/4143/830 1251/4144/830 1250/4145/830 1248/4146/830 1249/4147/830
o group2106700541
v 0.020000 0.479999 -2.210000
v 0.020000 0.479999 -2.090000
v 0.025000 0.514999 -2.085000
v 0.025000 0.514999 -2.215000
v -0.240000 0.479999 -2.210000
v -0.245000 0.514999 -2.215000
v -0.245000 0.514999 -2.085000
v -0.240000 0.479999 -2.090000
v 0.030000 0.549999 -2.220000
v 0.030000 0.549999 -2.080000
v 0.038600 0.579999 -2.070700
v 0.038600 0.579999 -2.229300
v -0.250000 0.549999 -2.080000
v -0.258600 0.579999 -2.070700
v -0.250000 0.549999 -2.220000
v -0.258600 0.579999 -2.229300
v 0.020366 0.579999 -2.085767
v 0.020366 0.579999 -2.214233
v -0.240366 0.579999 -2.085767
v -0.240366 0.579999 -2.214233
v 0.010366 0.549999 -2.095767
v 0.010366 0.549999 -2.204233
v -0.230366 0.549999 -2.095767
v -0.230366 0.549999 -2.204233
v 0.010366 0.539999 -2.095767
v 0.010366 0.539999 -2.204233
v -0.230366 0.539999 -2.095767
v -0.230366 0.539999 -2.204233
v -0.059022 0.604071 -2.108469
v -0.057349 0.603883 -2.125707
v -0.051082 0.536434 -2.133334
v -0.053485 0.534506 -2.107536
v -0.073083 0.602976 -2.118523
v -0.074676 0.534930 -2.122562
v -0.079622 0.666753 -2.120576
v -0.156839 0.596573 -2.114874
v -0.173708 0.594343 -2.134508
v -0.168765 0.539975 -2.151660
v -0.145660 0.536035 -2.126152
v -0.180960 0.588034 -2.110370
v -0.179207 0.540279 -2.118631
v -0.178721 0.643108 -2.127371
v -0.186347 0.646685 -2.102794
v -0.161665 0.640426 -2.107957
v -0.161274 0.703322 -2.120877
v -0.015494 0.589514 -2.096928
v -0.007965 0.592566 -2.121606
v 0.006825 0.534045 -2.132686
v -0.003521 0.531805 -2.099702
v -0.032279 0.585126 -2.116268
v -0.026950 0.532186 -2.125216
v -0.031593 0.630854 -2.129772
v -0.039450 0.627741 -2.127884
v -0.035058 0.632289 -2.121966
v -0.087932 0.633546 -2.134656
v -0.092218 0.633392 -2.142180
v -0.097052 0.534656 -2.158556
v -0.080009 0.532081 -2.128507
v -0.096561 0.634277 -2.134740
v -0.114641 0.531376 -2.128894
v -0.035166 0.586923 -2.155763
v -0.013386 0.597869 -2.191552
v 0.003723 0.531214 -2.190115
v -0.019327 0.525480 -2.153909
v -0.053136 0.580989 -2.194710
v -0.039433 0.528314 -2.192155
v -0.027051 0.672776 -2.180148
v -0.035656 0.673656 -2.180566
v -0.031755 0.672849 -2.172877
v -0.218853 0.613543 -2.171756
v -0.197722 0.614171 -2.186859
v -0.164257 0.536958 -2.170838
v -0.199528 0.537231 -2.145721
v -0.221144 0.610374 -2.197441
v -0.203619 0.538602 -2.188807
v -0.195626 0.683779 -2.179492
v -0.065273 0.593488 -2.163276
v -0.070550 0.593794 -2.165548
v -0.081897 0.529547 -2.178769
v -0.060935 0.526214 -2.169874
v -0.069874 0.593792 -2.159834
v -0.079503 0.525035 -2.156330
v -0.151524 0.565870 -2.176478
v -0.130291 0.571255 -2.153875
v -0.133699 0.521638 -2.148398
v -0.155051 0.520133 -2.171477
v -0.120819 0.562735 -2.182658
v -0.124546 0.523527 -2.178455
v -0.136625 0.626673 -2.158460
v -0.134805 0.628101 -2.164315
v -0.140911 0.627261 -2.163033
v -0.103175 0.586312 -2.169372
v -0.094708 0.586924 -2.184181
v -0.076006 0.533964 -2.187823
v -0.090070 0.533810 -2.163093
v -0.111765 0.586278 -2.184122
v -0.104148 0.538118 -2.187437
v -0.087644 0.633316 -2.176133
v -0.118819 0.577391 -2.118822
v -0.134962 0.575056 -2.127415
v -0.137288 0.535077 -2.134133
v -0.115694 0.533246 -2.122532
v -0.133926 0.573263 -2.109095
v -0.135995 0.538922 -2.109888
v -0.135312 0.610199 -2.126678
v -0.134172 0.615400 -2.109028
v -0.119221 0.609058 -2.117753
v -0.124062 0.651508 -2.136152
v -0.123645 0.653439 -2.130333
v -0.118583 0.651747 -2.133379
v -0.209742 0.587075 -2.104843
v -0.199290 0.585796 -2.114859
v -0.195258 0.528746 -2.114238
v -0.210970 0.528809 -2.099127
v -0.213250 0.585903 -2.118897
v -0.216201 0.528786 -2.120289
v -0.210154 0.638992 -2.127044
v -0.217129 0.638296 -2.128958
v -0.215380 0.639674 -2.122042
v -0.181988 0.605722 -2.178748
v -0.159365 0.604878 -2.171215
v -0.155045 0.530532 -2.145853
v -0.192709 0.533148 -2.158342
v -0.164199 0.604121 -2.194568
v -0.162844 0.536588 -2.184374
v -0.160040 0.667290 -2.155903
v -0.161548 0.669744 -2.163316
v -0.167555 0.668262 -2.158319
v -0.024646 0.576826 -2.160801
v -0.031305 0.584626 -2.131042
v -0.045033 0.536566 -2.128769
v -0.037468 0.532533 -2.159055
v -0.003555 0.571524 -2.138046
v -0.014851 0.533571 -2.137188
v -0.022667 0.638959 -2.141323
v -0.016612 0.639421 -2.142980
v -0.021067 0.639037 -2.147411
v -0.063610 0.569002 -2.140517
v -0.045467 0.565689 -2.152438
v -0.036959 0.518218 -2.148746
v -0.061321 0.516752 -2.132570
v -0.065254 0.563039 -2.161588
v -0.063124 0.522104 -2.161300
v -0.046173 0.607460 -2.155275
v -0.065343 0.613157 -2.164347
v -0.064622 0.606625 -2.143393
v -0.044552 0.657907 -2.141090
v -0.107735 0.583800 -2.132796
v -0.120664 0.592836 -2.169647
v -0.124877 0.529423 -2.174221
v -0.111192 0.525273 -2.136774
v -0.147048 0.586507 -2.140141
v -0.149234 0.536201 -2.143115
v -0.103684 0.661565 -2.159490
v -0.174240 0.671512 -2.143493
v -0.175203 0.670493 -2.154817
v -0.182821 0.539231 -2.166757
v -0.179419 0.539128 -2.121241
v -0.184390 0.672942 -2.148508
v -0.220527 0.540098 -2.141051
v -0.052864 0.587861 -2.149750
v -0.052175 0.592117 -2.112307
v -0.064293 0.533462 -2.113680
v -0.064333 0.533836 -2.151367
v -0.021301 0.580475 -2.130521
v -0.031678 0.534242 -2.132552
v -0.048749 0.658831 -2.117645
v -0.042264 0.660242 -2.121219
v -0.048722 0.659967 -2.125097
v -0.058439 0.620773 -2.186698
v -0.065426 0.624403 -2.217804
v -0.064130 0.529970 -2.204947
v -0.088890 0.618869 -2.196630
v -0.085451 0.530356 -2.180972
v -0.054025 0.530657 -2.174501
v -0.058339 0.680934 -2.214813
v -0.062801 0.683012 -2.210695
v -0.056819 0.681901 -2.208654
v -0.020507 0.583490 -2.170933
v 0.007399 0.585000 -2.148881
v -0.008143 0.531672 -2.138078
v -0.035261 0.534431 -2.160976
v 0.011307 0.571640 -2.181646
v -0.002122 0.529764 -2.173112
v 0.013119 0.648924 -2.163369
v -0.102729 0.589978 -2.098836
v -0.082346 0.588613 -2.098981
v -0.074207 0.522095 -2.105817
v -0.108098 0.525306 -2.105132
v -0.092257 0.595243 -2.115569
v -0.090233 0.538802 -2.130786
v -0.077452 0.632769 -2.066510
v -0.080509 0.636999 -2.070883
v -0.084184 0.633740 -2.066166
v -0.170033 0.578028 -2.105237
v -0.149396 0.578055 -2.103229
v -0.135890 0.511280 -2.108966
v -0.170314 0.512188 -2.111861
v -0.158086 0.584125 -2.121049
v -0.150549 0.527155 -2.135936
v -0.150938 0.623018 -2.070140
v -0.153848 0.627102 -2.074896
v -0.157820 0.623536 -2.070506
v -0.119006 0.576322 -2.195098
v -0.147995 0.582829 -2.202023
v -0.153090 0.523495 -2.195460
v -0.122301 0.521454 -2.189453
v -0.143211 0.578353 -2.181688
v -0.144556 0.531523 -2.174299
v -0.136905 0.647891 -2.216209
vn 0.9899 -0.1414 -0.0000
vn -0.9899 -0.1414 -0.0000
vn -0.0000 -1.0000 -0.0000
vn 0.9613 -0.2756 -0.0000
vn -0.0000 -0.1414 -0.9899
vn -0.0000 -0.1414 0.9899
vn -0.0000 -0.2961 0.9552
vn -0.9613 -0.2756 -0.0000
vn -0.0000 -0.2961 -0.9552
vn -0.0000 1.0000 -0.0000
vn -0.9487 0.3162 -0.0000
vn -0.0000 0.3162 -0.9487
vn 0.9487 0.3162 -0.0000
vn -0.0000 0.3162 0.9487
vn -1.0000 -0.0000 -0.0000
vn -0.0000 -0.0000 -1.0000
vn 1.0000 -0.0000 -0.0000
vn -0.0000 -0.0000 1.0000
vn 0.9920 0.0807 0.0972
vn -0.4177 0.0636 -0.9063
vn -0.5789 -0.0350 0.8146
vn -0.0654 0.9977 -0.0172
vn 0.0308 -0.9970 -0.0716
vn -0.4109 -0.0714 -0.9089
vn 0.9412 0.3263 0.0878
vn -0.5796 -0.0332 0.8142
vn 0.7279 0.2592 -0.6348
vn -0.9556 0.0107 -0.2946
vn 0.2125 -0.1489 0.9658
vn -0.3040 0.9401 0.1544
vn -0.1327 -0.9906 -0.0328
vn -0.9543 -0.0521 -0.2944
vn 0.7440 0.1768 -0.6443
vn 0.1982 -0.1178 0.9730
vn 0.2316 0.9703 -0.0694
vn -0.8995 0.2954 -0.3221
vn 0.7340 -0.1410 -0.6643
vn 0.2477 0.1935 0.9493
vn 0.9350 0.1788 0.3063
vn -0.2334 0.1310 -0.9635
vn -0.7237 -0.1836 0.6652
vn -0.2862 0.9577 0.0311
vn 0.0429 -0.9976 -0.0543
vn -0.1223 -0.2794 -0.9524
vn 0.7884 0.5404 0.2937
vn -0.7714 0.0313 0.6356
vn -0.4159 0.8436 -0.3397
vn 0.8701 0.0385 -0.4914
vn -0.8577 0.1235 -0.4991
vn -0.0108 0.0591 0.9982
vn 0.0849 0.9940 -0.0687
vn 0.0213 -0.9950 -0.0974
vn 0.8041 0.2210 0.5519
vn 0.0664 -0.0162 -0.9977
vn -0.8736 -0.2092 0.4393
vn -0.3933 0.9185 0.0415
vn 0.0719 -0.9912 -0.1112
vn 0.0234 0.1502 -0.9884
vn 0.8412 0.0727 0.5358
vn -0.9043 0.1126 0.4117
vn 0.0990 0.9936 0.0541
vn 0.5332 0.3891 0.7512
vn 0.4142 -0.0089 -0.9101
vn -0.9710 -0.2192 0.0958
vn -0.1095 0.9876 -0.1121
vn -0.0285 -0.9992 -0.0291
vn 0.3988 0.0846 -0.9131
vn 0.5804 -0.1030 0.8078
vn -0.9470 0.3181 0.0452
vn 0.4025 0.1154 -0.9081
vn -0.9808 0.1452 0.1302
vn 0.5918 -0.0413 0.8050
vn 0.0608 0.9981 -0.0069
vn -0.0756 -0.9791 -0.1888
vn -0.7350 0.1267 0.6661
vn 0.9511 -0.0431 0.3059
vn -0.2090 -0.0877 -0.9740
vn 0.0438 0.9618 -0.2703
vn 0.1035 -0.9941 -0.0310
vn 0.9504 0.1276 0.2837
vn -0.7265 -0.0255 0.6867
vn -0.1790 0.2348 -0.9554
vn -0.0900 0.9737 0.2095
vn 0.8358 0.2641 0.4814
vn -0.0046 0.0674 -0.9977
vn -0.8611 -0.1631 0.4815
vn -0.0378 0.9991 0.0197
vn -0.1466 -0.9851 -0.0895
vn -0.0099 0.1724 -0.9850
vn 0.8520 -0.2127 0.4783
vn -0.8139 0.3370 0.4732
vn 0.4676 0.1131 -0.8767
vn -0.9972 0.0537 0.0520
vn 0.5324 -0.0413 0.8455
vn -0.1977 0.9745 0.1065
vn -0.1701 -0.9718 0.1632
vn -0.9981 -0.0083 0.0612
vn 0.4765 0.0291 -0.8787
vn 0.5227 -0.0085 0.8525
vn 0.2261 0.9303 -0.2887
vn -0.9657 0.2593 -0.0147
vn 0.4425 -0.3137 -0.8401
vn 0.5673 0.2764 0.7758
vn 0.1212 0.9395 -0.3205
vn 0.6931 0.0563 0.7187
vn 0.2777 0.0091 -0.9606
vn -0.9700 0.0441 0.2392
vn 0.0341 0.9952 -0.0915
vn -0.0024 -1.0000 0.0017
vn 0.2741 -0.1615 -0.9481
vn 0.6803 0.2927 0.6719
vn -0.9690 -0.0240 0.2458
vn -0.0476 0.9818 -0.1836
vn -0.2857 0.2963 0.9114
vn 0.9795 -0.0112 -0.2010
vn -0.6525 -0.1198 -0.7482
vn 0.0515 0.9977 -0.0430
vn -0.0184 -0.9883 -0.1517
vn 0.9784 0.0571 -0.1985
vn -0.3176 -0.2283 0.9203
vn -0.6121 0.3646 -0.7017
vn 0.0233 0.9505 0.3099
vn -0.9284 0.2551 -0.2702
vn 0.2475 -0.0368 0.9682
vn 0.6857 -0.2230 -0.6929
vn 0.3907 0.9081 -0.1506
vn -0.0661 -0.9911 0.1155
vn 0.2910 0.1285 0.9481
vn -0.9635 0.1075 -0.2451
vn 0.7340 0.0972 -0.6722
vn -0.0782 0.9969 -0.0077
vn 0.5494 0.1553 0.8210
vn 0.4273 0.0107 -0.9041
vn -0.9967 -0.0411 0.0695
vn -0.0031 0.9623 -0.2721
vn -0.0599 -0.9820 -0.1792
vn 0.4198 -0.0516 -0.9061
vn 0.5473 0.0718 0.8339
vn -0.9984 -0.0089 0.0561
vn 0.1439 0.9461 0.2900
vn 0.4706 0.2248 -0.8532
vn 0.5328 -0.2449 0.8100
vn -0.9239 0.3552 0.1425
vn 0.9389 -0.0350 -0.3425
vn -0.7637 0.0854 -0.6399
vn -0.1831 -0.0532 0.9817
vn 0.0240 0.9729 0.2301
vn -0.2752 -0.9614 -0.0060
vn -0.7454 0.2740 -0.6077
vn 0.9155 -0.1725 -0.3635
vn -0.1516 0.3280 0.9324
vn 0.9958 -0.0513 -0.0756
vn -0.5555 0.1060 -0.8247
vn -0.4236 0.1657 0.8906
vn 0.1889 0.9765 -0.1039
vn -0.0233 -0.9997 -0.0005
vn -0.9788 0.2049 -0.0011
vn 0.4831 -0.1317 0.8656
vn 0.5018 -0.0780 -0.8614
vn 0.2913 0.9499 -0.1133
vn 0.0182 -0.9998 -0.0099
vn 0.5112 0.0380 0.8586
vn -0.9985 0.0529 0.0110
vn 0.5366 0.2403 -0.8089
vn -0.1312 0.9801 0.1489
vn 0.9751 -0.0167 -0.2210
vn -0.6408 -0.1578 -0.7513
vn -0.3151 0.1534 0.9366
vn -0.1069 0.9845 0.1389
vn 0.0053 -0.9998 0.0208
vn -0.6746 0.1186 -0.7286
vn 0.9675 -0.1084 -0.2286
vn -0.3017 0.3245 0.8965
vn 0.2472 0.9460 -0.2096
vn 0.9491 0.0038 -0.3151
vn -0.2013 0.1217 0.9719
vn -0.7443 -0.1001 -0.6603
vn -0.5939 0.3250 0.7360
vn 0.9486 -0.2491 0.1950
vn -0.3491 -0.0816 -0.9335
vn 0.2234 0.9116 -0.3451
vn -0.1279 -0.9913 0.0320
vn 0.9884 -0.0565 0.1409
vn -0.6114 0.2266 0.7582
vn -0.2330 0.2290 -0.9451
vn 0.0068 -0.0995 0.9950
vn 0.8748 0.1547 -0.4591
vn -0.8486 0.1152 -0.5163
vn 0.0653 0.9394 0.3365
vn -0.0912 -0.8537 -0.5127
vn 0.8765 0.2165 -0.4301
vn -0.0361 -0.5887 0.8075
vn -0.7821 0.5470 -0.2985
vn 0.1420 0.7592 0.6351
vn -0.0898 -0.1013 0.9908
vn 0.9052 0.2150 -0.3665
vn -0.7962 0.0584 -0.6022
vn -0.0340 0.9409 0.3371
vn 0.0208 -0.8566 -0.5155
vn 0.8996 0.2768 -0.3378
vn -0.0798 -0.5919 0.8021
vn -0.7823 0.4932 -0.3805
vn 0.0231 0.7655 0.6430
vn 0.1938 -0.1183 -0.9739
vn -0.9347 0.0814 0.3460
vn 0.4876 0.0603 0.8710
vn 0.1765 0.9692 0.1718
vn -0.1380 -0.9063 0.3995
vn 0.1748 -0.2381 -0.9554
vn 0.5927 0.1089 0.7980
vn -0.9381 0.2185 0.2688
vn 0.4755 0.3562 0.8044
vn -0.9618 0.1103 0.2506
vt -0.219545 0.065475
vt -0.208208 0.059113
vt -0.210374 0.056275
vt -0.220839 0.062148
vt 0.203219 0.095727
vt 0.200354 0.097859
vt 0.209500 0.107098
vt 0.211661 0.104255
vt -0.166755 0.160433
vt -0.175500 0.135947
vt -0.186801 0.139983
vt -0.178056 0.164469
vt -0.215799 0.069777
vt -0.201458 0.063004
vt -0.203632 0.060579
vt -0.216291 0.066558
vt 0.064453 0.043440
vt 0.061110 0.044694
vt 0.074039 0.068397
vt 0.076904 0.066265
vt -0.124340 0.049244
vt -0.113374 0.024571
vt -0.116807 0.023592
vt -0.127367 0.047351
vt -0.143707 0.049905
vt -0.133349 0.022048
vt -0.136593 0.021759
vt -0.146351 0.048004
vt 0.168502 0.144330
vt 0.176400 0.158084
vt 0.178643 0.155724
vt 0.171672 0.143583
vt 0.024153 0.063639
vt 0.039128 0.089310
vt 0.041408 0.086985
vt 0.027300 0.062799
vt 0.178443 0.164645
vt 0.166345 0.160324
vt 0.164312 0.161535
vt 0.179248 0.166869
vt 0.166344 0.160325
vt 0.175114 0.135770
vt 0.174308 0.133547
vt 0.187212 0.140091
vt 0.189244 0.138881
vt 0.174308 0.133546
vt 0.214281 0.065932
vt 0.204397 0.061466
vt 0.202183 0.063937
vt 0.213891 0.069226
vt 0.149310 0.046028
vt 0.141127 0.023388
vt 0.137813 0.023523
vt 0.146675 0.048044
vt -0.158797 0.161082
vt -0.163188 0.171000
vt -0.160701 0.173194
vt -0.155501 0.161447
vt -0.024680 0.066642
vt -0.036871 0.087401
vt -0.034651 0.089864
vt -0.021447 0.067382
vt 0.217030 0.078829
vt 0.208204 0.072525
vt 0.207623 0.073338
vt 0.216449 0.079643
vt 0.097509 0.056382
vt 0.086743 0.034850
vt 0.085849 0.035297
vt 0.096614 0.056829
vt -0.208204 0.072525
vt -0.217030 0.078829
vt -0.216449 0.079643
vt -0.207623 0.073339
vt -0.086743 0.034850
vt -0.097509 0.056382
vt -0.096615 0.056829
vt -0.085849 0.035297
vt 0.185934 0.140697
vt 0.175719 0.137048
vt 0.167623 0.159719
vt 0.177837 0.163367
vt 0.061109 0.044694
vt 0.057766 0.045949
vt 0.071174 0.070529
vt -0.218251 0.068803
vt -0.206042 0.061952
vt 0.197490 0.099991
vt 0.207339 0.109941
vt -0.124339 0.049244
vt -0.121311 0.051137
vt -0.109939 0.025550
vt -0.113373 0.024571
vt -0.199543 0.115304
vt -0.201165 0.117333
vt -0.195649 0.121339
vt -0.194457 0.120082
vt 0.138497 0.122203
vt 0.137515 0.119797
vt 0.131352 0.122713
vt 0.132015 0.124313
vt -0.022446 -0.086012
vt -0.024066 -0.083981
vt -0.018246 -0.080129
vt -0.017277 -0.081565
vt 0.175780 0.147569
vt 0.177359 0.148279
vt 0.177185 0.146556
vt -0.165184 0.152951
vt -0.165345 0.155544
vt -0.163019 0.154387
vt 0.104149 0.134252
vt 0.110809 0.133624
vt 0.110162 0.132018
vt -0.137578 0.185793
vt -0.143492 0.182626
vt -0.144088 0.184252
vt -0.011234 -0.078118
vt -0.016677 -0.081511
vt -0.017649 -0.080078
vt 0.041247 -0.151723
vt 0.039168 -0.154493
vt 0.034786 -0.150813
vt 0.035902 -0.148467
vt 0.192030 0.140840
vt 0.189842 0.138155
vt 0.185588 0.140483
vt 0.186670 0.142844
vt -0.131024 0.071800
vt -0.132821 0.074761
vt -0.126698 0.076056
vt -0.126471 0.073468
vt 0.170000 0.117704
vt 0.172422 0.116765
vt 0.170398 0.115137
vt -0.165089 0.156666
vt -0.167756 0.158877
vt -0.164507 0.160081
vt 0.172835 0.152716
vt 0.174623 0.154601
vt 0.179077 0.152434
vt 0.178124 0.150017
vt -0.005793 -0.141861
vt -0.003943 -0.140037
vt -0.000633 -0.143034
vt -0.002109 -0.145172
vt -0.116486 0.076350
vt -0.114874 0.074314
vt -0.120524 0.072486
vt -0.120765 0.075073
vt 0.172776 0.153995
vt 0.175188 0.153030
vt 0.173146 0.151423
vt 0.195916 0.123524
vt 0.200237 0.118937
vt 0.198104 0.117454
vt -0.081064 -0.072083
vt -0.076850 -0.076928
vt -0.079171 -0.078095
vt -0.063288 0.112065
vt -0.067242 0.106966
vt -0.068908 0.108959
vt -0.165322 0.173264
vt -0.166727 0.176430
vt -0.160759 0.177857
vt -0.159833 0.175429
vt 0.137543 0.093089
vt 0.136285 0.089862
vt 0.131118 0.091415
vt 0.131472 0.093988
vt -0.022042 -0.137861
vt -0.024157 -0.135117
vt -0.019105 -0.132068
vt -0.017920 -0.134380
vt 0.176256 0.133146
vt 0.178347 0.134687
vt 0.178636 0.132105
vt -0.166621 0.155710
vt -0.166138 0.159140
vt -0.163409 0.157007
vt 0.049033 0.104907
vt 0.049119 0.105769
vt 0.053690 0.105902
vt 0.053226 0.103346
vt -0.043200 0.234058
vt -0.043074 0.233201
vt -0.048179 0.231675
vt -0.047769 0.234240
vt 0.063690 -0.099179
vt 0.064044 -0.099967
vt 0.060530 -0.102737
vt 0.058659 -0.100935
vt 0.205040 0.120631
vt 0.205765 0.121105
vt 0.205813 0.120241
vt -0.109654 -0.118041
vt -0.112963 -0.119066
vt -0.115034 -0.109263
vt -0.114234 -0.108931
vt 0.188195 0.148388
vt 0.186456 0.145392
vt 0.178848 0.152576
vt 0.179420 0.153225
vt -0.081007 0.047020
vt -0.082550 0.050121
vt -0.073172 0.054123
vt -0.072708 0.053393
vt 0.179179 0.152511
vt 0.180029 0.152345
vt 0.179459 0.151692
vt -0.163236 0.151227
vt -0.165353 0.153969
vt -0.161920 0.154431
vt -0.134486 0.194417
vt -0.135554 0.198613
vt -0.128908 0.200401
vt -0.128367 0.196105
vt 0.088733 0.042302
vt 0.086998 0.038335
vt 0.081685 0.039540
vt 0.082029 0.043855
vt 0.098543 -0.158037
vt 0.094527 -0.156417
vt 0.098060 -0.151142
vt 0.101651 -0.153562
vt 0.185135 0.122365
vt 0.187798 0.125779
vt 0.189423 0.121766
vt -0.167103 0.155465
vt -0.165342 0.159421
vt -0.162797 0.155919
vt 0.108483 0.044173
vt 0.108907 0.044927
vt 0.116384 0.043093
vt 0.116335 0.038763
vt -0.151053 0.184527
vt -0.150635 0.183768
vt -0.157451 0.178252
vt -0.158469 0.182461
vt 0.156525 -0.051958
vt 0.157388 -0.052006
vt 0.158042 -0.061519
vt 0.153882 -0.060318
vt 0.164692 0.169606
vt 0.165187 0.170317
vt 0.165555 0.169533
vt -0.064531 0.173374
vt -0.065951 0.177465
vt -0.057443 0.178464
vt -0.056662 0.175986
vt 0.038534 -0.050880
vt 0.036002 -0.054393
vt 0.028944 -0.052047
vt 0.030050 -0.049696
vt 0.208681 0.091004
vt 0.205684 0.087880
vt 0.202197 0.095402
vt 0.204257 0.096984
vt 0.197051 0.125975
vt 0.197908 0.128427
vt 0.199604 0.126459
vt -0.178606 0.147005
vt -0.175532 0.150055
vt -0.174428 0.145868
vt 0.048151 -0.050994
vt 0.053995 -0.054852
vt 0.053063 -0.057277
vt -0.140824 0.138815
vt -0.146023 0.133496
vt -0.147160 0.135832
vt 0.208257 0.060914
vt 0.212840 0.054386
vt 0.210317 0.053767
vt 0.075057 -0.050741
vt 0.073687 -0.052590
vt 0.068728 -0.048149
vt 0.069026 -0.047657
vt 0.210497 0.023916
vt 0.208512 0.022751
vt 0.206457 0.029392
vt 0.207000 0.029581
vt -0.150059 0.145485
vt -0.150987 0.147591
vt -0.144641 0.149958
vt -0.144355 0.149458
vt 0.174628 0.159312
vt 0.175023 0.158893
vt 0.174463 0.158760
vt -0.144304 0.168606
vt -0.146483 0.169347
vt -0.144752 0.170863
vt 0.071668 -0.091933
vt 0.069124 -0.090080
vt 0.072014 -0.085996
vt 0.074310 -0.088150
vt -0.196110 0.137217
vt -0.197972 0.139755
vt -0.195277 0.142657
vt -0.192689 0.140868
vt 0.095897 0.092291
vt 0.094840 0.089326
vt 0.090904 0.091734
vt 0.092554 0.094415
vt 0.206216 0.123607
vt 0.203501 0.125199
vt 0.206237 0.126754
vt -0.180675 0.141698
vt -0.178148 0.139820
vt -0.181037 0.138571
vt -0.168056 0.169043
vt -0.167854 0.168447
vt -0.172480 0.165296
vt -0.174797 0.167427
vt 0.037993 -0.112996
vt 0.038499 -0.113372
vt 0.035660 -0.119079
vt 0.033714 -0.116604
vt 0.137020 0.069628
vt 0.137192 0.070233
vt 0.144042 0.069175
vt 0.142525 0.066418
vt 0.157029 0.145261
vt 0.156435 0.145470
vt 0.156913 0.145880
vt -0.128156 0.198913
vt -0.129129 0.201586
vt -0.123550 0.202327
vt -0.123013 0.200707
vt 0.106897 0.044938
vt 0.105315 0.042574
vt 0.100626 0.043953
vt 0.101299 0.045522
vt 0.090194 -0.152654
vt 0.087520 -0.151684
vt 0.091112 -0.147589
vt 0.092610 -0.148406
vt 0.177637 0.149380
vt 0.178743 0.150680
vt 0.179315 0.149072
vt -0.159001 0.171421
vt -0.157866 0.174030
vt -0.156174 0.171743
vt 0.116492 0.043911
vt 0.120541 0.041405
vt 0.119926 0.039812
vt -0.190796 0.145633
vt -0.193722 0.141583
vt -0.194734 0.142957
vt 0.146369 -0.022012
vt 0.147075 -0.027311
vt 0.145414 -0.026916
vt 0.062035 -0.068807
vt 0.060662 -0.070846
vt 0.057424 -0.068396
vt 0.058130 -0.066693
vt 0.212614 0.051255
vt 0.210302 0.050422
vt 0.208565 0.053393
vt 0.210087 0.054433
vt -0.140470 0.132296
vt -0.142032 0.134193
vt -0.137864 0.135725
vt -0.137442 0.133931
vt 0.170017 0.132951
vt 0.171379 0.131709
vt 0.169622 0.131150
vt -0.186998 0.142869
vt -0.189385 0.143453
vt -0.187685 0.145229
vt 0.206424 0.059604
vt 0.208208 0.060069
vt 0.210079 0.057093
vt 0.208599 0.055994
vt 0.032955 -0.061293
vt 0.034076 -0.059829
vt 0.036697 -0.061611
vt 0.035869 -0.063258
vt -0.129334 0.138385
vt -0.128011 0.137103
vt -0.131816 0.135292
vt -0.132225 0.137089
vt 0.197845 0.123840
vt 0.199012 0.122413
vt 0.197192 0.122116
vt 0.206168 0.071331
vt 0.206777 0.071414
vt 0.207836 0.067159
vt 0.206019 0.066848
vt -0.037141 -0.004086
vt -0.036725 -0.003634
vt -0.033073 -0.006343
vt -0.034461 -0.007557
vt -0.083054 0.174339
vt -0.082675 0.173855
vt -0.085598 0.170454
vt -0.086837 0.171818
vt 0.201610 0.117996
vt 0.201979 0.117505
vt 0.201369 0.117431
vt -0.138951 0.153346
vt -0.139916 0.155301
vt -0.134677 0.157595
vt -0.133925 0.156352
vt 0.062160 -0.022629
vt 0.061071 -0.024517
vt 0.056277 -0.021395
vt 0.057010 -0.020140
vt 0.198267 -0.019889
vt 0.196127 -0.020307
vt 0.195518 -0.014483
vt 0.196962 -0.014318
vt 0.184711 0.135159
vt 0.185358 0.136460
vt 0.186161 0.135249
vt -0.177647 0.139324
vt -0.176373 0.141093
vt -0.175478 0.139106
vt 0.017306 -0.001244
vt 0.017659 -0.000609
vt 0.022881 -0.002529
vt 0.022048 -0.003720
vt -0.088100 0.184422
vt -0.087789 0.183766
vt -0.092687 0.181129
vt -0.093302 0.182446
vt 0.197307 -0.014465
vt 0.198033 -0.014452
vt 0.198069 -0.019801
vt 0.196628 -0.019986
vt 0.196056 0.122598
vt 0.196416 0.123229
vt 0.196782 0.122601
vt 0.003279 0.009197
vt 0.000613 0.012148
vt 0.007450 0.016041
vt 0.008998 0.014225
vt -0.205976 -0.004232
vt -0.209580 -0.002553
vt -0.208678 0.004219
vt -0.206367 0.003625
vt 0.127690 0.164589
vt 0.126359 0.160842
vt 0.120601 0.165824
vt 0.121730 0.167926
vt 0.184800 0.145253
vt 0.183353 0.147151
vt 0.185720 0.147455
vt -0.160176 0.154731
vt -0.156287 0.153900
vt -0.158952 0.150948
vt -0.206010 0.011976
vt -0.205374 0.011498
vt -0.208816 0.006071
vt -0.211095 0.006776
vt -0.093993 -0.036071
vt -0.093605 -0.036766
vt -0.098798 -0.041057
vt -0.099773 -0.038879
vt 0.179458 0.125237
vt 0.179743 0.125979
vt 0.186706 0.123878
vt 0.185326 0.121932
vt 0.136449 0.156249
vt 0.135881 0.156806
vt 0.136647 0.157020
vt 0.211348 0.114536
vt 0.208734 0.112783
vt 0.205892 0.116901
vt 0.208703 0.118317
vt -0.121626 0.096436
vt -0.123230 0.099144
vt -0.120264 0.101768
vt -0.117863 0.099733
vt -0.065622 -0.058000
vt -0.068193 -0.059816
vt -0.070027 -0.055582
vt -0.067135 -0.054339
vt 0.176845 0.166282
vt 0.174244 0.164509
vt 0.174009 0.167648
vt -0.184020 0.154923
vt -0.184080 0.151776
vt -0.186776 0.153401
vt -0.090251 0.124096
vt -0.090022 0.123510
vt -0.094494 0.120146
vt -0.096908 0.122166
vt 0.197832 0.130076
vt 0.198271 0.130527
vt 0.203554 0.126961
vt 0.200844 0.125359
vt -0.016900 -0.121149
vt -0.016487 -0.120676
vt -0.010740 -0.124550
vt -0.013287 -0.126399
vt 0.177558 0.152100
vt 0.177034 0.151752
vt 0.176994 0.152380
vt -0.116966 0.158186
vt -0.118014 0.160920
vt -0.113410 0.162400
vt -0.112232 0.160546
vt 0.049258 -0.046506
vt 0.047343 -0.048721
vt 0.043806 -0.046651
vt 0.044778 -0.044682
vt 0.215342 0.054799
vt 0.213187 0.052818
vt 0.211096 0.057677
vt 0.213203 0.058295
vt 0.201736 0.130297
vt 0.202579 0.132324
vt 0.203914 0.130580
vt -0.146743 0.168263
vt -0.144472 0.170112
vt -0.144007 0.167221
vt 0.026933 -0.035516
vt 0.028625 -0.034117
vt 0.032142 -0.036389
vt 0.031096 -0.038320
vt -0.122877 0.155949
vt -0.122024 0.153925
vt -0.125414 0.152265
vt -0.126631 0.154094
vt 0.209433 0.062298
vt 0.210880 0.063949
vt 0.213261 0.059531
vt 0.211148 0.058936
vt 0.121693 0.178916
vt 0.121861 0.181106
vt 0.123673 0.179866
vt 0.081796 -0.065160
vt 0.086206 -0.067996
vt 0.084820 -0.069700
vt -0.161755 0.132440
vt -0.165704 0.128595
vt -0.166654 0.130574
vt 0.195554 0.042534
vt 0.199212 0.038487
vt 0.197350 0.037323
vt -0.173753 -0.060493
vt -0.177745 -0.060132
vt -0.177256 -0.053779
vt -0.173340 -0.054631
vt 0.172128 0.153520
vt 0.169521 0.150476
vt 0.165141 0.152975
vt 0.166610 0.156704
vt -0.083105 -0.000944
vt -0.085839 0.001986
vt -0.080812 0.005030
vt -0.078746 0.001595
vt 0.141906 0.159847
vt 0.145891 0.160281
vt 0.144275 0.156613
vt -0.160778 0.171307
vt -0.162610 0.174872
vt -0.158607 0.174676
vt 0.182123 0.142732
vt 0.187829 0.138420
vt 0.186113 0.134797
vt -0.170609 -0.031379
vt -0.167848 -0.039134
vt -0.171795 -0.038432
vt -0.003521 0.054140
vt -0.007811 0.046364
vt -0.010316 0.049493
vt -0.211252 0.043009
vt -0.215317 0.045086
vt -0.208251 0.056238
vt -0.207192 0.055815
vt 0.151866 0.129239
vt 0.149713 0.125215
vt 0.139366 0.134327
vt 0.140090 0.135209
vt -0.000042 -0.037279
vt -0.003020 -0.033821
vt 0.007651 -0.025660
vt 0.008482 -0.026442
vt 0.182725 0.146277
vt 0.183832 0.146553
vt 0.183518 0.145456
vt -0.178570 0.141559
vt -0.179704 0.145980
vt -0.175308 0.144752
vt 0.213038 0.060882
vt 0.209705 0.059122
vt 0.206837 0.064382
vt 0.210362 0.065716
vt -0.152371 0.124924
vt -0.153981 0.128331
vt -0.150152 0.131129
vt -0.147517 0.128435
vt 0.014771 -0.051898
vt 0.012412 -0.054837
vt 0.008903 -0.050569
vt 0.011821 -0.048184
vt 0.176242 0.164214
vt 0.172682 0.162976
vt 0.173390 0.166678
vt -0.172060 0.155934
vt -0.171385 0.152226
vt -0.174934 0.153496
vt -0.119723 0.148952
vt -0.119533 0.148223
vt -0.125329 0.144859
vt -0.127912 0.147604
vt 0.204344 0.074611
vt 0.204914 0.075104
vt 0.210841 0.070295
vt 0.207441 0.068669
vt 0.076147 -0.082993
vt 0.076434 -0.082297
vt 0.084440 -0.084487
vt 0.082260 -0.087561
vt 0.160427 0.148275
vt 0.159730 0.147988
vt 0.159829 0.148735
vt -0.206646 -0.011737
vt -0.205635 -0.002259
vt -0.202626 -0.003373
vt 0.123665 0.171929
vt 0.115755 0.176213
vt 0.116508 0.179332
vt -0.026959 -0.007113
vt -0.020891 0.000137
vt -0.019188 -0.002582
vt 0.166204 0.151384
vt 0.169369 0.151912
vt 0.168243 0.148907
vt -0.181711 0.151860
vt -0.183280 0.154658
vt -0.180072 0.154618
vt 0.157198 0.158637
vt 0.157674 0.159066
vt 0.162491 0.156010
vt 0.161433 0.152981
vt -0.200100 0.005036
vt -0.199459 0.005011
vt -0.198558 -0.001423
vt -0.201620 -0.000463
vt 0.017567 0.029579
vt 0.018050 0.029158
vt 0.014109 0.023294
vt 0.012221 0.025887
vt 0.195426 0.144420
vt 0.196068 0.144443
vt 0.195767 0.143876
vt -0.184383 -0.045689
vt -0.183521 -0.054753
vt -0.186729 -0.054667
vt -0.049124 0.014283
vt -0.050792 0.017024
vt -0.042722 0.021239
vt 0.137671 0.183268
vt 0.145850 0.178374
vt 0.144428 0.175498
vt 0.062928 -0.027855
vt 0.059883 -0.026011
vt 0.062751 -0.021132
vt 0.065544 -0.023339
vt -0.211822 0.102118
vt -0.214760 0.104127
vt -0.212973 0.108234
vt -0.209540 0.107295
vt 0.113528 0.127642
vt 0.111609 0.124643
vt 0.107883 0.128298
vt 0.110384 0.130832
vt 0.206215 0.123258
vt 0.203610 0.125685
vt 0.207014 0.126728
vt -0.173383 0.169461
vt -0.170301 0.167680
vt -0.173384 0.165901
vt -0.202606 0.117728
vt -0.205749 0.111948
vt -0.209099 0.113152
vt 0.051014 -0.038109
vt 0.049229 -0.045286
vt 0.046549 -0.042942
vt 0.142958 0.094449
vt 0.150337 0.091507
vt 0.147881 0.088930
vt -0.111533 0.040643
vt -0.113248 0.043584
vt -0.106834 0.045643
vt -0.105857 0.043849
vt -0.098663 -0.142860
vt -0.102052 -0.142526
vt -0.103245 -0.136799
vt -0.101209 -0.136623
vt 0.184274 0.148820
vt 0.183611 0.145480
vt 0.178115 0.148987
vt 0.178810 0.150908
vt 0.118368 0.163443
vt 0.117400 0.165242
vt 0.119442 0.165181
vt -0.082502 0.161683
vt -0.079099 0.161572
vt -0.080896 0.158680
vt -0.099759 -0.142447
vt -0.099100 -0.142617
vt -0.100045 -0.148038
vt -0.102079 -0.148226
vt -0.177944 0.046553
vt -0.177716 0.045911
vt -0.182712 0.043031
vt -0.183225 0.045008
vt 0.201508 0.108494
vt 0.201723 0.109140
vt 0.207761 0.107617
vt 0.206657 0.105898
vt 0.050776 0.158496
vt 0.050389 0.159056
vt 0.051068 0.159111
vt -0.102408 0.014249
vt -0.103959 0.017337
vt -0.097332 0.019019
vt -0.096455 0.017140
vt -0.148976 -0.123114
vt -0.152256 -0.122024
vt -0.152154 -0.116089
vt -0.150099 -0.116370
vt 0.170275 0.153176
vt 0.169960 0.149734
vt 0.164041 0.152692
vt 0.164539 0.154704
vt 0.129438 0.144699
vt 0.128347 0.146462
vt 0.130419 0.146525
vt -0.096190 0.139393
vt -0.092743 0.139141
vt -0.094685 0.136282
vt -0.159750 -0.106752
vt -0.159166 -0.107121
vt -0.161768 -0.112063
vt -0.163792 -0.111611
vt -0.177166 0.032635
vt -0.177011 0.031962
vt -0.182383 0.029637
vt -0.182671 0.031690
vt 0.200601 0.110672
vt 0.200745 0.111347
vt 0.207008 0.110497
vt 0.206090 0.108639
vt 0.066111 0.134173
vt 0.065706 0.134732
vt 0.066393 0.134804
vt 0.049499 0.011926
vt 0.047683 0.009361
vt 0.042786 0.012812
vt 0.044909 0.015003
vt 0.179669 -0.055029
vt 0.177406 -0.054176
vt 0.178151 -0.049492
vt -0.124800 0.138650
vt -0.120057 0.141484
vt -0.118703 0.139062
vt 0.145106 0.177612
vt 0.147103 0.175307
vt 0.145019 0.174839
vt -0.213976 0.103716
vt -0.216333 0.103171
vt -0.215445 0.106187
vt 0.015911 0.034792
vt 0.023231 0.032490
vt 0.021024 0.030384
vt -0.120430 0.158773
vt -0.124488 0.156319
vt -0.126526 0.158346
vt 0.193709 -0.008362
vt 0.191675 -0.009015
vt 0.194137 -0.001625
vt -0.058647 0.172488
vt -0.064790 0.167699
vt -0.065974 0.170208
vt 0.197541 -0.013683
vt 0.199537 -0.012923
vt 0.199936 -0.018901
s 1
usemtl mat21
f 1256/4148/831 1255/4149/831 1254/4150/831 1253/4151/831
f 1260/4152/832 1259/4153/832 1258/4154/832 1257/4155/832
f 1254/4156/833 1260/4157/833 1257/4158/833 1253/4159/833
f 1264/4160/834 1263/4161/834 1262/4162/834 1261/4163/834
f 1257/4164/835 1258/4165/835 1256/4166/835 1253/4167/835
f 1255/4168/836 1259/4169/836 1260/4170/836 1254/4171/836
f 1263/4172/837 1266/4173/837 1265/4174/837 1262/4175/837
f 1266/4176/838 1268/4177/838 1267/4178/838 1265/4179/838
f 1268/4180/839 1264/4181/839 1261/4182/839 1267/4183/839
f 1270/4184/840 1269/4185/840 1263/4186/840 1264/4187/840
f 1269/4188/840 1271/4189/840 1266/4190/840 1263/4186/840
f 1271/4189/840 1272/4191/840 1268/4192/840 1266/4193/840
f 1272/4191/840 1270/4184/840 1264/4187/840 1268/4192/840
usemtl mat15
f 1274/4194/841 1273/4195/841 1269/4196/841 1270/4197/841
f 1273/4198/842 1275/4199/842 1271/4200/842 1269/4201/842
f 1275/4202/843 1276/4203/843 1272/4204/843 1271/4205/843
f 1276/4206/844 1274/4207/844 1270/4208/844 1272/4209/844
f 1278/4210/845 1277/4211/845 1273/4212/845 1274/4213/845
f 1277/4214/846 1279/4215/846 1275/4216/846 1273/4217/846
f 1279/4218/847 1280/4219/847 1276/4220/847 1275/4221/847
f 1280/4222/848 1278/4223/848 1274/4224/848 1276/4225/848
usemtl mat20
f 1280/4226/840 1279/4227/840 1277/4228/840 1278/4229/840
usemtl mat13
f 1258/4230/835 1267/4231/835 1261/4232/835 1256/4166/835
f 1256/4148/831 1261/4233/831 1262/4234/831 1255/4149/831
usemtl mat8
f 1259/4153/832 1265/4235/832 1267/4236/832 1258/4154/832
f 1255/4237/836 1262/4238/836 1265/4239/836 1259/4240/836
usemtl mat9
f 1284/4241/849 1283/4242/849 1282/4243/849 1281/4244/849
f 1283/4245/850 1286/4246/850 1285/4247/850 1282/4248/850
f 1286/4249/851 1284/4250/851 1281/4251/851 1285/4252/851
f 1281/4253/852 1282/4254/852 1285/4255/852
f 1286/4256/853 1283/4257/853 1284/4258/853
f 1287/4259/854 1282/4260/854 1285/4261/854
f 1287/4262/855 1281/4263/855 1282/4264/855
f 1287/4265/856 1285/4266/856 1281/4267/856
f 1291/4268/857 1290/4269/857 1289/4270/857 1288/4271/857
f 1290/4272/858 1293/4273/858 1292/4274/858 1289/4275/858
f 1293/4276/859 1291/4277/859 1288/4278/859 1292/4279/859
f 1288/4280/860 1289/4281/860 1292/4282/860
f 1293/4283/861 1290/4284/861 1291/4285/861
f 1295/4286/862 1294/4287/862 1289/4288/862 1292/4289/862
f 1294/4290/863 1296/4291/863 1288/4292/863 1289/4293/863
f 1296/4294/864 1295/4295/864 1292/4296/864 1288/4297/864
f 1296/4298/865 1294/4299/865 1295/4300/865
f 1297/4301/866 1294/4302/866 1295/4303/866
f 1297/4304/867 1296/4305/867 1294/4306/867
f 1297/4307/868 1295/4308/868 1296/4309/868
f 1301/4310/869 1300/4311/869 1299/4312/869 1298/4313/869
f 1300/4314/870 1303/4315/870 1302/4316/870 1299/4317/870
f 1303/4318/871 1301/4319/871 1298/4320/871 1302/4321/871
f 1298/4322/872 1299/4323/872 1302/4324/872
f 1303/4325/873 1300/4326/873 1301/4327/873
f 1305/4328/874 1304/4329/874 1299/4330/874 1302/4331/874
f 1304/4332/875 1306/4333/875 1298/4334/875 1299/4335/875
f 1306/4336/876 1305/4337/876 1302/4338/876 1298/4339/876
f 1306/4340/877 1304/4341/877 1305/4342/877
f 1310/4343/878 1309/4344/878 1308/4345/878 1307/4346/878
f 1309/4347/879 1312/4348/879 1311/4349/879 1308/4350/879
f 1312/4351/880 1310/4352/880 1307/4353/880 1311/4354/880
f 1307/4355/881 1308/4356/881 1311/4357/881
f 1312/4358/882 1309/4359/882 1310/4360/882
f 1316/4361/883 1315/4362/883 1314/4363/883 1313/4364/883
f 1315/4365/884 1318/4366/884 1317/4367/884 1314/4368/884
f 1318/4369/885 1316/4370/885 1313/4371/885 1317/4372/885
f 1313/4373/886 1314/4374/886 1317/4375/886
f 1318/4376/887 1315/4377/887 1316/4378/887
f 1320/4379/888 1319/4380/888 1314/4381/888 1317/4382/888
f 1319/4383/889 1321/4384/889 1313/4385/889 1314/4386/889
f 1321/4387/890 1320/4388/890 1317/4389/890 1313/4390/890
f 1321/4391/891 1319/4392/891 1320/4393/891
f 1325/4394/892 1324/4395/892 1323/4396/892 1322/4397/892
f 1324/4398/893 1327/4399/893 1326/4400/893 1323/4401/893
f 1327/4402/894 1325/4403/894 1322/4404/894 1326/4405/894
f 1322/4406/895 1323/4407/895 1326/4408/895
f 1327/4409/896 1324/4410/896 1325/4411/896
f 1328/4412/897 1323/4413/897 1326/4414/897
f 1328/4415/898 1322/4416/898 1323/4417/898
f 1328/4418/899 1326/4419/899 1322/4420/899
f 1332/4421/900 1331/4422/900 1330/4423/900 1329/4424/900
f 1331/4425/901 1334/4426/901 1333/4427/901 1330/4428/901
f 1334/4429/902 1332/4430/902 1329/4431/902 1333/4432/902
f 1329/4433/903 1330/4434/903 1333/4435/903
f 1334/4436/904 1331/4437/904 1332/4438/904
f 1338/4439/905 1337/4440/905 1336/4441/905 1335/4442/905
f 1337/4443/906 1340/4444/906 1339/4445/906 1336/4446/906
f 1340/4447/907 1338/4448/907 1335/4449/907 1339/4450/907
f 1335/4451/908 1336/4452/908 1339/4453/908
f 1340/4454/909 1337/4455/909 1338/4456/909
f 1342/4457/910 1341/4458/910 1336/4459/910 1339/4460/910
f 1341/4461/911 1343/4462/911 1335/4463/911 1336/4464/911
f 1343/4465/912 1342/4466/912 1339/4467/912 1335/4468/912
f 1343/4469/913 1341/4470/913 1342/4471/913
f 1347/4472/914 1346/4473/914 1345/4474/914 1344/4475/914
f 1346/4476/915 1349/4477/915 1348/4478/915 1345/4479/915
f 1349/4480/916 1347/4481/916 1344/4482/916 1348/4483/916
f 1344/4484/917 1345/4485/917 1348/4486/917
f 1349/4487/918 1346/4488/918 1347/4489/918
f 1350/4490/919 1345/4491/919 1348/4492/919
f 1350/4493/920 1344/4494/920 1345/4495/920
f 1350/4496/921 1348/4497/921 1344/4498/921
f 1354/4499/922 1353/4500/922 1352/4501/922 1351/4502/922
f 1353/4503/923 1356/4504/923 1355/4505/923 1352/4506/923
f 1356/4507/924 1354/4508/924 1351/4509/924 1355/4510/924
f 1351/4511/925 1352/4512/925 1355/4513/925
f 1356/4514/926 1353/4515/926 1354/4516/926
f 1358/4517/927 1357/4518/927 1352/4519/927 1355/4520/927
f 1357/4521/928 1359/4522/928 1351/4523/928 1352/4524/928
f 1359/4525/929 1358/4526/929 1355/4527/929 1351/4528/929
f 1359/4529/930 1357/4530/930 1358/4531/930
f 1361/4532/931 1360/4533/931 1357/4534/931 1358/4535/931
f 1360/4536/932 1362/4537/932 1359/4538/932 1357/4539/932
f 1362/4540/933 1361/4541/933 1358/4542/933 1359/4543/933
f 1362/4544/934 1360/4545/934 1361/4546/934
f 1366/4547/935 1365/4548/935 1364/4549/935 1363/4550/935
f 1365/4551/936 1368/4552/936 1367/4553/936 1364/4554/936
f 1368/4555/937 1366/4556/937 1363/4557/937 1367/4558/937
f 1363/4559/938 1364/4560/938 1367/4561/938
f 1368/4562/939 1365/4563/939 1366/4564/939
f 1370/4565/940 1369/4566/940 1364/4567/940 1367/4568/940
f 1369/4569/941 1371/4570/941 1363/4571/941 1364/4572/941
f 1371/4573/942 1370/4574/942 1367/4575/942 1363/4576/942
f 1371/4577/943 1369/4578/943 1370/4579/943
f 1375/4580/944 1374/4581/944 1373/4582/944 1372/4583/944
f 1374/4584/945 1377/4585/945 1376/4586/945 1373/4587/945
f 1377/4588/946 1375/4589/946 1372/4590/946 1376/4591/946
f 1372/4592/947 1373/4593/947 1376/4594/947
f 1377/4595/948 1374/4596/948 1375/4597/948
f 1379/4598/949 1378/4599/949 1373/4600/949 1376/4601/949
f 1378/4602/950 1380/4603/950 1372/4604/950 1373/4605/950
f 1380/4606/951 1379/4607/951 1376/4608/951 1372/4609/951
f 1380/4610/952 1378/4611/952 1379/4612/952
f 1384/4613/953 1383/4614/953 1382/4615/953 1381/4616/953
f 1383/4617/954 1386/4618/954 1385/4619/954 1382/4620/954
f 1386/4621/955 1384/4622/955 1381/4623/955 1385/4624/955
f 1381/4625/956 1382/4626/956 1385/4627/956
f 1386/4628/957 1383/4629/957 1384/4630/957
f 1388/4631/958 1387/4632/958 1382/4633/958 1385/4634/958
f 1387/4635/959 1389/4636/959 1381/4637/959 1382/4638/959
f 1389/4639/960 1388/4640/960 1385/4641/960 1381/4642/960
f 1389/4643/961 1387/4644/961 1388/4645/961
f 1393/4646/962 1392/4647/962 1391/4648/962 1390/4649/962
f 1392/4650/963 1395/4651/963 1394/4652/963 1391/4653/963
f 1395/4654/964 1393/4655/964 1390/4656/964 1394/4657/964
f 1390/4658/965 1391/4659/965 1394/4660/965
f 1395/4661/966 1392/4662/966 1393/4663/966
f 1397/4664/967 1396/4665/967 1391/4666/967 1394/4667/967
f 1396/4668/968 1398/4669/968 1390/4670/968 1391/4671/968
f 1398/4672/969 1397/4673/969 1394/4674/969 1390/4675/969
f 1398/4676/970 1396/4677/970 1397/4678/970
f 1399/4679/971 1396/4680/971 1397/4681/971
f 1399/4682/972 1398/4683/972 1396/4684/972
f 1399/4685/973 1397/4686/973 1398/4687/973
f 1403/4688/974 1402/4689/974 1401/4690/974 1400/4691/974
f 1402/4692/975 1405/4693/975 1404/4694/975 1401/4695/975
f 1405/4696/976 1403/4697/976 1400/4698/976 1404/4699/976
f 1400/4700/977 1401/4701/977 1404/4702/977
f 1405/4703/978 1402/4704/978 1403/4705/978
f 1406/4706/979 1401/4707/979 1404/4708/979
f 1406/4709/980 1400/4710/980 1401/4711/980
f 1406/4712/981 1404/4713/981 1400/4714/981
f 1410/4715/982 1409/4716/982 1408/4717/982 1407/4718/982
f 1409/4719/983 1412/4720/983 1411/4721/983 1408/4722/983
f 1412/4723/984 1410/4724/984 1407/4725/984 1411/4726/984
f 1407/4727/985 1408/4728/985 1411/4729/985
f 1412/4730/986 1409/4731/986 1410/4732/986
f 1416/4733/987 1415/4734/987 1414/4735/987 1413/4736/987
f 1415/4737/988 1418/4738/988 1417/4739/988 1414/4740/988
f 1418/4741/989 1416/4742/989 1413/4743/989 1417/4744/989
f 1413/4745/990 1414/4746/990 1417/4747/990
f 1418/4748/991 1415/4749/991 1416/4750/991
f 1420/4751/992 1419/4752/992 1414/4753/992 1417/4754/992
f 1419/4755/993 1421/4756/993 1413/4757/993 1414/4758/993
f 1421/4759/994 1420/4760/994 1417/4761/994 1413/4762/994
f 1421/4763/995 1419/4764/995 1420/4765/995
f 1424/4766/996 1423/4767/996 1422/4768/996
f 1426/4769/997 1425/4770/997 1423/4771/997
f 1426/4772/998 1422/4773/998 1425/4774/998
f 1422/4775/999 1423/4776/999 1425/4777/999
f 1426/4778/1000 1424/4779/1000 1427/4780/1000
f 1429/4781/1001 1428/4782/1001 1423/4783/1001 1425/4784/1001
f 1428/4785/1002 1430/4786/1002 1422/4787/1002 1423/4788/1002
f 1430/4789/1003 1429/4790/1003 1425/4791/1003 1422/4792/1003
f 1430/4793/1004 1428/4794/1004 1429/4795/1004
f 1422/4796/1005 1427/4797/1005 1424/4798/1005
f 1426/4799/1006 1427/4800/1006 1422/4801/1006
f 1423/4802/1007 1424/4803/1007 1426/4804/1007
f 1434/4805/1008 1433/4806/1008 1432/4807/1008 1431/4808/1008
f 1433/4809/1009 1436/4810/1009 1435/4811/1009 1432/4812/1009
f 1436/4813/1010 1434/4814/1010 1431/4815/1010 1435/4816/1010
f 1431/4817/1011 1432/4818/1011 1435/4819/1011
f 1436/4820/1012 1433/4821/1012 1434/4822/1012
f 1437/4823/1013 1432/4824/1013 1435/4825/1013
f 1437/4826/1014 1431/4827/1014 1432/4828/1014
f 1437/4829/1015 1435/4830/1015 1431/4831/1015
f 1441/4832/1016 1440/4833/1016 1439/4834/1016 1438/4835/1016
f 1440/4836/1017 1443/4837/1017 1442/4838/1017 1439/4839/1017
f 1443/4840/1018 1441/4841/1018 1438/4842/1018 1442/4843/1018
f 1438/4844/1019 1439/4845/1019 1442/4846/1019
f 1443/4847/1020 1440/4848/1020 1441/4849/1020
f 1445/4850/1021 1444/4851/1021 1439/4852/1021 1442/4853/1021
f 1444/4854/1022 1446/4855/1022 1438/4856/1022 1439/4857/1022
f 1446/4858/1023 1445/4859/1023 1442/4860/1023 1438/4861/1023
f 1446/4862/1024 1444/4863/1024 1445/4864/1024
f 1450/4865/1025 1449/4866/1025 1448/4867/1025 1447/4868/1025
f 1449/4869/1026 1452/4870/1026 1451/4871/1026 1448/4872/1026
f 1452/4873/1027 1450/4874/1027 1447/4875/1027 1451/4876/1027
f 1447/4877/1028 1448/4878/1028 1451/4879/1028
f 1452/4880/1029 1449/4881/1029 1450/4882/1029
f 1454/4883/1030 1453/4884/1030 1448/4885/1030 1451/4886/1030
f 1453/4887/1031 1455/4888/1031 1447/4889/1031 1448/4890/1031
f 1455/4891/1032 1454/4892/1032 1451/4893/1032 1447/4894/1032
f 1455/4895/1033 1453/4896/1033 1454/4897/1033
f 1459/4898/1034 1458/4899/1034 1457/4900/1034 1456/4901/1034
f 1458/4902/1035 1461/4903/1035 1460/4904/1035
f 1459/4905/1036 1456/4906/1036 1460/4907/1036
f 1456/4908/1037 1457/4909/1037 1460/4910/1037
f 1461/4911/1038 1458/4912/1038 1459/4913/1038
f 1462/4914/1039 1456/4915/1039 1457/4916/1039
f 1460/4917/1040 1461/4918/1040 1459/4919/1040
f 1457/4920/1041 1460/4921/1041 1462/4922/1041
f 1462/4923/1042 1460/4924/1042 1456/4925/1042
f 1460/4926/1043 1457/4927/1043 1458/4928/1043
o group2106815196
v -0.865000 0.144999 -1.560000
v -0.865000 0.494999 -1.560000
v -0.845000 0.494999 -1.560000
v -0.845000 0.144999 -1.560000
v -0.865000 0.144999 -1.800000
v -0.845000 0.144999 -1.800000
v -0.845000 0.494999 -1.800000
v -0.865000 0.494999 -1.800000
v -0.850000 0.374999 -1.765000
v -0.850000 0.324999 -1.765000
v -0.830000 0.324999 -1.765000
v -0.830000 0.374999 -1.765000
v -0.850000 0.374999 -1.745000
v -0.830000 0.374999 -1.745000
v -0.830000 0.324999 -1.745000
v -0.850000 0.324999 -1.745000
vn -0.0000 -0.0000 1.0000
vn -0.0000 -0.0000 -1.0000
vn -1.0000 -0.0000 -0.0000
vn 1.0000 -0.0000 -0.0000
vn -0.0000 -1.0000 -0.0000
vn -0.0000 1.0000 -0.0000
vt -0.094586 -0.037790
vt -0.063281 -0.022137
vt -0.062386 -0.023926
vt -0.093691 -0.039578
vt 0.062386 -0.023926
vt 0.063281 -0.022137
vt 0.094586 -0.037789
vt 0.093691 -0.039578
vt 0.167222 0.037723
vt 0.186752 0.051672
vt 0.207095 0.023192
vt 0.187566 0.009242
vt -0.207095 0.023192
vt -0.186752 0.051672
vt -0.167222 0.037723
vt -0.187566 0.009242
vt -0.169211 0.067335
vt -0.168538 0.069219
vt -0.145936 0.061147
vt -0.146609 0.059263
vt 0.145936 0.061146
vt 0.168538 0.069218
vt 0.169211 0.067335
vt 0.146609 0.059263
vt 0.074685 -0.026162
vt 0.079157 -0.028398
vt 0.078262 -0.030187
vt 0.073790 -0.027951
vt -0.078262 -0.030187
vt -0.079157 -0.028398
vt -0.074685 -0.026162
vt -0.073790 -0.027951
vt 0.193785 0.035804
vt 0.192157 0.034642
vt 0.189251 0.038710
vt 0.190879 0.039873
vt -0.189251 0.038710
vt -0.192157 0.034642
vt -0.193785 0.035804
vt -0.190879 0.039873
vt 0.163527 0.066897
vt 0.162854 0.068781
vt 0.164738 0.069453
vt 0.165410 0.067570
vt -0.164738 0.069453
vt -0.162854 0.068781
vt -0.163527 0.066897
vt -0.165410 0.067570
s 1
usemtl mat18
f 1466/4929/1044 1465/4930/1044 1464/4931/1044 1463/4932/1044
f 1470/4933/1045 1469/4934/1045 1468/4935/1045 1467/4936/1045
f 1464/4937/1046 1470/4938/1046 1467/4939/1046 1463/4940/1046
f 1468/4941/1047 1469/4942/1047 1465/4943/1047 1466/4944/1047
f 1467/4945/1048 1468/4946/1048 1466/4947/1048 1463/4948/1048
f 1465/4949/1049 1469/4950/1049 1470/4951/1049 1464/4952/1049
usemtl mat23
f 1474/4953/1045 1473/4954/1045 1472/4955/1045 1471/4956/1045
f 1478/4957/1044 1477/4958/1044 1476/4959/1044 1475/4960/1044
f 1472/4961/1046 1478/4962/1046 1475/4963/1046 1471/4964/1046
f 1476/4965/1047 1477/4966/1047 1473/4967/1047 1474/4968/1047
f 1475/4969/1049 1476/4970/1049 1474/4971/1049 1471/4972/1049
f 1473/4973/1048 1477/4974/1048 1478/4975/1048 1472/4976/1048
o group2131969357
v 0.100000 1.009999 -2.040000
v -0.330001 1.009999 -2.040001
v -0.330001 1.009999 -1.990000
v 0.100000 1.009999 -1.990000
v 0.100000 1.039999 -2.040000
v 0.100000 1.039999 -1.990000
v -0.330001 1.039999 -1.990000
v -0.330001 1.039999 -2.040001
v 0.100000 0.729999 -2.040000
v -0.330001 0.729999 -2.040001
v -0.330001 0.729999 -1.990000
v 0.100000 0.729999 -1.990000
v 0.100000 0.759999 -2.040000
v 0.100000 0.759999 -1.990000
v -0.330001 0.759999 -1.990000
v -0.330001 0.759999 -2.040001
v -0.130000 0.479999 -2.040000
v -0.130001 1.290000 -2.040001
v -0.130001 1.289999 -1.990000
v -0.130000 0.479999 -1.990000
v -0.100000 0.479999 -2.040000
v -0.100000 0.479999 -1.990000
v -0.100001 1.289999 -1.990000
v -0.100001 1.290000 -2.040001
v -0.360000 0.449999 -2.070000
v -0.360000 0.479999 -2.070000
v -0.360000 0.479999 -1.920000
v -0.360000 0.449999 -1.920000
v -0.320000 0.449999 -2.070000
v -0.320000 0.449999 -1.920000
v 0.100000 0.449999 -1.920000
v 0.100000 0.449999 -2.070000
v -0.320000 0.479999 -2.070000
v -0.320000 0.479999 -1.920000
v 0.100000 0.479999 -1.920000
v 0.100000 0.479999 -2.070000
v 0.130000 0.449999 -1.920000
v 0.130000 0.449999 -2.070000
v 0.130000 0.479999 -1.920000
v 0.100002 1.289999 -2.070001
v 0.100002 1.289999 -1.920000
v 0.130000 0.479999 -2.070000
v 0.130002 1.289999 -2.070001
v 0.130002 1.289999 -1.920000
v -0.329997 1.290005 -2.070001
v -0.329997 1.290005 -1.920001
v 0.130002 1.319999 -2.070001
v 0.100002 1.319999 -2.070001
v 0.130002 1.319999 -1.920001
v 0.100002 1.319999 -1.920001
v -0.319997 1.320005 -2.070001
v -0.319997 1.320005 -1.920001
v -0.330009 0.480005 -2.070001
v -0.330009 0.480005 -1.920001
v -0.359997 1.320005 -2.070001
v -0.359997 1.290005 -2.070001
v -0.359997 1.320005 -1.920001
v -0.359997 1.290005 -1.920001
v -0.360009 0.480005 -2.070001
v -0.360009 0.480005 -1.920001
v -0.330000 0.479999 -2.010000
v -0.330000 0.479999 -2.020000
v -0.330000 1.289999 -2.020000
v -0.330000 1.289999 -2.010000
v 0.100000 0.479999 -2.010000
v 0.100000 1.289999 -2.010000
v 0.100000 1.289999 -2.020000
v 0.100000 0.479999 -2.020000
vn -0.0000 -1.0000 -0.0000
vn -0.0000 1.0000 -0.0000
vn -0.0000 -0.0000 -1.0000
vn -0.0000 -0.0000 1.0000
vn 1.0000 -0.0000 -0.0000
vn -1.0000 -0.0000 -0.0000
vt -0.154647 0.164603
vt -0.169110 0.124108
vt -0.173819 0.125790
vt -0.159356 0.166285
vt 0.173819 0.125790
vt 0.169110 0.124108
vt 0.154647 0.164603
vt 0.159356 0.166285
vt 0.040249 0.046957
vt 0.037566 0.048299
vt 0.056796 0.086759
vt 0.059479 0.085418
vt -0.056796 0.086759
vt -0.037566 0.048299
vt -0.040249 0.046957
vt -0.059479 0.085418
vt -0.174604 0.109970
vt -0.170535 0.107064
vt -0.172279 0.104623
vt -0.176348 0.107529
vt 0.172280 0.104621
vt 0.170536 0.107062
vt 0.174605 0.109968
vt 0.176349 0.107527
vt 0.065293 0.034435
vt 0.062610 0.035777
vt 0.081840 0.074237
vt 0.084523 0.072896
vt -0.081840 0.074237
vt -0.062610 0.035777
vt -0.065293 0.034435
vt -0.084523 0.072896
vt -0.190879 0.087186
vt -0.186810 0.084280
vt -0.188554 0.081838
vt -0.192622 0.084745
vt 0.188554 0.081836
vt 0.186810 0.084277
vt 0.190879 0.087183
vt 0.192623 0.084742
vt 0.203085 0.061495
vt 0.156004 0.127408
vt 0.160073 0.130314
vt 0.207153 0.064401
vt -0.160073 0.130314
vt -0.156004 0.127408
vt -0.203085 0.061495
vt -0.207153 0.064401
vt 0.024149 0.077368
vt 0.025491 0.080051
vt 0.097940 0.043827
vt 0.096598 0.041144
vt -0.097940 0.043827
vt -0.025491 0.080051
vt -0.024149 0.077368
vt -0.096598 0.041144
vt -0.166083 0.147450
vt -0.161374 0.145768
vt -0.162383 0.142943
vt -0.167092 0.144625
vt 0.162383 0.142944
vt 0.161374 0.145769
vt 0.166083 0.147451
vt 0.167092 0.144625
vt 0.199132 0.054985
vt 0.197388 0.057426
vt 0.209595 0.066145
vt 0.211338 0.063704
vt -0.162181 0.167294
vt -0.148055 0.162249
vt -0.162181 0.122696
vt -0.176307 0.127741
vt 0.086312 0.020572
vt 0.088101 0.024149
vt 0.090784 0.022808
vt 0.088995 0.019230
vt -0.090784 0.022808
vt -0.088101 0.024150
vt -0.086312 0.020572
vt -0.088995 0.019230
vt -0.176308 0.127741
vt -0.162181 0.122695
vt -0.163527 0.118929
vt -0.177653 0.123974
vt 0.163527 0.118928
vt 0.162181 0.122695
vt 0.176308 0.127741
vt 0.177653 0.123974
vt -0.109567 0.060374
vt -0.106884 0.061715
vt 0.148055 0.162249
vt 0.162181 0.167294
vt 0.176307 0.127741
vt 0.162181 0.122696
vt 0.106884 0.061716
vt 0.109567 0.060374
vt 0.088101 0.024150
vt -0.161172 0.170119
vt -0.147046 0.165074
vt -0.110909 0.063057
vt -0.108226 0.064399
vt 0.150308 0.123339
vt 0.162514 0.132057
vt 0.108226 0.064399
vt 0.110909 0.063057
vt 0.106884 0.061715
vt -0.209595 0.066145
vt -0.197388 0.057426
vt -0.199132 0.054985
vt -0.211338 0.063704
vt 0.034435 0.097940
vt 0.035777 0.100623
vt -0.162514 0.132057
vt -0.150308 0.123339
vt -0.035777 0.100623
vt -0.034435 0.097940
vt -0.162518 0.121754
vt -0.176644 0.126799
vt 0.031751 0.099282
vt 0.033093 0.101966
vt 0.035776 0.100624
vt 0.034434 0.097941
vt -0.160771 0.134498
vt -0.148565 0.125780
vt -0.150309 0.123338
vt -0.162515 0.132057
vt -0.033093 0.101966
vt -0.031751 0.099282
vt -0.034434 0.097941
vt -0.035776 0.100624
vt 0.147046 0.165074
vt 0.161172 0.170119
vt 0.015204 0.059480
vt 0.012968 0.061716
vt -0.012968 0.061716
vt -0.015204 0.059480
vt -0.031752 0.099282
vt -0.197388 0.057425
vt -0.209595 0.066143
vt -0.162515 0.132056
vt 0.013861 0.056795
vt 0.011178 0.058137
vt 0.012967 0.061715
vt 0.015203 0.059478
vt 0.163527 0.118929
vt -0.011178 0.058137
vt -0.013861 0.056795
vt -0.015203 0.059479
vt -0.012967 0.061715
vt 0.148565 0.125780
vt 0.160771 0.134498
vt 0.162515 0.132057
vt 0.150309 0.123339
vt 0.087652 0.023253
vt 0.086311 0.020570
vt 0.013863 0.056795
vt 0.015204 0.059478
vt 0.209595 0.066143
vt 0.197388 0.057425
vt 0.150309 0.123338
vt 0.162515 0.132056
vt -0.086311 0.020570
vt -0.087652 0.023253
vt -0.015204 0.059478
vt -0.013863 0.056795
vt 0.157632 0.128569
vt 0.158446 0.129151
vt 0.205526 0.063238
vt 0.204712 0.062657
vt -0.205526 0.063237
vt -0.158446 0.129150
vt -0.157632 0.128569
vt -0.204712 0.062656
vt -0.171935 0.125117
vt -0.157473 0.165612
vt -0.156531 0.165276
vt -0.170993 0.124781
vt 0.156531 0.165276
vt 0.157473 0.165612
vt 0.171935 0.125117
vt 0.170993 0.124781
vt -0.106884 0.061716
vt -0.015205 0.059479
vt -0.087654 0.023255
vt 0.015205 0.059479
vt 0.087654 0.023255
s 1
usemtl mat21
f 1482/4977/1050 1481/4978/1050 1480/4979/1050 1479/4980/1050
f 1486/4981/1051 1485/4982/1051 1484/4983/1051 1483/4984/1051
f 1480/4985/1052 1486/4986/1052 1483/4987/1052 1479/4988/1052
f 1484/4989/1053 1485/4990/1053 1481/4991/1053 1482/4992/1053
f 1483/4993/1054 1484/4994/1054 1482/4995/1054 1479/4996/1054
f 1481/4997/1055 1485/4998/1055 1486/4999/1055 1480/5000/1055
f 1490/4977/1050 1489/4978/1050 1488/4979/1050 1487/4980/1050
f 1494/4981/1051 1493/4982/1051 1492/4983/1051 1491/4984/1051
f 1488/5001/1052 1494/5002/1052 1491/5003/1052 1487/5004/1052
f 1492/5005/1053 1493/5006/1053 1489/5007/1053 1490/5008/1053
f 1491/5009/1054 1492/5010/1054 1490/5011/1054 1487/5012/1054
f 1489/5013/1055 1493/5014/1055 1494/5015/1055 1488/5016/1055
f 1498/5017/1055 1497/5018/1055 1496/5019/1055 1495/5020/1055
f 1502/5021/1054 1501/5022/1054 1500/5023/1054 1499/5024/1054
f 1496/5025/1052 1502/5026/1052 1499/5027/1052 1495/5028/1052
f 1500/5029/1053 1501/5030/1053 1497/5031/1053 1498/5032/1053
f 1499/5033/1050 1500/5034/1050 1498/5035/1050 1495/5036/1050
f 1497/5037/1051 1501/5038/1051 1502/5039/1051 1496/5040/1051
f 1506/5041/1055 1505/5042/1055 1504/5043/1055 1503/5044/1055
f 1510/5045/1050 1509/5046/1050 1508/5047/1050 1507/5048/1050
f 1504/5049/1052 1511/5050/1052 1507/5051/1052 1503/5052/1052
f 1508/5053/1053 1512/5054/1053 1505/5055/1053 1506/5056/1053
f 1507/5057/1050 1508/5058/1050 1506/5059/1050 1503/5060/1050
f 1505/5061/1051 1512/5062/1051 1511/5063/1051 1504/5064/1051
f 1509/5065/1053 1513/5066/1053 1512/5054/1053 1508/5053/1053
f 1513/5067/1051 1514/5068/1051 1511/5069/1051 1512/5070/1051
f 1514/5071/1052 1510/5072/1052 1507/5051/1052 1511/5073/1052
f 1516/5074/1050 1515/5075/1050 1509/5046/1050 1510/5045/1050
f 1515/5076/1053 1517/5077/1053 1513/5066/1053 1509/5065/1053
f 1519/5078/1055 1518/5079/1055 1514/5043/1055 1513/5042/1055
f 1520/5080/1052 1516/5081/1052 1510/5072/1052 1514/5082/1052
f 1520/5083/1054 1517/5084/1054 1515/5085/1054 1516/5086/1054
f 1518/5087/1052 1521/5088/1052 1520/5080/1052 1514/5082/1052
f 1521/5089/1054 1522/5090/1054 1517/5084/1054 1520/5083/1054
f 1522/5091/1053 1519/5092/1053 1513/5066/1053 1517/5077/1053
f 1524/5093/1050 1523/5094/1050 1518/5045/1050 1519/5046/1050
f 1526/5095/1052 1525/5096/1052 1521/5097/1052 1518/5098/1052
f 1525/5099/1054 1527/5100/1054 1522/5101/1054 1521/5102/1054
f 1527/5103/1053 1528/5104/1053 1519/5105/1053 1522/5106/1053
f 1527/5107/1051 1525/5108/1051 1526/5068/1051 1528/5067/1051
f 1523/5109/1052 1529/5110/1052 1526/5095/1052 1518/5087/1052
f 1529/5069/1051 1530/5070/1051 1528/5067/1051 1526/5068/1051
f 1530/5111/1053 1524/5112/1053 1519/5092/1053 1528/5113/1053
f 1532/5114/1054 1531/5115/1054 1523/5116/1054 1524/5101/1054
f 1534/5117/1052 1533/5118/1052 1529/5119/1052 1523/5120/1052
f 1533/5064/1051 1535/5121/1051 1530/5070/1051 1529/5069/1051
f 1535/5122/1053 1536/5123/1053 1524/5124/1053 1530/5125/1053
f 1535/5126/1055 1533/5127/1055 1534/5128/1055 1536/5129/1055
f 1531/5130/1052 1537/5131/1052 1534/5132/1052 1523/5133/1052
f 1537/5134/1055 1538/5135/1055 1536/5136/1055 1534/5137/1055
f 1538/5138/1053 1532/5139/1053 1524/5140/1053 1536/5141/1053
f 1538/5059/1050 1537/5060/1050 1531/5094/1050 1532/5093/1050
usemtl mat24
f 1542/5142/1055 1541/5143/1055 1540/5144/1055 1539/5145/1055
f 1546/5146/1054 1545/5147/1054 1544/5148/1054 1543/5149/1054
f 1540/5150/1050 1546/5151/1050 1543/5152/1050 1539/5153/1050
f 1544/5154/1051 1545/5155/1051 1541/5156/1051 1542/5157/1051
f 1543/5158/1053 1544/5092/1053 1542/5159/1053 1539/5160/1053
f 1541/5161/1052 1545/5087/1052 1546/5082/1052 1540/5162/1052
o group235268298
v -1.180000 0.119999 -1.250000
v -1.180001 1.240000 -1.250000
v -0.860000 1.239999 -1.250000
v -0.860000 0.679999 -1.250000
v -0.860000 0.119999 -1.250000
v -1.180000 0.119999 -1.830000
v -0.860000 0.119999 -1.830000
v -0.860000 0.519999 -1.830000
v -0.860000 0.679999 -1.830000
v -0.860000 0.960000 -1.830000
v -0.860000 1.240000 -1.830000
v -1.180000 1.240000 -1.830000
v -0.860000 0.664119 -1.289295
v -0.860000 0.155879 -1.289295
v -0.860000 0.119999 -1.540000
v -0.860000 1.240000 -1.540000
v -0.860000 1.206800 -1.277550
v -0.860000 0.713199 -1.277550
v -0.860000 1.213400 -1.802450
v -0.860000 1.213400 -1.567550
v -0.860000 0.706599 -1.802450
v -0.860000 0.933400 -1.802450
v -0.860000 0.679999 -1.540000
v -0.860000 0.706599 -1.567550
v -0.860000 0.960000 -1.540000
v -0.860000 0.933400 -1.567550
v -0.980000 0.706600 -1.802450
v -0.980000 0.933400 -1.802450
v -0.980000 0.706600 -1.567550
v -0.980000 0.933400 -1.567550
v -0.860000 0.986600 -1.802450
v -0.860000 0.986600 -1.567550
v -1.120000 1.213400 -1.802450
v -1.120001 1.213400 -1.567550
v -1.120000 0.986600 -1.802450
v -1.120001 0.986600 -1.567550
v -0.860000 1.206800 -1.512450
v -0.860000 0.960000 -1.512450
v -0.860000 0.713199 -1.512450
v -1.130001 1.206800 -1.277550
v -1.130000 0.713199 -1.277550
v -1.130001 1.206800 -1.512450
v -1.130000 0.960000 -1.512450
v -1.130000 0.713200 -1.512450
v -0.860000 0.664799 -1.802450
v -0.860000 0.664799 -1.567550
v -0.860000 0.157999 -1.802450
v -0.860000 0.481999 -1.802450
v -0.860000 0.157999 -1.567550
v -0.860000 0.519999 -1.540000
v -0.860000 0.481999 -1.567550
v -1.140000 0.157999 -1.802450
v -1.140000 0.481999 -1.802450
v -0.860000 0.535199 -1.802450
v -0.860000 0.535199 -1.567550
v -1.140000 0.664799 -1.802450
v -1.140000 0.664799 -1.567550
v -0.860000 0.664119 -1.500705
v -0.860000 0.487479 -1.500705
v -0.860000 0.155879 -1.500705
v -1.140001 0.664119 -1.289295
v -1.140000 0.155879 -1.289295
v -1.140001 0.664119 -1.500705
v -1.140000 0.487479 -1.500705
v -1.140000 0.155879 -1.500705
v -1.140000 0.535199 -1.802450
v -1.140000 0.535199 -1.567550
v -1.140000 0.157999 -1.567550
v -1.140000 0.481999 -1.567550
v -1.130000 0.939999 -1.270000
v -1.130000 0.979999 -1.270000
v -0.910000 0.979999 -1.270000
v -0.910000 0.939999 -1.270000
v -1.130000 0.939999 -1.520000
v -0.910000 0.939999 -1.520000
v -0.910000 0.979999 -1.520000
v -1.130000 0.979999 -1.520000
vn -0.0000 -0.0000 1.0000
vn -0.0000 -0.0000 -1.0000
vn -1.0000 -0.0000 -0.0000
vn 1.0000 -0.0000 -0.0000
vn -0.0000 -1.0000 -0.0000
vn -0.0000 1.0000 -0.0000
vt -0.096151 -0.040249
vt -0.046063 -0.015205
vt 0.004025 0.009839
vt 0.018336 -0.018783
vt -0.081840 -0.068871
vt -0.018336 -0.018783
vt -0.004025 0.009839
vt 0.021019 -0.002683
vt 0.046063 -0.015205
vt 0.060374 -0.022361
vt 0.096151 -0.040249
vt 0.081840 -0.068871
vt 0.098694 0.080327
vt 0.145891 0.114039
vt 0.210989 0.022901
vt 0.163793 -0.010811
vt -0.164905 -0.005608
vt -0.135364 0.035749
vt -0.131244 0.034758
vt -0.163793 -0.010812
vt -0.182631 0.038679
vt -0.171868 0.068814
vt -0.144557 0.059061
vt -0.117247 0.049307
vt -0.128010 0.019171
vt 0.117247 0.049307
vt 0.144557 0.059061
vt 0.171868 0.068814
vt 0.182631 0.038679
vt 0.128010 0.019171
vt -0.131556 0.039060
vt -0.102866 0.079226
vt -0.098695 0.080327
vt -0.131244 0.034757
vt -0.126081 0.096620
vt -0.145195 0.110273
vt -0.145891 0.114038
vt -0.122293 0.097183
vt -0.161470 0.087489
vt -0.174652 0.069033
vt -0.178440 0.068470
vt -0.162165 0.091255
vt -0.155538 0.055380
vt -0.154842 0.051614
vt -0.142355 0.073835
vt -0.138567 0.074398
vt -0.162165 0.091254
vt -0.138567 0.074399
vt -0.018032 -0.014606
vt -0.038317 -0.024749
vt -0.043684 -0.014016
vt -0.023398 -0.003873
vt 0.173309 0.056587
vt 0.151188 0.048686
vt 0.147152 0.059987
vt 0.169273 0.067888
vt 0.038317 -0.024749
vt 0.018032 -0.014606
vt 0.023398 -0.003873
vt 0.043684 -0.014016
vt -0.151188 0.048686
vt -0.173309 0.056587
vt -0.169273 0.067888
vt -0.147152 0.059987
vt -0.145195 0.110274
vt -0.158377 0.091818
vt -0.145890 0.114040
vt -0.139263 0.078165
vt -0.139263 0.078164
vt -0.126081 0.096619
vt -0.122293 0.097182
vt -0.138568 0.074398
vt -0.155897 0.035502
vt -0.178018 0.043403
vt 0.013274 -0.014606
vt -0.007012 -0.024749
vt -0.018640 -0.001494
vt 0.001646 0.008649
vt 0.178018 0.043403
vt 0.155897 0.035502
vt 0.007012 -0.024749
vt -0.013274 -0.014606
vt -0.001646 0.008649
vt 0.018640 -0.001494
vt -0.126080 0.096620
vt -0.121981 0.092880
vt -0.121980 0.092881
vt -0.136325 0.072798
vt -0.122292 0.097184
vt -0.150670 0.052715
vt -0.131556 0.039061
vt -0.131243 0.034758
vt 0.031019 -0.037870
vt -0.013130 -0.015795
vt -0.001056 0.008354
vt 0.043093 -0.013720
vt -0.128923 0.024806
vt -0.151044 0.032707
vt -0.141963 0.058134
vt -0.119841 0.050234
vt 0.013130 -0.015795
vt -0.008944 -0.026833
vt -0.021019 -0.002683
vt 0.001056 0.008354
vt -0.031019 -0.037870
vt -0.043093 -0.013720
vt 0.151044 0.032707
vt 0.128922 0.024807
vt 0.119841 0.050234
vt 0.141963 0.058134
vt -0.150670 0.052714
vt -0.136325 0.072797
vt -0.121980 0.092880
vt -0.102866 0.079227
vt -0.157967 0.051978
vt -0.177082 0.065632
vt -0.187707 0.050757
vt -0.206539 0.024392
vt -0.210989 0.022901
vt -0.187740 0.055450
vt -0.187424 0.010738
vt -0.187391 0.006045
vt -0.168592 0.037103
vt -0.164142 0.038594
vt -0.051251 -0.049104
vt -0.080230 -0.063594
vt -0.092752 -0.038550
vt -0.063773 -0.024060
vt -0.184614 0.055086
vt -0.165500 0.041433
vt -0.165500 0.041432
vt -0.156569 0.033618
vt -0.178691 0.041519
vt -0.152568 0.048036
vt -0.154842 0.051613
vt -0.152567 0.048038
vt -0.162834 0.033665
vt -0.164142 0.038595
vt -0.162834 0.033664
vt -0.182108 0.006681
vt -0.164905 -0.005607
vt -0.163793 -0.010811
vt 0.080420 -0.063689
vt 0.034961 -0.040959
vt 0.047483 -0.015915
vt 0.092942 -0.038645
vt -0.130365 0.024260
vt -0.150274 0.031370
vt -0.140857 0.057739
vt -0.120947 0.050629
vt -0.034961 -0.040959
vt -0.050760 -0.048859
vt -0.063282 -0.023815
vt -0.047483 -0.015915
vt -0.050761 -0.048859
vt -0.080420 -0.063689
vt -0.092942 -0.038645
vt 0.150274 0.031370
vt 0.130365 0.024260
vt 0.120947 0.050629
vt 0.140857 0.057739
vt -0.135364 0.035750
vt -0.034900 -0.040929
vt -0.046492 -0.046725
vt -0.059014 -0.021681
vt -0.047422 -0.015885
vt 0.178691 0.041519
vt 0.156569 0.033619
vt 0.046492 -0.046725
vt 0.034900 -0.040929
vt 0.047422 -0.015885
vt 0.059014 -0.021681
vt -0.184615 0.055086
vt -0.157967 0.051979
vt 0.080230 -0.063594
vt 0.051251 -0.049104
vt 0.063773 -0.024060
vt 0.092752 -0.038550
vt -0.156569 0.033619
vt -0.020572 -0.008050
vt -0.016994 -0.006261
vt -0.007155 -0.025938
vt -0.010733 -0.027727
vt 0.007155 -0.025938
vt 0.016994 -0.006261
vt 0.020572 -0.008050
vt 0.010733 -0.027727
vt 0.115434 0.060333
vt 0.135777 0.074863
vt 0.138102 0.071609
vt 0.117759 0.057078
vt -0.138102 0.071609
vt -0.135777 0.074864
vt -0.115434 0.060333
vt -0.117759 0.057078
vt -0.151755 0.032961
vt -0.144356 0.053679
vt -0.120812 0.045271
vt -0.128211 0.024553
vt 0.120812 0.045271
vt 0.144356 0.053679
vt 0.151755 0.032961
vt 0.128211 0.024553
s 1
usemtl mat19
f 1551/5163/1056 1550/5164/1056 1549/5165/1056 1548/5166/1056 1547/5167/1056
f 1558/5168/1057 1557/5169/1057 1556/5170/1057 1555/5171/1057 1554/5172/1057 1553/5173/1057 1552/5174/1057
f 1548/5175/1058 1558/5176/1058 1552/5177/1058 1547/5178/1058
f 1560/5179/1059 1559/5180/1059 1550/5181/1059 1551/5182/1059
f 1552/5183/1060 1553/5184/1060 1561/5185/1060 1551/5186/1060 1547/5187/1060
f 1549/5188/1061 1562/5189/1061 1557/5190/1061 1558/5191/1061 1548/5192/1061
f 1564/5193/1059 1563/5194/1059 1549/5195/1059 1550/5196/1059
f 1566/5197/1059 1565/5198/1059 1557/5199/1059 1562/5200/1059
f 1568/5201/1059 1567/5202/1059 1555/5203/1059 1556/5204/1059
f 1567/5202/1059 1570/5205/1059 1569/5206/1059 1555/5203/1059
f 1570/5205/1059 1572/5207/1059 1571/5208/1059 1569/5206/1059
f 1572/5207/1059 1568/5201/1059 1556/5209/1059 1571/5210/1059
f 1574/5211/1056 1573/5212/1056 1567/5213/1056 1568/5214/1056
f 1573/5215/1061 1575/5216/1061 1570/5217/1061 1567/5218/1061
f 1575/5219/1057 1576/5220/1057 1572/5221/1057 1570/5222/1057
f 1576/5223/1060 1574/5224/1060 1568/5225/1060 1572/5226/1060
f 1576/5207/1059 1575/5205/1059 1573/5202/1059 1574/5201/1059
f 1565/5227/1059 1577/5228/1059 1556/5204/1059 1557/5229/1059
f 1577/5228/1059 1578/5230/1059 1571/5210/1059 1556/5204/1059
f 1578/5231/1059 1566/5232/1059 1562/5233/1059 1571/5234/1059
f 1580/5235/1060 1579/5236/1060 1565/5225/1060 1566/5226/1060
f 1579/5237/1056 1581/5238/1056 1577/5239/1056 1565/5240/1056
f 1581/5241/1061 1582/5242/1061 1578/5217/1061 1577/5218/1061
f 1582/5243/1057 1580/5244/1057 1566/5245/1057 1578/5246/1057
f 1582/5230/1059 1581/5228/1059 1579/5198/1059 1580/5247/1059
f 1563/5194/1059 1583/5248/1059 1562/5200/1059 1549/5195/1059
f 1583/5249/1059 1584/5250/1059 1571/5210/1059 1562/5251/1059
f 1584/5250/1059 1585/5252/1059 1569/5206/1059 1571/5210/1059
f 1585/5252/1059 1564/5253/1059 1550/5254/1059 1569/5206/1059
f 1587/5255/1057 1586/5256/1057 1563/5257/1057 1564/5258/1057
f 1586/5259/1060 1588/5260/1060 1583/5261/1060 1563/5262/1060
f 1588/5263/1056 1589/5264/1056 1584/5265/1056 1583/5266/1056
f 1589/5264/1056 1590/5267/1056 1585/5268/1056 1584/5265/1056
f 1590/5269/1061 1587/5270/1061 1564/5271/1061 1585/5272/1061
f 1590/5273/1059 1589/5274/1059 1588/5275/1059 1586/5276/1059 1587/5253/1059
f 1592/5277/1059 1591/5278/1059 1555/5203/1059 1569/5206/1059
f 1594/5279/1059 1593/5280/1059 1553/5281/1059 1554/5282/1059
f 1593/5280/1059 1595/5283/1059 1561/5284/1059 1553/5281/1059
f 1595/5283/1059 1597/5285/1059 1596/5286/1059 1561/5284/1059
f 1597/5285/1059 1594/5279/1059 1554/5282/1059 1596/5286/1059
f 1599/5287/1056 1598/5288/1056 1593/5289/1056 1594/5290/1056
f 1591/5278/1059 1600/5291/1059 1554/5282/1059 1555/5203/1059
f 1600/5291/1059 1601/5292/1059 1596/5286/1059 1554/5282/1059
f 1601/5293/1059 1592/5277/1059 1569/5206/1059 1596/5286/1059
f 1603/5294/1060 1602/5295/1060 1591/5225/1060 1592/5226/1060
f 1559/5180/1059 1604/5296/1059 1569/5297/1059 1550/5196/1059
f 1604/5298/1059 1605/5299/1059 1596/5300/1059 1569/5206/1059
f 1605/5301/1059 1606/5302/1059 1561/5284/1059 1596/5286/1059
f 1606/5302/1059 1560/5303/1059 1551/5304/1059 1561/5284/1059
f 1608/5305/1057 1607/5306/1057 1559/5307/1057 1560/5308/1057
f 1607/5309/1060 1609/5310/1060 1604/5311/1060 1559/5312/1060
f 1609/5313/1056 1610/5314/1056 1605/5315/1056 1604/5316/1056
f 1610/5317/1056 1611/5318/1056 1606/5319/1056 1605/5315/1056
f 1611/5320/1061 1608/5321/1061 1560/5322/1061 1606/5323/1061
f 1611/5302/1059 1610/5301/1059 1609/5298/1059 1607/5324/1059 1608/5303/1059
f 1602/5325/1056 1612/5326/1056 1600/5327/1056 1591/5328/1056
f 1612/5329/1061 1613/5330/1061 1601/5217/1061 1600/5218/1061
f 1613/5331/1057 1603/5332/1057 1592/5333/1057 1601/5334/1057
f 1613/5292/1059 1612/5335/1059 1602/5278/1059 1603/5336/1059
f 1598/5329/1061 1614/5330/1061 1595/5217/1061 1593/5218/1061
f 1614/5337/1057 1615/5338/1057 1597/5339/1057 1595/5340/1057
f 1615/5341/1060 1599/5295/1060 1594/5225/1060 1597/5226/1060
f 1615/5285/1059 1614/5283/1059 1598/5280/1059 1599/5279/1059
f 1619/5342/1056 1618/5343/1056 1617/5344/1056 1616/5345/1056
f 1623/5346/1057 1622/5347/1057 1621/5348/1057 1620/5349/1057
f 1617/5350/1058 1623/5351/1058 1620/5352/1058 1616/5353/1058
f 1621/5354/1059 1622/5355/1059 1618/5356/1059 1619/5357/1059
f 1620/5358/1060 1621/5359/1060 1619/5360/1060 1616/5361/1060
f 1618/5362/1061 1622/5363/1061 1623/5364/1061 1617/5365/1061
o group265941632
v 1.340001 0.000000 2.050000
v -1.340001 0.000000 2.050000
v -1.340001 0.120000 2.050000
v 1.340000 0.120000 2.050001
v 1.340002 -0.000000 -2.050000
v 1.340002 0.119999 -2.050000
v -1.339999 0.119999 -2.050002
v -1.339999 -0.000001 -2.050001
vn -0.0000 -0.0000 1.0000
vn -0.0000 -0.0000 -1.0000
vn -0.0000 -1.0000 -0.0000
vn -0.0000 1.0000 -0.0000
vn 1.0000 -0.0000 -0.0000
vn -1.0000 -0.0000 -0.0000
vt -0.194538 0.156525
vt -0.074685 -0.083182
vt -0.096151 -0.093915
vt -0.216004 0.145792
vt 0.096151 -0.093915
vt 0.074685 -0.083182
vt 0.194538 0.156525
vt 0.216004 0.145792
vt 0.177384 -0.106888
vt -0.208731 0.031010
vt -0.118592 0.283397
vt 0.267522 0.145499
vt 0.118592 0.283397
vt 0.208731 0.031010
vt -0.177384 -0.106888
vt -0.267522 0.145499
vt -0.242841 0.016159
vt -0.228892 0.035688
vt 0.104739 -0.202620
vt 0.090789 -0.222149
vt -0.104739 -0.202620
vt 0.228892 0.035688
vt 0.242841 0.016158
vt -0.090789 -0.222149
s 1
usemtl mat21
f 1627/5366/1062 1626/5367/1062 1625/5368/1062 1624/5369/1062
f 1631/5370/1063 1630/5371/1063 1629/5372/1063 1628/5373/1063
f 1625/5374/1064 1631/5375/1064 1628/5376/1064 1624/5377/1064
f 1629/5378/1065 1630/5379/1065 1626/5380/1065 1627/5381/1065
f 1628/5382/1066 1629/5383/1066 1627/5384/1066 1624/5385/1066
f 1626/5386/1067 1630/5387/1067 1631/5388/1067 1625/5389/1067
o group265941632.002
v 1.340000 1.570000 2.050001
v -1.340001 1.570000 2.050000
v -1.340001 1.690000 2.050000
v 1.340000 1.690000 2.050001
v 1.340002 1.570000 -2.050000
v 1.340002 1.689999 -2.050000
v -1.339999 1.689999 -2.050002
v -1.339999 1.569999 -2.050001
vn -0.0000 -0.0000 1.0000
vn -0.0000 -0.0000 -1.0000
vn -0.0000 -1.0000 -0.0000
vn -0.0000 1.0000 -0.0000
vn 1.0000 -0.0000 -0.0000
vn -1.0000 -0.0000 -0.0000
vt -0.194538 0.156525
vt -0.074685 -0.083182
vt -0.096151 -0.093915
vt -0.216004 0.145792
vt 0.096151 -0.093915
vt 0.074685 -0.083182
vt 0.194538 0.156525
vt 0.216004 0.145792
vt 0.177384 -0.106888
vt -0.208731 0.031010
vt -0.118592 0.283397
vt 0.267522 0.145499
vt 0.118592 0.283397
vt 0.208731 0.031010
vt -0.177384 -0.106888
vt -0.267522 0.145499
vt -0.242841 0.016159
vt -0.228892 0.035688
vt 0.104739 -0.202620
vt 0.090789 -0.222149
vt -0.104739 -0.202620
vt 0.228892 0.035688
vt 0.242841 0.016158
vt -0.090789 -0.222149
s 1
usemtl mat21
f 1635/5390/1068 1634/5391/1068 1633/5392/1068 1632/5393/1068
f 1639/5394/1069 1638/5395/1069 1637/5396/1069 1636/5397/1069
f 1633/5398/1070 1639/5399/1070 1636/5400/1070 1632/5401/1070
f 1637/5402/1071 1638/5403/1071 1634/5404/1071 1635/5405/1071
f 1636/5406/1072 1637/5407/1072 1635/5408/1072 1632/5409/1072
f 1634/5410/1073 1638/5411/1073 1639/5412/1073 1633/5413/1073
o group314516456
v -0.840000 0.524999 -1.265000
v -0.840000 0.594999 -1.265000
v -0.840000 0.594999 -1.275000
v -0.840000 0.524999 -1.275000
v -0.860000 0.524999 -1.265000
v -0.860000 0.524999 -1.275000
v -0.860000 0.594999 -1.275000
v -0.860000 0.594999 -1.265000
vn 1.0000 -0.0000 -0.0000
vn -1.0000 -0.0000 -0.0000
vn -0.0000 -0.0000 1.0000
vn -0.0000 -0.0000 -1.0000
vn -0.0000 -1.0000 -0.0000
vn -0.0000 1.0000 -0.0000
vt -0.142287 0.023598
vt -0.138218 0.029294
vt -0.137405 0.028713
vt -0.141473 0.023017
vt 0.137405 0.028713
vt 0.138218 0.029294
vt 0.142287 0.023598
vt 0.141473 0.023017
vt -0.054560 -0.017218
vt -0.053666 -0.019007
vt -0.059927 -0.022137
vt -0.060821 -0.020348
vt 0.059927 -0.022137
vt 0.053666 -0.019007
vt 0.054560 -0.017218
vt 0.060821 -0.020348
vt -0.118659 0.049811
vt -0.119601 0.050148
vt -0.118928 0.052031
vt -0.117987 0.051695
vt 0.118928 0.052031
vt 0.119601 0.050148
vt 0.118659 0.049811
vt 0.117987 0.051695
s 1
usemtl mat20
f 1643/5414/1074 1642/5415/1074 1641/5416/1074 1640/5417/1074
f 1647/5418/1075 1646/5419/1075 1645/5420/1075 1644/5421/1075
f 1641/5422/1076 1647/5423/1076 1644/5424/1076 1640/5425/1076
f 1645/5426/1077 1646/5427/1077 1642/5428/1077 1643/5429/1077
f 1644/5430/1078 1645/5431/1078 1643/5432/1078 1640/5433/1078
f 1642/5434/1079 1646/5435/1079 1647/5436/1079 1641/5437/1079
o group385580466
v -0.840000 0.394999 -1.555000
v -0.840000 0.454999 -1.555000
v -0.840000 0.454999 -1.565000
v -0.840000 0.394999 -1.565000
v -0.860000 0.394999 -1.555000
v -0.860000 0.394999 -1.565000
v -0.860000 0.454999 -1.565000
v -0.860000 0.454999 -1.555000
vn 1.0000 -0.0000 -0.0000
vn -1.0000 -0.0000 -0.0000
vn -0.0000 -0.0000 1.0000
vn -0.0000 -0.0000 -1.0000
vn -0.0000 -1.0000 -0.0000
vn -0.0000 1.0000 -0.0000
vt -0.173441 0.029876
vt -0.169954 0.034758
vt -0.169140 0.034177
vt -0.172628 0.029294
vt 0.169140 0.034177
vt 0.169954 0.034758
vt 0.173441 0.029876
vt 0.172628 0.029295
vt -0.067082 -0.023479
vt -0.066188 -0.025268
vt -0.071554 -0.027951
vt -0.072449 -0.026162
vt 0.071554 -0.027951
vt 0.066188 -0.025268
vt 0.067082 -0.023479
vt 0.072449 -0.026162
vt -0.145970 0.059565
vt -0.146912 0.059902
vt -0.146239 0.061785
vt -0.145297 0.061449
vt 0.146239 0.061785
vt 0.146911 0.059902
vt 0.145970 0.059565
vt 0.145297 0.061449
s 1
usemtl mat20
f 1651/5438/1080 1650/5439/1080 1649/5440/1080 1648/5441/1080
f 1655/5442/1081 1654/5443/1081 1653/5444/1081 1652/5445/1081
f 1649/5446/1082 1655/5447/1082 1652/5448/1082 1648/5449/1082
f 1653/5450/1083 1654/5451/1083 1650/5452/1083 1651/5453/1083
f 1652/5454/1084 1653/5455/1084 1651/5456/1084 1648/5457/1084
f 1650/5458/1085 1654/5459/1085 1655/5460/1085 1649/5461/1085
o group62001610
v 0.349210 0.339999 -1.965743
v 0.361332 0.339999 -1.950588
v 0.361332 0.269999 -1.950588
v 0.349210 0.269999 -1.965743
v 0.379492 0.339999 -1.957434
v 0.379492 0.269999 -1.957435
v 0.378592 0.339999 -1.976821
v 0.378592 0.269999 -1.976821
v 0.359877 0.339999 -1.981955
v 0.359877 0.269999 -1.981956
vn -0.7809 -0.0000 0.6246
vn 0.3528 -0.0000 0.9357
vn 0.9989 -0.0000 -0.0464
vn 0.2646 -0.0000 -0.9644
vn -0.8354 -0.0000 -0.5496
vn -0.0000 1.0000 -0.0000
vn -0.0000 -1.0000 -0.0000
vt 0.011195 -0.115951
vt 0.009599 -0.114847
vt 0.013580 -0.109090
vt 0.015177 -0.110193
vt -0.161618 0.134288
vt -0.162445 0.136044
vt -0.156112 0.139026
vt -0.155285 0.137270
vt -0.209605 0.025366
vt -0.211254 0.026389
vt -0.207562 0.032337
vt -0.205913 0.031313
vt 0.113721 0.019250
vt 0.112754 0.017568
vt 0.106685 0.021056
vt 0.107652 0.022739
vt 0.197619 0.159933
vt 0.196633 0.158261
vt 0.190603 0.161817
vt 0.191589 0.163489
vt 0.143981 0.187256
vt 0.142146 0.187888
vt 0.142180 0.189829
vt 0.144036 0.190396
vt 0.145149 0.188806
vt -0.145149 0.188806
vt -0.144036 0.190396
vt -0.142180 0.189829
vt -0.142146 0.187888
vt -0.143981 0.187256
s 1
usemtl mat15
f 1659/5462/1086 1658/5463/1086 1657/5464/1086 1656/5465/1086
f 1658/5466/1087 1661/5467/1087 1660/5468/1087 1657/5469/1087
f 1661/5470/1088 1663/5471/1088 1662/5472/1088 1660/5473/1088
f 1663/5474/1089 1665/5475/1089 1664/5476/1089 1662/5477/1089
f 1665/5478/1090 1659/5479/1090 1656/5480/1090 1664/5481/1090
f 1656/5482/1091 1657/5483/1091 1660/5484/1091 1662/5485/1091 1664/5486/1091
f 1665/5487/1092 1663/5488/1092 1661/5489/1092 1658/5490/1092 1659/5491/1092
o group684319784
v -0.840000 0.234999 -1.265000
v -0.840000 0.304999 -1.265000
v -0.840000 0.304999 -1.275000
v -0.840000 0.234999 -1.275000
v -0.860000 0.234999 -1.265000
v -0.860000 0.234999 -1.275000
v -0.860000 0.304999 -1.275000
v -0.860000 0.304999 -1.265000
vn 1.0000 -0.0000 -0.0000
vn -1.0000 -0.0000 -0.0000
vn -0.0000 -0.0000 1.0000
vn -0.0000 -0.0000 -1.0000
vn -0.0000 -1.0000 -0.0000
vn -0.0000 1.0000 -0.0000
vt -0.159143 0.000000
vt -0.155074 0.005696
vt -0.154261 0.005115
vt -0.158329 -0.000581
vt 0.154261 0.005115
vt 0.155074 0.005696
vt 0.159143 0.000000
vt 0.158329 -0.000581
vt -0.080498 -0.030187
vt -0.079604 -0.031976
vt -0.085865 -0.035106
vt -0.086759 -0.033317
vt 0.085865 -0.035106
vt 0.079604 -0.031976
vt 0.080498 -0.030187
vt 0.086759 -0.033317
vt -0.118659 0.049811
vt -0.119601 0.050148
vt -0.118928 0.052031
vt -0.117987 0.051695
vt 0.118928 0.052031
vt 0.119601 0.050148
vt 0.118659 0.049811
vt 0.117987 0.051695
s 1
usemtl mat20
f 1669/5492/1093 1668/5493/1093 1667/5494/1093 1666/5495/1093
f 1673/5496/1094 1672/5497/1094 1671/5498/1094 1670/5499/1094
f 1667/5500/1095 1673/5501/1095 1670/5502/1095 1666/5503/1095
f 1671/5504/1096 1672/5505/1096 1668/5506/1096 1669/5507/1096
f 1670/5508/1097 1671/5509/1097 1669/5510/1097 1666/5511/1097
f 1668/5512/1098 1672/5513/1098 1673/5514/1098 1667/5515/1098
o group709689000
v -1.220000 0.689999 0.820000
v -1.220000 1.319999 0.820000
v -1.180000 1.319999 0.820000
v -1.180000 0.689999 0.820000
v -1.220000 0.689999 0.460000
v -1.180000 0.689999 0.460000
v -1.180000 1.319999 0.460000
v -1.220000 1.319999 0.460000
v -1.180000 1.270064 0.768609
v -1.180000 0.739934 0.768609
v -1.180000 1.270064 0.511391
v -1.180000 0.739934 0.511391
v -1.200000 1.270064 0.768609
v -1.200000 0.739934 0.768609
v -1.200000 1.270064 0.511391
v -1.200000 0.739934 0.511391
v -1.171552 1.303273 0.792853
v -1.170283 1.295873 0.801899
v -1.184646 1.294988 0.803363
v -1.186029 1.302376 0.794324
v -1.169858 1.284935 0.797612
v -1.183315 1.284145 0.799021
v -1.170865 1.285575 0.785917
v -1.183875 1.284832 0.787298
v -1.171912 1.296909 0.782976
v -1.185553 1.296100 0.784396
v -1.170380 1.304369 0.488640
v -1.168676 1.297427 0.497973
v -1.183330 1.294955 0.497671
v -1.185281 1.301839 0.488343
v -1.166503 1.286555 0.494065
v -1.180521 1.284234 0.493750
v -1.166865 1.286778 0.482317
v -1.180737 1.284492 0.481999
v -1.169261 1.297788 0.478964
v -1.183679 1.295372 0.478657
v -1.166552 0.731385 0.790910
v -1.165466 0.724072 0.800050
v -1.179258 0.722502 0.800832
v -1.181126 0.729672 0.791706
v -1.163855 0.713213 0.795843
v -1.177069 0.711749 0.796616
v -1.163945 0.713815 0.784103
v -1.177584 0.712274 0.784883
v -1.165612 0.725046 0.781054
v -1.180091 0.723351 0.781848
v -1.167053 0.730042 0.486216
v -1.164830 0.723087 0.495429
v -1.179998 0.719579 0.497355
v -1.182538 0.726440 0.488153
v -1.162105 0.712406 0.491344
v -1.176719 0.709063 0.493251
v -1.162643 0.712760 0.479606
v -1.177232 0.709424 0.481512
v -1.165701 0.723659 0.476437
v -1.180828 0.720164 0.478361
vn -0.0000 -0.0000 1.0000
vn -0.0000 -0.0000 -1.0000
vn -1.0000 -0.0000 -0.0000
vn 1.0000 -0.0000 -0.0000
vn -0.0000 -1.0000 -0.0000
vn -0.0000 1.0000 -0.0000
vn 0.0164 0.7752 0.6315
vn 0.1172 -0.3576 0.9265
vn 0.0514 -0.9969 -0.0599
vn -0.0860 -0.2591 -0.9620
vn -0.1059 0.8379 -0.5354
vn 0.9941 0.0706 -0.0817
vn -0.9898 -0.1372 0.0393
vn -0.1445 0.7813 0.6072
vn 0.0355 -0.3334 0.9421
vn 0.1635 -0.9863 -0.0242
vn 0.0672 -0.2768 -0.9586
vn -0.1257 0.8144 -0.5665
vn 0.9784 0.2050 -0.0262
vn -0.9662 -0.2575 0.0121
vn -0.0552 0.7780 0.6258
vn 0.0927 -0.3474 0.9331
vn 0.1082 -0.9928 -0.0505
vn -0.0232 -0.2671 -0.9634
vn -0.1270 0.8288 -0.5450
vn 0.9892 0.1468 -0.0001
vn -0.9767 -0.2119 0.0334
vn -0.1041 0.7824 0.6140
vn 0.1905 -0.3064 0.9327
vn 0.2179 -0.9752 -0.0395
vn -0.0550 -0.2955 -0.9538
vn -0.2537 0.7936 -0.5530
vn 0.9649 0.2601 -0.0364
vn -0.9506 -0.3089 0.0320
vt -0.030858 -0.043380
vt 0.025491 -0.015205
vt 0.027280 -0.018783
vt -0.029069 -0.046957
vt -0.027280 -0.018783
vt -0.025491 -0.015205
vt 0.030858 -0.043380
vt 0.029069 -0.046957
vt -0.074399 -0.033479
vt -0.045104 -0.012555
vt -0.008486 -0.063820
vt -0.037781 -0.084745
vt 0.036501 -0.077694
vt 0.067314 -0.034556
vt 0.074398 -0.033479
vt 0.037780 -0.084745
vt 0.031683 -0.042109
vt 0.033028 -0.038342
vt 0.066931 -0.050450
vt 0.065586 -0.054217
vt -0.066931 -0.050450
vt -0.033028 -0.038342
vt -0.031683 -0.042109
vt -0.065586 -0.054217
vt 0.046384 -0.019605
vt 0.045104 -0.012555
vt 0.015570 -0.062744
vt 0.008486 -0.063820
vt 0.037781 -0.084745
vt 0.025497 -0.042935
vt -0.021919 -0.019227
vt -0.021025 -0.017438
vt 0.026391 -0.041147
vt 0.061419 -0.050605
vt 0.037195 -0.041954
vt 0.037868 -0.040071
vt 0.062091 -0.048722
vt 0.021919 -0.019227
vt -0.025497 -0.042935
vt -0.026391 -0.041147
vt 0.021025 -0.017438
vt -0.037195 -0.041954
vt -0.061419 -0.050605
vt -0.062091 -0.048722
vt -0.037868 -0.040071
vt -0.030296 -0.048926
vt -0.031370 -0.049403
vt -0.031959 -0.048082
vt -0.030889 -0.047594
vt 0.049017 -0.019230
vt 0.047864 -0.019459
vt 0.047472 -0.018161
vt 0.048604 -0.017843
vt 0.063419 -0.050059
vt 0.062301 -0.049696
vt 0.062628 -0.048427
vt 0.063760 -0.048747
vt -0.008889 -0.031683
vt -0.009984 -0.031255
vt -0.009409 -0.030008
vt -0.008339 -0.030494
vt -0.070854 -0.030689
vt -0.072026 -0.030772
vt -0.071994 -0.029315
vt -0.070819 -0.029316
vt 0.072019 -0.026746
vt 0.072385 -0.027863
vt 0.071436 -0.028557
vt 0.070483 -0.027868
vt 0.070843 -0.026749
vt -0.067857 -0.037124
vt -0.067323 -0.038171
vt -0.068153 -0.039003
vt -0.069201 -0.038470
vt -0.069018 -0.037309
vt -0.014680 -0.031045
vt -0.015781 -0.031456
vt -0.016414 -0.030111
vt -0.015322 -0.029676
vt 0.035834 -0.015905
vt 0.034663 -0.016013
vt 0.034421 -0.014613
vt 0.035584 -0.014440
vt 0.037110 -0.036650
vt 0.035992 -0.036286
vt 0.036476 -0.034966
vt 0.037599 -0.035316
vt -0.010326 -0.019223
vt -0.011456 -0.018900
vt -0.010916 -0.017541
vt -0.009802 -0.017918
vt -0.045187 -0.027386
vt -0.046351 -0.027556
vt -0.046530 -0.026055
vt -0.045361 -0.025934
vt 0.044712 -0.022553
vt 0.044782 -0.023727
vt 0.043688 -0.024157
vt 0.042941 -0.023249
vt 0.043574 -0.022258
vt -0.041417 -0.027375
vt -0.040658 -0.028273
vt -0.041277 -0.029272
vt -0.042419 -0.028992
vt -0.042506 -0.027819
vt -0.062830 -0.065021
vt -0.063926 -0.065447
vt -0.064488 -0.064176
vt -0.063423 -0.063677
vt -0.002722 -0.035670
vt -0.003888 -0.035823
vt -0.004199 -0.034528
vt -0.003043 -0.034317
vt 0.065051 -0.054607
vt 0.063930 -0.054253
vt 0.064320 -0.052935
vt 0.065428 -0.053330
vt 0.042082 -0.054378
vt 0.040961 -0.054023
vt 0.041523 -0.052675
vt 0.042615 -0.053111
vt -0.038885 -0.035627
vt -0.040053 -0.035757
vt -0.040113 -0.034289
vt -0.038944 -0.034168
vt 0.025901 -0.082383
vt 0.026010 -0.083554
vt 0.024930 -0.084018
vt 0.024154 -0.083135
vt 0.024755 -0.082124
vt -0.020687 -0.081216
vt -0.020025 -0.082187
vt -0.020744 -0.083117
vt -0.021851 -0.082720
vt -0.021815 -0.081545
vt -0.042044 -0.054175
vt -0.043164 -0.054531
vt -0.043614 -0.053028
vt -0.042504 -0.052641
vt -0.014068 -0.042540
vt -0.015242 -0.042584
vt -0.015475 -0.041091
vt -0.014303 -0.040989
vt 0.035352 -0.047778
vt 0.034226 -0.047441
vt 0.034526 -0.045962
vt 0.035653 -0.046297
vt 0.035886 -0.051210
vt 0.034737 -0.050961
vt 0.035157 -0.049454
vt 0.036293 -0.049757
vt -0.012205 -0.040146
vt -0.013366 -0.040331
vt -0.013423 -0.038730
vt -0.012257 -0.038583
vt -0.002881 -0.057424
vt -0.002948 -0.058598
vt -0.004085 -0.058897
vt -0.004720 -0.057908
vt -0.003976 -0.056998
vt 0.009756 -0.055286
vt 0.010617 -0.056086
vt 0.010122 -0.057153
vt 0.008955 -0.057011
vt 0.008729 -0.055857
s 1
usemtl mat19
f 1677/5516/1099 1676/5517/1099 1675/5518/1099 1674/5519/1099
f 1681/5520/1100 1680/5521/1100 1679/5522/1100 1678/5523/1100
f 1675/5524/1101 1681/5525/1101 1678/5526/1101 1674/5527/1101
f 1683/5528/1102 1682/5529/1102 1676/5530/1102 1677/5531/1102
f 1678/5532/1103 1679/5533/1103 1677/5534/1103 1674/5535/1103
f 1676/5536/1104 1680/5537/1104 1681/5538/1104 1675/5539/1104
f 1682/5529/1102 1684/5540/1102 1680/5541/1102 1676/5530/1102
f 1684/5540/1102 1685/5542/1102 1679/5543/1102 1680/5541/1102
f 1685/5542/1102 1683/5528/1102 1677/5544/1102 1679/5543/1102
f 1687/5545/1100 1686/5546/1100 1682/5547/1100 1683/5548/1100
f 1686/5549/1103 1688/5550/1103 1684/5551/1103 1682/5552/1103
f 1688/5553/1099 1689/5554/1099 1685/5555/1099 1684/5556/1099
f 1689/5557/1104 1687/5558/1104 1683/5559/1104 1685/5560/1104
usemtl mat13
f 1689/5542/1102 1688/5540/1102 1686/5529/1102 1687/5528/1102
usemtl mat17
f 1693/5561/1105 1692/5562/1105 1691/5563/1105 1690/5564/1105
f 1692/5565/1106 1695/5566/1106 1694/5567/1106 1691/5568/1106
f 1695/5569/1107 1697/5570/1107 1696/5571/1107 1694/5572/1107
f 1697/5573/1108 1699/5574/1108 1698/5575/1108 1696/5576/1108
f 1699/5577/1109 1693/5578/1109 1690/5579/1109 1698/5580/1109
f 1690/5581/1110 1691/5582/1110 1694/5583/1110 1696/5584/1110 1698/5585/1110
f 1699/5586/1111 1697/5587/1111 1695/5588/1111 1692/5589/1111 1693/5590/1111
f 1703/5591/1112 1702/5592/1112 1701/5593/1112 1700/5594/1112
f 1702/5595/1113 1705/5596/1113 1704/5597/1113 1701/5598/1113
f 1705/5599/1114 1707/5600/1114 1706/5601/1114 1704/5602/1114
f 1707/5603/1115 1709/5604/1115 1708/5605/1115 1706/5606/1115
f 1709/5607/1116 1703/5608/1116 1700/5609/1116 1708/5610/1116
f 1700/5611/1117 1701/5612/1117 1704/5613/1117 1706/5614/1117 1708/5615/1117
f 1709/5616/1118 1707/5617/1118 1705/5618/1118 1702/5619/1118 1703/5620/1118
f 1713/5621/1119 1712/5622/1119 1711/5623/1119 1710/5624/1119
f 1712/5625/1120 1715/5626/1120 1714/5627/1120 1711/5628/1120
f 1715/5629/1121 1717/5630/1121 1716/5631/1121 1714/5632/1121
f 1717/5633/1122 1719/5634/1122 1718/5635/1122 1716/5636/1122
f 1719/5637/1123 1713/5638/1123 1710/5639/1123 1718/5640/1123
f 1710/5641/1124 1711/5642/1124 1714/5643/1124 1716/5644/1124 1718/5645/1124
f 1719/5646/1125 1717/5647/1125 1715/5648/1125 1712/5649/1125 1713/5650/1125
f 1723/5651/1126 1722/5652/1126 1721/5653/1126 1720/5654/1126
f 1722/5655/1127 1725/5656/1127 1724/5657/1127 1721/5658/1127
f 1725/5659/1128 1727/5660/1128 1726/5661/1128 1724/5662/1128
f 1727/5663/1129 1729/5664/1129 1728/5665/1129 1726/5666/1129
f 1729/5667/1130 1723/5668/1130 1720/5669/1130 1728/5670/1130
f 1720/5671/1131 1721/5672/1131 1724/5673/1131 1726/5674/1131 1728/5675/1131
f 1729/5676/1132 1727/5677/1132 1725/5678/1132 1722/5679/1132 1723/5680/1132
o group737450562
v -0.699620 0.572537 0.373696
v -0.709724 0.566905 0.371601
v -0.716476 0.569594 0.352933
v -0.707251 0.576531 0.350701
v -0.707381 0.557690 0.364689
v -0.712820 0.558430 0.352480
v -0.695829 0.557626 0.362512
v -0.701336 0.558467 0.349968
v -0.691032 0.566802 0.368078
v -0.697894 0.569654 0.348868
v -0.695759 0.557012 0.362902
v -0.690141 0.558998 0.373036
v -0.707311 0.557076 0.365079
v -0.708833 0.559102 0.376559
v -0.698221 0.560290 0.381476
v -0.696928 0.544080 0.358920
v -0.691278 0.541676 0.368945
v -0.708477 0.543740 0.361087
v -0.709965 0.541125 0.372452
v -0.699336 0.539850 0.377308
v -0.707901 0.532039 0.343233
v -0.705140 0.528402 0.346934
v -0.713686 0.531464 0.344098
v -0.714501 0.527471 0.348334
v -0.709219 0.525579 0.350087
vn -0.5173 0.7989 0.3068
vn -0.8778 -0.3689 0.3056
vn -0.0130 -0.9982 -0.0580
vn 0.8845 -0.2753 -0.3766
vn 0.5580 0.8278 -0.0573
vn 0.1493 -0.5687 0.8089
vn -0.2135 -0.0303 -0.9765
vn 0.8744 -0.1851 -0.4485
vn -0.1585 -0.5422 -0.8252
vn -0.9796 -0.1748 -0.0990
vn -0.4161 0.4533 0.7883
vn 0.6793 0.4472 0.5819
vn 0.0280 -0.9838 0.1773
vn 0.8717 0.0632 -0.4859
vn -0.1797 0.3003 -0.9367
vn -0.9863 0.1053 -0.1272
vn -0.4126 -0.1687 0.8952
vn 0.7111 -0.1904 0.6769
vn -0.0137 -0.9741 -0.2259
vn 0.8452 -0.0350 -0.5333
vn -0.1391 0.8262 -0.5460
vn -0.9394 0.3427 0.0065
vn -0.3698 -0.7686 0.5220
vn 0.5190 -0.8278 0.2128
vn -0.0310 -0.7244 -0.6887
vt -0.045041 -0.025727
vt -0.044968 -0.026900
vt -0.046969 -0.027007
vt -0.047486 -0.025952
vt -0.031489 -0.062323
vt -0.031431 -0.063495
vt -0.032741 -0.063758
vt -0.033431 -0.062809
vt 0.042329 0.007679
vt 0.042510 0.008840
vt 0.043882 0.008899
vt 0.043666 0.007744
vt 0.043713 -0.052210
vt 0.043651 -0.051036
vt 0.045706 -0.051177
vt 0.045085 -0.052175
vt -0.052067 0.031067
vt -0.051673 0.029960
vt -0.054102 0.029607
vt -0.054106 0.030782
vt -0.029724 0.008026
vt -0.030105 0.006914
vt -0.031280 0.006932
vt -0.031626 0.008056
vt -0.030664 0.008732
vt 0.060997 -0.011832
vt 0.061851 -0.012640
vt 0.061347 -0.013702
vt 0.060181 -0.013551
vt 0.059965 -0.012395
vt 0.053021 -0.048560
vt 0.051925 -0.048987
vt 0.051876 -0.048933
vt 0.052391 -0.047877
vt 0.071399 -0.016192
vt 0.070880 -0.017247
vt 0.070814 -0.017215
vt 0.071333 -0.016160
vt 0.033386 -0.063177
vt 0.032547 -0.064000
vt 0.032182 -0.063146
vt 0.033357 -0.063110
vt -0.069129 -0.022869
vt -0.069910 -0.021990
vt -0.068630 -0.021292
vt -0.068314 -0.022424
vt -0.067437 -0.028168
vt -0.067839 -0.027063
vt -0.067059 -0.026558
vt -0.066214 -0.027375
vt 0.029487 0.014409
vt 0.028732 0.013507
vt 0.027642 0.013947
vt 0.027723 0.015120
vt 0.028863 0.015405
vt 0.062251 -0.041660
vt 0.061094 -0.041869
vt 0.060983 -0.040515
vt 0.061983 -0.039897
vt 0.050151 -0.002640
vt 0.049739 -0.003740
vt 0.048461 -0.003176
vt 0.048909 -0.002090
vt 0.012657 -0.064990
vt 0.011929 -0.065913
vt 0.010489 -0.064756
vt 0.011516 -0.064184
vt -0.066581 0.006345
vt -0.067204 0.007342
vt -0.065460 0.008493
vt -0.065056 0.007389
vt -0.039958 -0.036229
vt -0.040412 -0.035145
vt -0.038789 -0.034405
vt -0.038071 -0.035335
vt 0.054290 0.001049
vt 0.053387 0.000295
vt 0.052392 0.000921
vt 0.052679 0.002061
vt 0.053852 0.002140
vt 0.061411 -0.042167
vt 0.060845 -0.042017
vt 0.062121 -0.040151
vt 0.063272 -0.039917
vt 0.007396 0.012381
vt 0.007367 0.011794
vt 0.005263 0.012279
vt 0.005401 0.013446
vt -0.009452 -0.060370
vt -0.009681 -0.060908
vt -0.012465 -0.060548
vt -0.011541 -0.059824
vt -0.007413 0.046360
vt -0.007362 0.046944
vt -0.004288 0.047928
vt -0.004641 0.046807
vt 0.012620 -0.020028
vt 0.012490 -0.019462
vt 0.015203 -0.018387
vt 0.015787 -0.019404
vt 0.069657 -0.015556
vt 0.069163 -0.015875
vt 0.068707 -0.015503
vt 0.068920 -0.014955
vt 0.069506 -0.014988
s 1
usemtl mat21
f 1733/5681/1133 1732/5682/1133 1731/5683/1133 1730/5684/1133
f 1732/5685/1134 1735/5686/1134 1734/5687/1134 1731/5688/1134
f 1735/5689/1135 1737/5690/1135 1736/5691/1135 1734/5692/1135
f 1737/5693/1136 1739/5694/1136 1738/5695/1136 1736/5696/1136
f 1739/5697/1137 1733/5698/1137 1730/5699/1137 1738/5700/1137
f 1730/5701/1138 1731/5702/1138 1734/5703/1138 1736/5704/1138 1738/5705/1138
f 1739/5706/1139 1737/5707/1139 1735/5708/1139 1732/5709/1139 1733/5710/1139
f 1741/5711/1140 1740/5712/1140 1736/5713/1140 1738/5714/1140
f 1740/5715/1141 1742/5716/1141 1734/5717/1141 1736/5718/1141
f 1742/5719/1142 1743/5720/1142 1731/5721/1142 1734/5722/1142
f 1743/5723/1143 1744/5724/1143 1730/5725/1143 1731/5726/1143
f 1744/5727/1144 1741/5728/1144 1738/5729/1144 1730/5730/1144
f 1744/5731/1145 1743/5732/1145 1742/5733/1145 1740/5734/1145 1741/5735/1145
f 1746/5736/1146 1745/5737/1146 1740/5738/1146 1741/5739/1146
f 1745/5740/1147 1747/5741/1147 1742/5742/1147 1740/5743/1147
f 1747/5744/1148 1748/5745/1148 1743/5746/1148 1742/5747/1148
f 1748/5748/1149 1749/5749/1149 1744/5750/1149 1743/5751/1149
f 1749/5752/1150 1746/5753/1150 1741/5754/1150 1744/5755/1150
f 1749/5756/1151 1748/5757/1151 1747/5758/1151 1745/5759/1151 1746/5760/1151
f 1751/5761/1152 1750/5762/1152 1745/5763/1152 1746/5764/1152
f 1750/5765/1153 1752/5766/1153 1747/5767/1153 1745/5768/1153
f 1752/5769/1154 1753/5770/1154 1748/5771/1154 1747/5772/1154
f 1753/5773/1155 1754/5774/1155 1749/5775/1155 1748/5776/1155
f 1754/5777/1156 1751/5778/1156 1746/5779/1156 1749/5780/1156
f 1754/5781/1157 1753/5782/1157 1752/5783/1157 1750/5784/1157 1751/5785/1157
o group75623182
v 0.349210 1.089999 -1.955879
v 0.361332 1.089999 -1.940724
v 0.361332 1.019999 -1.940724
v 0.349210 1.019999 -1.955879
v 0.379492 1.089999 -1.947570
v 0.379492 1.019999 -1.947570
v 0.378592 1.089999 -1.966956
v 0.378592 1.019999 -1.966956
v 0.359877 1.089999 -1.972091
v 0.359877 1.019999 -1.972091
vn -0.7809 -0.0000 0.6246
vn 0.3528 -0.0000 0.9357
vn 0.9989 -0.0000 -0.0464
vn 0.2646 -0.0000 -0.9644
vn -0.8354 -0.0000 -0.5497
vn -0.0000 1.0000 -0.0000
vn -0.0000 -1.0000 -0.0000
vt 0.053220 -0.053826
vt 0.051624 -0.052722
vt 0.055606 -0.046965
vt 0.057202 -0.048069
vt -0.093618 0.165928
vt -0.094445 0.167683
vt -0.088112 0.170666
vt -0.087285 0.168910
vt -0.169211 0.088566
vt -0.170860 0.089590
vt -0.167168 0.095537
vt -0.165519 0.094513
vt 0.048827 0.056852
vt 0.047860 0.055170
vt 0.041791 0.058658
vt 0.042758 0.060341
vt 0.132595 0.197316
vt 0.131609 0.195645
vt 0.125579 0.199200
vt 0.126565 0.200872
vt 0.143052 0.186925
vt 0.141217 0.187557
vt 0.141251 0.189497
vt 0.143107 0.190064
vt 0.144220 0.188474
vt -0.144220 0.188474
vt -0.143107 0.190064
vt -0.141251 0.189497
vt -0.141217 0.187557
vt -0.143052 0.186925
s 1
usemtl mat15
f 1758/5786/1158 1757/5787/1158 1756/5788/1158 1755/5789/1158
f 1757/5790/1159 1760/5791/1159 1759/5792/1159 1756/5793/1159
f 1760/5794/1160 1762/5795/1160 1761/5796/1160 1759/5797/1160
f 1762/5798/1161 1764/5799/1161 1763/5800/1161 1761/5801/1161
f 1764/5802/1162 1758/5803/1162 1755/5804/1162 1763/5805/1162
f 1755/5806/1163 1756/5807/1163 1759/5808/1163 1761/5809/1163 1763/5810/1163
f 1764/5811/1164 1762/5812/1164 1760/5813/1164 1757/5814/1164 1758/5815/1164
o group8093476
v -0.850000 1.044999 -1.275000
v -0.850000 1.114999 -1.275000
v -0.850000 1.114999 -1.285000
v -0.850000 1.044999 -1.285000
v -0.870000 1.044999 -1.275000
v -0.870000 1.044999 -1.285000
v -0.870000 1.114999 -1.285000
v -0.870000 1.114999 -1.275000
vn 1.0000 -0.0000 -0.0000
vn -1.0000 -0.0000 -0.0000
vn -0.0000 -0.0000 1.0000
vn -0.0000 -0.0000 -1.0000
vn -0.0000 -1.0000 -0.0000
vn -0.0000 1.0000 -0.0000
vt -0.112876 0.066494
vt -0.108808 0.072190
vt -0.107994 0.071609
vt -0.112063 0.065912
vt 0.107994 0.071609
vt 0.108808 0.072190
vt 0.112876 0.066494
vt 0.112063 0.065912
vt -0.007603 0.005143
vt -0.006708 0.003354
vt -0.012969 0.000224
vt -0.013864 0.002012
vt 0.012969 0.000224
vt 0.006708 0.003354
vt 0.007603 0.005143
vt 0.013864 0.002012
vt -0.119938 0.049206
vt -0.120879 0.049542
vt -0.120207 0.051426
vt -0.119265 0.051090
vt 0.120207 0.051426
vt 0.120879 0.049542
vt 0.119938 0.049206
vt 0.119265 0.051090
s 1
usemtl mat20
f 1768/5816/1165 1767/5817/1165 1766/5818/1165 1765/5819/1165
f 1772/5820/1166 1771/5821/1166 1770/5822/1166 1769/5823/1166
f 1766/5824/1167 1772/5825/1167 1769/5826/1167 1765/5827/1167
f 1770/5828/1168 1771/5829/1168 1767/5830/1168 1768/5831/1168
f 1769/5832/1169 1770/5833/1169 1768/5834/1169 1765/5835/1169
f 1767/5836/1170 1771/5837/1170 1772/5838/1170 1766/5839/1170
o group864671905
v -1.225000 1.019999 0.375000
v -1.225000 1.319999 0.375000
v -1.185000 1.319999 0.375000
v -1.185000 1.019999 0.375000
v -1.225000 1.019999 0.045000
v -1.185000 1.019999 0.045000
v -1.185000 1.319999 0.045000
v -1.225000 1.319999 0.045000
v -1.185000 1.268414 0.318256
v -1.185000 1.071584 0.318256
v -1.185000 1.268414 0.101743
v -1.185000 1.071584 0.101743
v -1.205000 1.268414 0.318256
v -1.205000 1.071584 0.318256
v -1.205000 1.268414 0.101743
v -1.205000 1.268414 0.210000
v -1.205000 1.071584 0.101743
v -1.205000 1.071584 0.210000
v -1.169434 1.308128 0.204084
v -1.167699 1.300741 0.213062
v -1.182183 1.299491 0.215311
v -1.184112 1.306847 0.206347
v -1.166633 1.289885 0.208681
v -1.180467 1.288738 0.210881
v -1.167710 1.290562 0.196994
v -1.181335 1.289448 0.199179
v -1.169441 1.301837 0.194153
v -1.183588 1.300640 0.196377
v -1.203665 1.217052 0.145473
v -1.202973 1.211401 0.174928
v -1.207971 1.211305 0.175027
v -1.208663 1.216956 0.145572
v -1.202235 1.183064 0.184751
v -1.207233 1.182968 0.184851
v -1.202189 1.160379 0.165120
v -1.207187 1.160283 0.165219
v -1.202882 1.166031 0.135665
v -1.207880 1.165935 0.135764
v -1.203620 1.194367 0.125842
v -1.208618 1.194271 0.125941
v -1.201756 1.150558 0.261448
v -1.201946 1.139302 0.289255
v -1.206945 1.139212 0.289185
v -1.206755 1.150468 0.261377
v -1.201472 1.109596 0.293416
v -1.206470 1.109506 0.293346
v -1.200808 1.091146 0.269770
v -1.205806 1.091056 0.269699
v -1.200618 1.102402 0.241962
v -1.205617 1.102312 0.241892
v -1.201092 1.132108 0.237801
v -1.206091 1.132019 0.237731
vn -0.0000 -0.0000 1.0000
vn -0.0000 -0.0000 -1.0000
vn -1.0000 -0.0000 -0.0000
vn 1.0000 -0.0000 -0.0000
vn -0.0000 -1.0000 -0.0000
vn -0.0000 1.0000 -0.0000
vn -0.0151 0.9819 0.1887
vn 0.0125 0.3278 0.9447
vn 0.0276 -0.6541 0.7559
vn 0.0151 -0.9819 -0.1888
vn -0.0124 -0.3278 -0.9447
vn -0.0275 0.6541 -0.7559
vn 0.9996 0.0192 -0.0198
vn -0.9996 -0.0192 0.0198
vn -0.0220 0.9268 0.3750
vn -0.0164 0.1384 0.9902
vn 0.0055 -0.7883 0.6152
vn 0.0220 -0.9268 -0.3750
vn 0.0163 -0.1384 -0.9902
vn -0.0054 0.7883 -0.6152
vn 0.9997 0.0179 0.0141
vn -0.9997 -0.0179 -0.0141
vn 0.0303 0.7753 0.6309
vn 0.1743 -0.3525 0.9195
vn 0.0716 -0.9953 -0.0650
vn -0.1299 -0.2631 -0.9560
vn -0.1540 0.8349 -0.5283
vn 0.9879 0.1307 -0.0834
vn -0.9813 -0.1821 0.0618
vt -0.001118 -0.029069
vt 0.025715 -0.015652
vt 0.027504 -0.019230
vt 0.000671 -0.032647
vt -0.027504 -0.019230
vt -0.025715 -0.015652
vt 0.001118 -0.029069
vt -0.000671 -0.032647
vt -0.038187 -0.007614
vt -0.011334 0.011567
vt 0.006103 -0.012845
vt -0.020750 -0.032026
vt 0.019131 -0.024530
vt 0.030572 -0.008514
vt 0.038187 -0.007614
vt 0.020750 -0.032026
vt -0.007568 -0.028622
vt -0.006222 -0.024855
vt 0.024855 -0.035954
vt 0.023510 -0.039721
vt -0.024855 -0.035954
vt 0.006222 -0.024855
vt 0.007568 -0.028622
vt -0.023510 -0.039721
vt 0.012953 0.004071
vt 0.011334 0.011567
vt 0.001513 -0.011946
vt -0.006103 -0.012845
vt -0.004390 -0.028551
vt -0.021995 -0.019748
vt -0.021101 -0.017959
vt -0.003496 -0.026762
vt 0.018839 -0.035929
vt 0.008644 -0.032288
vt -0.001551 -0.028647
vt -0.000878 -0.026764
vt 0.019511 -0.034046
vt 0.021995 -0.019748
vt 0.004390 -0.028551
vt 0.003496 -0.026762
vt 0.021101 -0.017959
vt 0.001551 -0.028647
vt -0.008644 -0.032288
vt -0.018839 -0.035929
vt -0.019511 -0.034046
vt 0.000878 -0.026764
vt 0.010322 -0.018238
vt 0.021762 -0.002221
vt 0.000929 -0.029925
vt -0.001842 -0.031075
vt -0.002034 -0.030613
vt 0.000737 -0.029463
vt 0.013993 -0.024252
vt 0.011370 -0.025709
vt 0.011127 -0.025272
vt 0.013750 -0.023815
vt 0.016341 -0.025974
vt 0.013370 -0.026391
vt 0.013301 -0.025896
vt 0.016271 -0.025479
vt 0.001842 -0.031075
vt -0.000929 -0.029925
vt -0.000737 -0.029463
vt 0.002034 -0.030613
vt -0.011370 -0.025709
vt -0.013993 -0.024252
vt -0.013750 -0.023815
vt -0.011127 -0.025272
vt -0.013370 -0.026391
vt -0.016341 -0.025974
vt -0.016271 -0.025479
vt -0.013301 -0.025896
vt 0.013405 -0.001792
vt 0.015492 -0.003947
vt 0.014669 -0.006832
vt 0.011760 -0.007562
vt 0.009673 -0.005407
vt 0.010495 -0.002522
vt -0.010495 -0.002522
vt -0.009673 -0.005407
vt -0.011760 -0.007562
vt -0.014669 -0.006832
vt -0.015492 -0.003947
vt -0.013405 -0.001792
vt -0.007624 -0.034848
vt -0.010282 -0.036238
vt -0.010514 -0.035795
vt -0.007855 -0.034405
vt 0.008010 -0.026689
vt 0.005356 -0.028087
vt 0.005123 -0.027645
vt 0.007777 -0.026246
vt 0.019157 -0.027272
vt 0.016157 -0.027284
vt 0.016155 -0.026784
vt 0.019155 -0.026772
vt 0.010282 -0.036238
vt 0.007624 -0.034848
vt 0.007855 -0.034405
vt 0.010514 -0.035795
vt -0.005356 -0.028087
vt -0.008010 -0.026689
vt -0.007777 -0.026246
vt -0.005123 -0.027645
vt -0.016157 -0.027284
vt -0.019157 -0.027272
vt -0.019155 -0.026772
vt -0.016155 -0.026784
vt 0.019150 -0.015329
vt 0.020666 -0.017918
vt 0.019183 -0.020525
vt 0.016183 -0.020544
vt 0.014666 -0.017956
vt 0.016150 -0.015348
vt -0.016150 -0.015348
vt -0.014666 -0.017956
vt -0.016183 -0.020544
vt -0.019183 -0.020525
vt -0.020666 -0.017918
vt -0.019150 -0.015329
vt 0.008905 -0.025077
vt 0.007810 -0.025505
vt 0.007286 -0.024130
vt 0.008373 -0.023684
vt 0.027258 -0.019857
vt 0.026097 -0.020041
vt 0.025701 -0.018692
vt 0.026850 -0.018443
vt 0.008578 -0.028857
vt 0.007450 -0.028524
vt 0.007721 -0.027167
vt 0.008855 -0.027479
vt -0.020324 -0.020222
vt -0.021440 -0.019851
vt -0.020889 -0.018524
vt -0.019791 -0.018944
vt -0.021629 -0.025379
vt -0.022801 -0.025469
vt -0.022725 -0.023980
vt -0.021550 -0.023944
vt 0.023870 0.004586
vt 0.024149 0.003444
vt 0.023150 0.002825
vt 0.022252 0.003585
vt 0.022698 0.004673
vt -0.024457 0.002358
vt -0.023881 0.001334
vt -0.024677 0.000469
vt -0.025746 0.000959
vt -0.025610 0.002127
s 1
usemtl mat19
f 1776/5840/1171 1775/5841/1171 1774/5842/1171 1773/5843/1171
f 1780/5844/1172 1779/5845/1172 1778/5846/1172 1777/5847/1172
f 1774/5848/1173 1780/5849/1173 1777/5850/1173 1773/5851/1173
f 1782/5852/1174 1781/5853/1174 1775/5854/1174 1776/5855/1174
f 1777/5856/1175 1778/5857/1175 1776/5858/1175 1773/5859/1175
f 1775/5860/1176 1779/5861/1176 1780/5862/1176 1774/5863/1176
f 1781/5853/1174 1783/5864/1174 1779/5865/1174 1775/5854/1174
f 1783/5864/1174 1784/5866/1174 1778/5867/1174 1779/5865/1174
f 1784/5866/1174 1782/5852/1174 1776/5855/1174 1778/5867/1174
f 1786/5868/1172 1785/5869/1172 1781/5870/1172 1782/5871/1172
f 1785/5872/1175 1788/5873/1175 1787/5874/1175 1783/5875/1175 1781/5876/1175
f 1787/5877/1171 1789/5878/1171 1784/5879/1171 1783/5880/1171
f 1789/5881/1176 1790/5882/1176 1786/5883/1176 1782/5884/1176 1784/5885/1176
usemtl mat12
f 1790/5886/1174 1788/5887/1174 1785/5853/1174 1786/5852/1174
f 1804/5888/1177 1803/5889/1177 1802/5890/1177 1801/5891/1177
f 1803/5892/1178 1806/5893/1178 1805/5894/1178 1802/5895/1178
f 1806/5896/1179 1808/5897/1179 1807/5898/1179 1805/5899/1179
f 1808/5900/1180 1810/5901/1180 1809/5902/1180 1807/5903/1180
f 1810/5904/1181 1812/5905/1181 1811/5906/1181 1809/5907/1181
f 1812/5908/1182 1804/5909/1182 1801/5910/1182 1811/5911/1182
f 1801/5912/1183 1802/5913/1183 1805/5914/1183 1807/5915/1183 1809/5916/1183 1811/5917/1183
f 1812/5918/1184 1810/5919/1184 1808/5920/1184 1806/5921/1184 1803/5922/1184 1804/5923/1184
usemtl mat2
f 1790/5886/1174 1789/5866/1174 1787/5864/1174 1788/5887/1174
f 1816/5924/1185 1815/5925/1185 1814/5926/1185 1813/5927/1185
f 1815/5928/1186 1818/5929/1186 1817/5930/1186 1814/5931/1186
f 1818/5932/1187 1820/5933/1187 1819/5934/1187 1817/5935/1187
f 1820/5936/1188 1822/5937/1188 1821/5938/1188 1819/5939/1188
f 1822/5940/1189 1824/5941/1189 1823/5942/1189 1821/5943/1189
f 1824/5944/1190 1816/5945/1190 1813/5946/1190 1823/5947/1190
f 1813/5948/1191 1814/5949/1191 1817/5950/1191 1819/5951/1191 1821/5952/1191 1823/5953/1191
f 1824/5954/1192 1822/5955/1192 1820/5956/1192 1818/5957/1192 1815/5958/1192 1816/5959/1192
usemtl mat17
f 1794/5960/1193 1793/5961/1193 1792/5962/1193 1791/5963/1193
f 1793/5964/1194 1796/5965/1194 1795/5966/1194 1792/5967/1194
f 1796/5968/1195 1798/5969/1195 1797/5970/1195 1795/5971/1195
f 1798/5972/1196 1800/5973/1196 1799/5974/1196 1797/5975/1196
f 1800/5976/1197 1794/5977/1197 1791/5978/1197 1799/5979/1197
f 1791/5980/1198 1792/5981/1198 1795/5982/1198 1797/5983/1198 1799/5984/1198
f 1800/5985/1199 1798/5986/1199 1796/5987/1199 1793/5988/1199 1794/5989/1199
o group866233314
v -1.225000 0.379999 1.195000
v -1.225000 0.779999 1.195000
v -1.185000 0.779999 1.195000
v -1.185000 0.379999 1.195000
v -1.225000 0.379999 0.865000
v -1.185000 0.379999 0.865000
v -1.185000 0.779999 0.865000
v -1.225000 0.779999 0.865000
v -1.185000 0.728414 1.138256
v -1.185000 0.431584 1.138256
v -1.185000 0.728414 0.921744
v -1.185000 0.431584 0.921744
v -1.205000 0.728414 1.138256
v -1.205000 0.431584 1.138256
v -1.205000 0.728414 0.921744
v -1.205000 0.431584 0.921744
v -1.178654 0.769253 1.035265
v -1.177757 0.761955 1.044437
v -1.193311 0.758570 1.043891
v -1.194473 0.765807 1.034701
v -1.175389 0.751206 1.040309
v -1.190237 0.747982 1.039811
v -1.174823 0.751861 1.028585
v -1.189499 0.748676 1.028099
v -1.176841 0.763015 1.025468
v -1.192117 0.759693 1.024940
vn -0.0000 -0.0000 1.0000
vn -0.0000 -0.0000 -1.0000
vn -1.0000 -0.0000 -0.0000
vn 1.0000 -0.0000 -0.0000
vn -0.0000 -1.0000 -0.0000
vn -0.0000 1.0000 -0.0000
vn -0.1875 0.7598 0.6225
vn 0.0437 -0.3490 0.9361
vn 0.2133 -0.9760 -0.0443
vn 0.0878 -0.2543 -0.9631
vn -0.1589 0.8191 -0.5512
vn 0.9794 0.1934 0.0581
vn -0.9650 -0.2510 -0.0757
vt -0.058361 -0.057691
vt -0.022584 -0.039802
vt -0.020795 -0.043380
vt -0.056573 -0.061268
vt 0.020795 -0.043380
vt 0.022584 -0.039802
vt 0.058361 -0.057691
vt 0.056573 -0.061268
vt -0.073527 -0.099217
vt -0.046673 -0.080037
vt -0.023424 -0.112586
vt -0.050277 -0.131767
vt 0.048658 -0.124271
vt 0.065911 -0.100117
vt 0.073527 -0.099217
vt 0.050277 -0.131767
vt 0.069655 -0.056202
vt 0.071001 -0.052435
vt 0.102078 -0.063534
vt 0.100733 -0.067301
vt -0.102078 -0.063534
vt -0.071001 -0.052435
vt -0.069655 -0.056202
vt -0.100733 -0.067301
vt 0.048293 -0.087532
vt 0.046673 -0.080037
vt 0.048292 -0.087532
vt 0.031040 -0.111686
vt 0.023424 -0.112586
vt 0.052853 -0.057172
vt 0.026304 -0.043898
vt 0.027198 -0.042109
vt 0.053747 -0.055384
vt 0.096062 -0.063509
vt 0.075672 -0.056227
vt 0.076344 -0.054343
vt 0.096734 -0.061625
vt -0.026304 -0.043898
vt -0.052853 -0.057172
vt -0.053747 -0.055384
vt -0.027198 -0.042109
vt -0.075672 -0.056227
vt -0.096062 -0.063509
vt -0.096734 -0.061625
vt -0.076344 -0.054343
vt -0.079350 -0.069252
vt -0.080419 -0.069741
vt -0.081071 -0.068288
vt -0.080014 -0.067774
vt 0.008174 -0.030077
vt 0.007001 -0.030147
vt 0.006829 -0.028636
vt 0.007996 -0.028494
vt 0.086869 -0.065728
vt 0.085788 -0.065268
vt 0.086318 -0.063862
vt 0.087406 -0.064306
vt 0.047228 -0.048902
vt 0.046107 -0.048548
vt 0.046619 -0.047070
vt 0.047720 -0.047482
vt -0.060381 -0.041031
vt -0.061529 -0.041288
vt -0.061793 -0.039690
vt -0.060635 -0.039488
vt 0.032287 -0.103602
vt 0.032220 -0.104776
vt 0.031083 -0.105074
vt 0.030448 -0.104085
vt 0.031192 -0.103175
vt -0.019693 -0.105978
vt -0.018840 -0.106787
vt -0.019346 -0.107848
vt -0.020512 -0.107695
vt -0.020726 -0.106539
s 1
usemtl mat19
f 1828/5990/1200 1827/5991/1200 1826/5992/1200 1825/5993/1200
f 1832/5994/1201 1831/5995/1201 1830/5996/1201 1829/5997/1201
f 1826/5998/1202 1832/5999/1202 1829/6000/1202 1825/6001/1202
f 1834/6002/1203 1833/6003/1203 1827/6004/1203 1828/6005/1203
f 1829/6006/1204 1830/6007/1204 1828/6008/1204 1825/6009/1204
f 1827/6010/1205 1831/6011/1205 1832/6012/1205 1826/6013/1205
f 1833/6003/1203 1835/6014/1203 1831/6015/1203 1827/6004/1203
f 1835/6016/1203 1836/6017/1203 1830/6018/1203 1831/6015/1203
f 1836/6017/1203 1834/6002/1203 1828/6005/1203 1830/6018/1203
f 1838/6019/1201 1837/6020/1201 1833/6021/1201 1834/6022/1201
f 1837/6023/1204 1839/6024/1204 1835/6025/1204 1833/6026/1204
f 1839/6027/1200 1840/6028/1200 1836/6029/1200 1835/6030/1200
f 1840/6031/1205 1838/6032/1205 1834/6033/1205 1836/6034/1205
usemtl mat11
f 1840/6017/1203 1839/6016/1203 1837/6003/1203 1838/6002/1203
usemtl mat17
f 1844/6035/1206 1843/6036/1206 1842/6037/1206 1841/6038/1206
f 1843/6039/1207 1846/6040/1207 1845/6041/1207 1842/6042/1207
f 1846/6043/1208 1848/6044/1208 1847/6045/1208 1845/6046/1208
f 1848/6047/1209 1850/6048/1209 1849/6049/1209 1847/6050/1209
f 1850/6051/1210 1844/6052/1210 1841/6053/1210 1849/6054/1210
f 1841/6055/1211 1842/6056/1211 1845/6057/1211 1847/6058/1211 1849/6059/1211
f 1850/6060/1212 1848/6061/1212 1846/6062/1212 1843/6063/1212 1844/6064/1212
o group878316936
v 0.130000 0.120000 -2.050000
v 0.130000 0.120000 -1.930000
v 0.130001 0.450000 -1.930000
v 0.130001 0.450000 -2.050001
v -0.360000 0.120001 -2.050000
v -0.359999 0.450001 -2.050001
v -0.359999 0.450000 -1.930001
v -0.360000 0.120001 -1.930001
v 0.130000 1.320001 -2.050000
v 0.130000 1.320001 -1.930000
v 0.130001 1.570000 -1.930000
v 0.130001 1.570000 -2.050000
v -0.369999 1.320001 -2.050000
v -0.369999 1.570000 -2.050001
v -0.369999 1.570000 -1.930000
v -0.369999 1.320001 -1.930000
v -0.360002 0.119999 -2.050002
v -0.360002 0.119999 -1.930003
v -0.360001 1.569999 -1.930003
v -0.360001 1.569999 -2.050002
v -1.220000 0.120000 -2.050000
v -1.220000 1.570000 -2.050000
v -1.220000 1.570000 -1.930000
v -1.220001 0.120000 -1.930000
v 0.870000 1.210001 -2.050000
v 0.870000 1.210001 -1.930000
v 0.870001 1.570000 -1.930001
v 0.870001 1.570000 -2.050001
v 0.360000 1.210001 -2.050001
v 0.360001 1.570001 -2.050001
v 0.360000 1.570000 -1.930001
v 0.360000 1.210001 -1.930001
v 1.339999 0.120000 -2.050000
v 1.339999 0.120000 -1.930000
v 1.340000 1.570000 -1.930000
v 1.340000 1.570000 -2.050000
v 0.869999 0.120000 -2.050000
v 0.870000 1.570000 -2.050000
v 0.870000 1.570000 -1.930000
v 0.869999 0.120000 -1.930000
v -1.200000 1.429999 -1.930000
v -1.200000 1.569999 -1.930000
v -1.200000 1.569999 -1.910000
v -1.200000 1.429999 -1.910000
v 1.340001 1.429999 -1.930001
v 1.340001 1.429999 -1.910001
v 1.340001 1.569999 -1.910001
v 1.340001 1.569999 -1.930001
v 0.360000 0.120000 -2.050000
v 0.360000 0.120000 -1.930000
v 0.360000 1.569999 -1.930000
v 0.360000 1.569999 -2.050000
v 0.130001 0.120000 -2.049997
v 0.130002 1.569999 -2.049997
v 0.130001 1.569999 -1.929997
v 0.130001 0.120000 -1.929997
vn 1.0000 -0.0000 -0.0000
vn -1.0000 -0.0000 -0.0000
vn -0.0000 -1.0000 -0.0000
vn -0.0000 1.0000 -0.0000
vn -0.0000 -0.0000 -1.0000
vn -0.0000 -0.0000 1.0000
vt -0.209711 0.062541
vt -0.199946 0.055566
vt -0.219127 0.028713
vt -0.228892 0.035688
vt 0.219127 0.028713
vt 0.199946 0.055566
vt 0.209711 0.062541
vt 0.228892 0.035687
vt -0.147988 0.165410
vt -0.164468 0.119265
vt -0.175769 0.123301
vt -0.159289 0.169446
vt 0.175769 0.123301
vt 0.164468 0.119265
vt 0.147988 0.165410
vt 0.159289 0.169446
vt 0.118511 0.004472
vt 0.088995 0.019230
vt 0.110908 0.063057
vt 0.140425 0.048299
vt -0.110909 0.063057
vt -0.088995 0.019230
vt -0.118511 0.004472
vt -0.140425 0.048299
vt -0.144612 0.153679
vt -0.134847 0.146705
vt -0.149378 0.126361
vt -0.159143 0.133336
vt 0.149378 0.126361
vt 0.134847 0.146705
vt 0.144612 0.153679
vt 0.159143 0.133336
vt -0.164805 0.118323
vt -0.176106 0.122359
vt 0.176106 0.122359
vt 0.164805 0.118323
vt 0.010733 0.057243
vt -0.011628 0.068424
vt 0.010733 0.113145
vt 0.033093 0.101965
vt -0.010733 0.113145
vt 0.011628 0.068424
vt -0.010733 0.057243
vt -0.033094 0.101965
vt -0.144612 0.153680
vt -0.134848 0.146705
vt 0.219127 0.028714
vt 0.144612 0.153680
vt 0.228892 0.035689
vt -0.164469 0.119265
vt -0.193393 0.038275
vt -0.204694 0.042311
vt -0.175770 0.123301
vt 0.204694 0.042311
vt 0.193393 0.038275
vt 0.164469 0.119265
vt 0.175770 0.123301
vt 0.080051 -0.072448
vt -0.049640 -0.007602
vt -0.011180 0.069319
vt 0.118512 0.004473
vt 0.011180 0.069319
vt 0.049640 -0.007602
vt -0.080051 -0.072448
vt -0.118512 0.004473
vt -0.155772 0.117410
vt -0.165537 0.124385
vt 0.155772 0.117410
vt 0.165537 0.124385
vt -0.123099 0.235099
vt -0.140252 0.187070
vt -0.151553 0.191106
vt -0.134400 0.239135
vt 0.151553 0.191106
vt 0.140252 0.187071
vt 0.123099 0.235099
vt 0.134400 0.239135
vt 0.053218 0.117617
vt 0.021019 0.133717
vt 0.043827 0.179333
vt 0.076026 0.163233
vt -0.043827 0.179333
vt -0.021019 0.133717
vt -0.053218 0.117617
vt -0.076026 0.163233
vt 0.228892 0.035688
vt -0.107291 0.279361
vt -0.118592 0.283397
vt 0.107291 0.279361
vt 0.118592 0.283397
vt 0.173519 0.114487
vt 0.064846 0.221371
vt 0.194538 0.156525
vt -0.064846 0.221371
vt -0.173519 0.114487
vt -0.194538 0.156525
vt 0.228891 0.035689
vt 0.140252 0.187070
vt 0.140426 0.048301
vt 0.010734 0.113147
vt 0.021020 0.133719
vt 0.150712 0.068873
vt -0.021020 0.133719
vt -0.010734 0.113147
vt -0.140426 0.048301
vt -0.150712 0.068873
vt 0.141359 0.134148
vt 0.133222 0.145541
vt 0.134849 0.146703
vt 0.142986 0.135311
vt -0.133220 0.145543
vt -0.141357 0.134151
vt -0.142985 0.135313
vt -0.048746 -0.005814
vt 0.077368 0.215110
vt -0.036224 -0.012075
vt -0.077368 0.215110
vt 0.048746 -0.005814
vt 0.036224 -0.012075
vt -0.105408 0.278688
vt -0.190837 0.039486
vt -0.192721 0.040159
vt 0.190837 0.039486
vt 0.105408 0.278688
vt 0.192721 0.040159
s 1
usemtl mat9
f 1854/6065/1213 1853/6066/1213 1852/6067/1213 1851/6068/1213
f 1858/6069/1214 1857/6070/1214 1856/6071/1214 1855/6072/1214
f 1852/6073/1215 1858/6074/1215 1855/6075/1215 1851/6076/1215
f 1856/6077/1216 1857/6078/1216 1853/6079/1216 1854/6080/1216
f 1855/6081/1217 1856/6082/1217 1854/6083/1217 1851/6084/1217
f 1853/6085/1218 1857/6086/1218 1858/6087/1218 1852/6088/1218
f 1862/6089/1213 1861/6090/1213 1860/6091/1213 1859/6092/1213
f 1866/6093/1214 1865/6094/1214 1864/6095/1214 1863/6096/1214
f 1860/6073/1215 1866/6097/1215 1863/6098/1215 1859/6076/1215
f 1864/6099/1216 1865/6100/1216 1861/6079/1216 1862/6080/1216
f 1863/6101/1217 1864/6102/1217 1862/6103/1217 1859/6104/1217
f 1861/6105/1218 1865/6106/1218 1866/6107/1218 1860/6108/1218
f 1870/6109/1213 1869/6110/1213 1868/6067/1213 1867/6068/1213
f 1874/6111/1214 1873/6094/1214 1872/6112/1214 1871/6113/1214
f 1868/6114/1215 1874/6115/1215 1871/6116/1215 1867/6117/1215
f 1872/6118/1216 1873/6119/1216 1869/6120/1216 1870/6121/1216
f 1871/6122/1217 1872/6123/1217 1870/6124/1217 1867/6125/1217
f 1869/6126/1218 1873/6127/1218 1874/6128/1218 1868/6129/1218
f 1878/6109/1213 1877/6090/1213 1876/6130/1213 1875/6131/1213
f 1882/6132/1214 1881/6094/1214 1880/6112/1214 1879/6133/1214
f 1876/6134/1215 1882/6135/1215 1879/6136/1215 1875/6137/1215
f 1880/6138/1216 1881/6139/1216 1877/6140/1216 1878/6141/1216
f 1879/6142/1217 1880/6143/1217 1878/6144/1217 1875/6145/1217
f 1877/6146/1218 1881/6147/1218 1882/6148/1218 1876/6149/1218
f 1886/6109/1213 1885/6090/1213 1884/6067/1213 1883/6068/1213
f 1890/6069/1214 1889/6094/1214 1888/6112/1214 1887/6150/1214
f 1884/6151/1215 1890/6134/1215 1887/6137/1215 1883/6152/1215
f 1888/6141/1216 1889/6140/1216 1885/6153/1216 1886/6154/1216
f 1887/6155/1217 1888/6144/1217 1886/6156/1217 1883/6157/1217
f 1885/6158/1218 1889/6146/1218 1890/6159/1218 1884/6160/1218
f 1902/6109/1213 1901/6090/1213 1900/6067/1213 1899/6068/1213
f 1906/6111/1214 1905/6094/1214 1904/6112/1214 1903/6161/1214
f 1900/6135/1215 1906/6073/1215 1903/6076/1215 1899/6136/1215
f 1904/6080/1216 1905/6079/1216 1901/6162/1216 1902/6138/1216
f 1903/6163/1217 1904/6164/1217 1902/6165/1217 1899/6166/1217
f 1901/6167/1218 1905/6168/1218 1906/6169/1218 1900/6170/1218
usemtl mat18
f 1894/6171/1214 1893/6172/1214 1892/6173/1214 1891/6174/1214
f 1898/6090/1213 1897/6175/1213 1896/6176/1213 1895/6177/1213
f 1892/6178/1217 1898/6156/1217 1895/6179/1217 1891/6180/1217
f 1896/6181/1218 1897/6158/1218 1893/6182/1218 1894/6183/1218
f 1895/6151/1215 1896/6184/1215 1894/6185/1215 1891/6186/1215
f 1893/6187/1216 1897/6188/1216 1898/6153/1216 1892/6189/1216
o group886185129
v 0.925000 0.119999 -1.875000
v 0.315000 0.119999 -1.875000
v 0.315000 0.139999 -1.875000
v 0.925000 0.139999 -1.875000
v 0.925000 0.119999 -2.055000
v 0.925000 0.139999 -2.055000
v 0.315000 0.139999 -2.055000
v 0.315000 0.119999 -2.055000
vn -0.0000 -0.0000 1.0000
vn -0.0000 -0.0000 -1.0000
vn -0.0000 -1.0000 -0.0000
vn -0.0000 1.0000 -0.0000
vn 1.0000 -0.0000 -0.0000
vn -1.0000 -0.0000 -0.0000
vt -0.174190 0.120301
vt -0.146910 0.065740
vt -0.148698 0.064846
vt -0.175979 0.119406
vt 0.148698 0.064846
vt 0.146910 0.065740
vt 0.174190 0.120301
vt 0.175978 0.119406
vt -0.136586 0.180983
vt -0.153538 0.187037
vt -0.133021 0.244483
vt -0.116070 0.238429
vt 0.133021 0.244483
vt 0.153538 0.187037
vt 0.136586 0.180983
vt 0.116070 0.238429
vt -0.229299 0.035979
vt -0.228136 0.037606
vt -0.213489 0.027144
vt -0.214651 0.025517
vt 0.213489 0.027143
vt 0.228136 0.037606
vt 0.229298 0.035978
vt 0.214651 0.025516
s 1
usemtl mat17
f 1910/6190/1219 1909/6191/1219 1908/6192/1219 1907/6193/1219
f 1914/6194/1220 1913/6195/1220 1912/6196/1220 1911/6197/1220
f 1908/6198/1221 1914/6199/1221 1911/6200/1221 1907/6201/1221
f 1912/6202/1222 1913/6203/1222 1909/6204/1222 1910/6205/1222
f 1911/6206/1223 1912/6207/1223 1910/6208/1223 1907/6209/1223
f 1909/6210/1224 1913/6211/1224 1914/6212/1224 1908/6213/1224
